Window,Mean Valence,Max Valence,Min Valence,Median Valence,Mean Arousal,Max Arousal,Min Arousal,Median Arousal
1,6.8397960199005,6.859,6.642,6.849,5.650771144278606,5.785,5.583,5.672
2,6.131343283582089,6.189,6.055,6.145,5.898437810945272,6.008,5.756,5.905
3,6.522174999999997,6.535,6.293,6.535,5.87338,5.885,5.783,5.885
