Window,Mean Valence,Max Valence,Min Valence,Median Valence,Mean Arousal,Max Arousal,Min Arousal,Median Arousal
1,5.32539303482587,6.569,5.047,5.048,5.930845771144281,6.008,5.647,5.953
2,6.969999999999999,7.115,6.624,6.907,5.649029850746269,5.741,5.539,5.663
3,6.8587114427860705,6.907,6.624,6.884,5.550517412935323,5.663,5.539,5.539
