Window,Mean Valence,Max Valence,Min Valence,Median Valence,Mean Arousal,Max Arousal,Min Arousal,Median Arousal
1,7.444970149253733,8.588,7.224,7.224,6.2794427860696524,6.325,6.164,6.312
2,8.647860696517412,8.898,8.621,8.621,6.15279104477612,6.658,6.021,6.098
3,8.904716417910446,9.074,8.806,8.898,6.297059701492539,6.783,5.921,6.196
