Window,Mean Valence,Max Valence,Min Valence,Median Valence,Mean Arousal,Max Arousal,Min Arousal,Median Arousal
1,8.631134328358206,8.635,8.619,8.633,6.174353233830844,6.178,6.097,6.178
2,5.806686567164178,6.405,5.649,5.665,8.179800995024875,8.814,7.844,7.858
3,7.380114427860694,7.459,6.405,7.439,8.0073184079602,8.438,7.94,7.95
