Window,Mean Valence,Max Valence,Min Valence,Median Valence,Mean Arousal,Max Arousal,Min Arousal,Median Arousal
1,5.148970149253732,5.375,5.0,5.0,5.112572139303483,5.321,5.0,5.0
2,5.245845,5.343,5.0,5.288,5.009665,5.033,5.0,5.004
3,5.364820895522389,5.813,5.24,5.288,5.016218905472637,5.043,5.0,5.011
4,5.628716417910449,5.816,5.24,5.813,5.052248756218905,5.098,5.0,5.043
5,6.347826530612245,6.429,6.345,6.345,5.128551020408164,5.372,5.094,5.102
