Window,Mean Valence,Max Valence,Min Valence,Median Valence,Mean Arousal,Max Arousal,Min Arousal,Median Arousal
1,6.488845771144278,6.719,6.245,6.625,5.041557213930348,5.607,4.789,4.999
2,6.528402985074628,6.804,6.153,6.484,5.166099502487562,5.458,4.806,5.127
3,5.104666666666667,5.555,4.809,5.0,5.323646766169154,6.171,5.0,5.0
4,6.0767070707070685,6.698,5.658,6.037,5.368878787878786,6.1,4.885,5.382
