Window,Mean Valence,Max Valence,Min Valence,Median Valence,Mean Arousal,Max Arousal,Min Arousal,Median Arousal
1,5.094293532338308,5.281,5.0,5.076,5.533955223880598,5.763,5.0,5.672
2,6.69068656716418,6.909,6.549,6.662,5.394383084577115,5.96,4.602,5.404
3,6.725019900497513,6.909,6.603,6.661,5.73897512437811,5.96,5.404,5.766
4,6.6680248756218905,6.909,6.622,6.644,5.788278606965174,5.96,5.766,5.766
