Window,Mean Valence,Max Valence,Min Valence,Median Valence,Mean Arousal,Max Arousal,Min Arousal,Median Arousal
1,6.248597014925372,6.386,6.177,6.208,5.199726368159204,5.21,5.198,5.198
2,6.3971940298507475,6.679,6.208,6.386,5.21292537313433,5.277,5.198,5.21
3,6.319711442786071,6.559,6.238,6.238,6.080850746268657,6.181,5.923,6.113
