Window,Mean Valence,Max Valence,Min Valence,Median Valence,Mean Arousal,Max Arousal,Min Arousal,Median Arousal
1,4.953875621890547,5.075,4.824,4.966,4.02268656716418,5.0,3.552,3.851
2,5.695999999999999,5.696,5.696,5.696,4.2970696517412925,4.331,4.276,4.291
3,5.807746268656716,6.374,5.6,5.6,4.906069651741293,4.967,4.573,4.966
4,6.374,6.374,6.374,6.374,4.917363184079602,4.918,4.913,4.918
5,5.7213184079602,5.74,5.709,5.709,5.53176616915423,5.96,5.121,5.414
