Window,Mean Valence,Max Valence,Min Valence,Median Valence,Mean Arousal,Max Arousal,Min Arousal,Median Arousal
1,5.33923,6.51,5.0,5.317,4.992214999999999,5.231,4.679,5.0
2,5.90531343283582,6.569,5.691,5.77,4.909348258706467,5.056,4.731,4.869
3,5.197218905472637,5.568,5.009,5.009,6.002268656716419,6.06,5.982,5.982
4,5.827407960199006,6.295,5.641,5.784,5.908845771144277,5.936,5.901,5.907
5,7.008567164179103,7.324,6.295,7.298,6.378482587064677,6.973,5.936,6.26
6,7.3889502487562195,7.56,7.331,7.331,6.062592039800996,6.116,5.931,6.104
7,7.502880597014927,7.56,7.331,7.56,5.973671641791044,6.104,5.931,5.931
