Window,Mean Valence,Max Valence,Min Valence,Median Valence,Mean Arousal,Max Arousal,Min Arousal,Median Arousal
1,6.761298507462685,7.867,5.0,7.478,4.970000000000001,5.0,4.88,4.981
2,7.511502487562189,7.867,7.403,7.478,5.006611940298509,5.257,4.969,4.981
3,8.01037,8.372,7.769,7.8785,6.407899999999997,6.526,6.087,6.395
4,8.233398009950248,8.323,8.008,8.271,6.4664378109452745,6.556,6.321,6.485
5,7.8149999999999995,7.815,7.815,7.815,6.390999999999999,6.391,6.391,6.391
6,7.8149999999999995,7.815,7.815,7.815,6.390999999999999,6.391,6.391,6.391
7,8.448820895522386,8.459,8.445,8.445,6.658139303482588,6.789,6.568,6.639
