Window,Mean Valence,Max Valence,Min Valence,Median Valence,Mean Arousal,Max Arousal,Min Arousal,Median Arousal
1,7.782569306930694,8.173,7.503,7.503,4.94909900990099,5.14,4.906,4.906
2,8.129522388059701,8.199,7.503,8.173,5.088044776119403,5.187,4.906,5.14
3,8.196850746268655,8.199,8.173,8.199,5.189368159203981,5.218,5.14,5.187
4,8.699412935323382,8.733,8.68,8.695,4.528213930348258,4.539,4.528,4.528
5,8.88307960199005,9.059,8.805,8.805,4.594238805970149,4.63,4.576,4.576
