Window,Mean Valence,Max Valence,Min Valence,Median Valence,Mean Arousal,Max Arousal,Min Arousal,Median Arousal
1,6.4885074626865675,6.5,6.488,6.488,5.344139303482586,5.434,5.275,5.29
2,5.41839303482587,5.709,5.315,5.33,4.941318407960199,5.011,4.795,4.958
3,6.078557213930348,6.508,5.709,6.046,4.987641791044776,5.014,4.852,5.011
4,6.380308457711442,6.508,6.046,6.476,5.0153731343283585,5.205,4.852,5.011
5,5.197985074626866,5.4,5.0,5.193,5.0088308457711435,5.027,5.0,5.0
