Window,Mean Valence,Max Valence,Min Valence,Median Valence,Mean Arousal,Max Arousal,Min Arousal,Median Arousal
1,7.460616915422887,8.932,5.0,8.296,5.037577114427861,5.69,4.839,5.0
2,9.101129353233832,9.12,9.009,9.12,5.363930348258706,5.509,5.327,5.327
3,9.133114427860697,9.155,9.12,9.12,5.321945273631841,5.327,5.314,5.327
