Window,Mean Valence,Max Valence,Min Valence,Median Valence,Mean Arousal,Max Arousal,Min Arousal,Median Arousal
1,5.075000000000001,5.075,5.075,5.075,6.033417910447762,6.102,5.92,6.069
2,5.007199004975124,5.059,4.756,5.037,6.162124378109453,6.43,5.905,6.205
3,5.018248756218905,5.059,4.756,5.059,6.415213930348258,6.563,6.2,6.412
4,4.979895522388059,5.0,4.828,4.976,6.165039800995025,6.331,5.507,6.329
5,3.538820895522388,4.118,2.097,3.853,4.833502487562188,5.294,3.81,5.187
6,2.3740149253731344,2.719,2.023,2.33,5.772910447761194,6.263,5.278,5.997
