Window,Mean Valence,Max Valence,Min Valence,Median Valence,Mean Arousal,Max Arousal,Min Arousal,Median Arousal
1,5.107507462686568,5.474,5.0,5.0,5.019303482587064,5.167,5.0,5.0
2,5.509651741293531,5.564,5.495,5.495,3.896393034825871,3.923,3.865,3.893
3,6.693766169154229,7.424,6.185,6.544,3.871402985074627,4.503,3.704,3.717
4,7.285915422885572,7.689,6.544,7.424,4.277766169154229,4.635,3.717,4.434
