Window,Mean Valence,Max Valence,Min Valence,Median Valence,Mean Arousal,Max Arousal,Min Arousal,Median Arousal
1,6.845651741293532,8.124,5.0,7.322,5.811124378109453,6.246,5.0,6.103
2,8.200670050761422,8.205,8.124,8.205,6.064969543147208,6.194,6.028,6.062
3,8.308487562189054,8.587,8.205,8.205,6.181492537313433,6.508,6.033,6.034
4,8.425990049751245,8.501,8.303,8.411,6.255000000000001,6.255,6.255,6.255
5,8.986164179104478,9.5,8.501,8.672,6.225104477611938,6.347,6.148,6.159
