Window,Mean Valence,Max Valence,Min Valence,Median Valence,Mean Arousal,Max Arousal,Min Arousal,Median Arousal
1,6.239477611940299,6.637,5.95,5.95,5.1042885572139305,5.152,5.065,5.08
2,7.178094527363183,7.18,7.178,7.178,5.675845771144278,5.677,5.675,5.675
3,6.844064676616914,7.178,6.267,7.178,5.5319353233830855,5.677,5.251,5.677
