Window,Mean Valence,Max Valence,Min Valence,Median Valence,Mean Arousal,Max Arousal,Min Arousal,Median Arousal
1,5.165,5.165,5.165,5.165,5.368631840796019,5.404,5.364,5.369
2,5.177278606965174,5.212,5.165,5.165,5.423920398009949,5.585,5.364,5.364
3,5.211676616915423,5.315,5.165,5.212,5.555631840796019,5.704,5.364,5.585
4,5.354900497512437,5.443,5.236,5.428,5.811452736318408,6.025,5.573,5.888
5,5.178119402985074,5.21,5.153,5.159,5.724517412935324,5.881,5.563,5.79
