Window,Mean Valence,Max Valence,Min Valence,Median Valence,Mean Arousal,Max Arousal,Min Arousal,Median Arousal
1,5.631084577114428,7.015,5.0,5.0,4.982482587064677,5.137,4.74,5.0
2,6.46584577114428,6.572,6.202,6.555,5.195955223880598,5.281,5.064,5.246
3,5.126228855721393,5.392,5.0,5.0,5.027079601990049,5.157,5.0,5.0
4,6.318835820895524,6.444,6.009,6.444,5.678134328358208,5.865,5.57,5.641
