Window,Mean Valence,Max Valence,Min Valence,Median Valence,Mean Arousal,Max Arousal,Min Arousal,Median Arousal
1,5.443547263681592,5.879,5.0,5.642,5.008567164179104,5.031,4.99,5.0
2,6.079771144278606,6.147,5.996,6.137,5.116457711442785,5.395,4.971,5.15
3,7.395238805970149,8.046,7.241,7.396,5.242791044776119,5.565,5.213,5.227
