Window,Mean Valence,Max Valence,Min Valence,Median Valence,Mean Arousal,Max Arousal,Min Arousal,Median Arousal
1,5.001805970149253,5.175,4.889,5.0,5.1897164179104465,5.852,5.0,5.078
2,5.11410447761194,5.288,4.889,5.12,5.659208955223882,6.138,5.077,5.852
3,5.129457711442786,5.288,4.992,5.064,5.957144278606966,6.138,5.828,5.953
4,5.789388059701492,5.829,5.708,5.829,6.3286965174129355,6.916,6.143,6.143
5,5.814323383084577,6.015,5.481,5.708,6.7890895522388055,6.916,6.642,6.741
