Window,Mean Valence,Max Valence,Min Valence,Median Valence,Mean Arousal,Max Arousal,Min Arousal,Median Arousal
1,5.058129353233831,5.671,5.0,5.0,4.963875621890547,5.0,4.437,5.0
2,7.004039800995025,7.005,7.004,7.004,5.094850746268657,5.111,5.09,5.09
3,7.051427860696519,7.075,7.025,7.063,5.081985074626867,5.175,5.024,5.078
4,7.098308457711444,7.126,7.036,7.126,5.238865671641792,5.266,5.207,5.255
5,7.044089552238806,7.126,6.987,7.036,5.165388059701492,5.259,5.048,5.207
