Window,Mean Valence,Max Valence,Min Valence,Median Valence,Mean Arousal,Max Arousal,Min Arousal,Median Arousal
1,6.822945273631841,6.982,6.35,6.871,5.555268656716417,5.579,5.321,5.579
2,7.179815920398009,7.221,7.063,7.197,7.367054726368161,7.477,7.286,7.353
3,6.751223880597014,7.006,6.576,6.706,6.985796019900498,7.776,6.121,6.92
4,6.738004975124378,7.845,6.625,6.658,7.954621890547263,9.013,7.522,7.686
