Window,Mean Valence,Max Valence,Min Valence,Median Valence,Mean Arousal,Max Arousal,Min Arousal,Median Arousal
1,6.978452736318407,7.08,6.792,7.08,6.883562189054726,7.295,6.358,7.113
2,7.233865671641792,7.25,7.231,7.231,7.451910447761193,7.568,7.428,7.428
