Window,Mean Valence,Max Valence,Min Valence,Median Valence,Mean Arousal,Max Arousal,Min Arousal,Median Arousal
1,7.452069651741294,9.309,6.868,6.869,5.025646766169154,5.391,4.841,4.995
2,8.512905472636817,8.783,8.174,8.754,5.912860696517413,5.986,5.836,5.876
3,9.308766169154229,9.429,9.157,9.427,5.655825870646767,5.95,5.292,5.62
4,9.427676616915422,9.429,9.427,9.427,5.8556368159203975,5.998,5.292,5.95
5,9.284999999999998,9.285,9.285,9.285,5.839815000000001,5.884,5.821,5.822
