Window,Mean Valence,Max Valence,Min Valence,Median Valence,Mean Arousal,Max Arousal,Min Arousal,Median Arousal
1,3.132164179104478,3.264,3.067,3.082,5.642631840796019,5.936,5.428,5.662
2,2.827442786069652,2.984,1.883,2.984,5.545353233830846,6.782,5.067,5.342
3,3.331393034825871,6.17,2.543,2.709,6.883955223880597,7.571,5.579,7.074
4,5.33044776119403,6.758,2.709,6.17,6.1931840796019895,7.571,5.579,5.763
5,7.513920398009952,8.612,6.758,7.775,5.76476119402985,6.015,5.607,5.778
6,8.014980099502488,8.612,7.775,8.038,5.854268656716418,6.015,5.741,5.846
