Window,Mean Valence,Max Valence,Min Valence,Median Valence,Mean Arousal,Max Arousal,Min Arousal,Median Arousal
1,5.022577114427861,5.065,5.0,5.0,5.0,5.0,5.0,5.0
2,5.00863184079602,5.065,5.0,5.0,4.9974626865671645,5.0,4.985,5.0
3,5.0,5.0,5.0,5.0,5.0,5.0,5.0,5.0
4,5.252009950248756,7.262,5.0,5.0,4.964,5.0,4.783,5.0
5,7.998054726368159,8.352,7.76,7.925,4.9566716417910435,4.983,4.934,4.937
