Start,Border,End,Valence,Arousal,Valence Diff,Arousal Diff,Score,GSR_Diff,BVP_Diff,RSP_Diff,SKT_Diff,EMG_ZYGO_Diff,EMG_CORU_Diff,EMG_TRAP_Diff
586626.01,591626.01,596626.01,3.447,8.962,0.18000000000000016,0.8720000000000008,9.781309924869134,0.9310000000000009,2.5959999999999965,0.7449999999999974,0.06299999999999528,1.109,0.12300000000000022,0.7389999999999999
596626.01,601626.01,606626.01,3.005,9.131,0.601,0.9929999999999986,6.646938998021721,3.6310000000000002,0.3299999999999983,1.006999999999998,0.05300000000000438,2.4639999999999995,1.2320000000000002,2.0539999999999994
