Start,Border,End,Valence,Arousal,Valence Diff,Arousal Diff,Score,GSR_Diff,BVP_Diff,RSP_Diff,SKT_Diff,EMG_ZYGO_Diff,EMG_CORU_Diff,EMG_TRAP_Diff
2187834.01,2192834.01,2197834.01,5.0,5.06,0.0,0.0,0.2675427919717754,0.019999999999999574,1.1629999999999967,1.4420000000000002,0.0,0.12299999999999933,0.6979999999999995,0.04100000000000037
2197834.01,2202834.01,2207834.01,5.0,5.067,0.0,0.018000000000000682,0.317865471844635,0.24900000000000055,1.2879999999999967,1.2970000000000041,0.010999999999999233,0.3689999999999998,0.16500000000000004,4.065
2207834.01,2212834.01,2217834.01,5.0,5.081,0.0,0.006999999999999673,0.3408337047895809,0.026999999999999247,1.8299999999999983,0.01999999999999602,0.010999999999999233,0.24599999999999955,0.4109999999999996,4.106
2227834.01,2232834.01,2237834.01,4.919,5.352,0.0,0.009000000000000341,0.9647146650635569,0.06400000000000006,0.3200000000000003,0.22299999999999898,0.0,0.0,1.0679999999999996,3.860999999999999
2307834.01,2312834.01,2317834.01,4.787,6.795,0.0,0.08400000000000052,0.2606649757199942,0.016000000000000014,1.0750000000000028,0.8130000000000024,0.0070000000000014495,0.5340000000000007,0.08199999999999985,0.45199999999999996
