Start,Border,End,Valence,Arousal,Valence Diff,Arousal Diff,Score,GSR_Diff,BVP_Diff,RSP_Diff,SKT_Diff,EMG_ZYGO_Diff,EMG_CORU_Diff,EMG_TRAP_Diff
236501.01,241501.01,246501.01,5.231,5.294,0.07099999999999973,0.43599999999999994,1.0574241666032906,0.45700000000000074,0.2909999999999968,0.6580000000000013,0.004000000000001336,0.08199999999999985,0.08199999999999985,0.0
276501.01,281501.01,286501.01,5.0,5.067,0.0,0.21799999999999997,0.9754466122551384,1.684000000000001,0.7369999999999948,0.5910000000000011,0.006999999999997897,0.08200000000000074,0.4509999999999996,0.08199999999999985
291501.01,296501.01,301501.01,5.675,5.855,0.027000000000000135,0.9390000000000001,1.5000047523143674,0.09399999999999764,3.6709999999999994,0.7070000000000007,0.01699999999999946,3.7780000000000005,0.1639999999999997,0.20500000000000007
331501.01,336501.01,341501.01,5.156,7.614,0.7039999999999997,1.330000000000001,0.8155474691853704,0.3309999999999995,1.608000000000004,1.2680000000000007,0.02499999999999858,0.45199999999999996,0.04100000000000037,4.845999999999999
351501.01,356501.01,361501.01,4.439,7.78,0.07399999999999984,0.2549999999999999,0.8574003734924962,0.3230000000000004,0.47400000000000375,0.26200000000000045,0.03200000000000003,0.08199999999999985,0.2060000000000004,0.24600000000000044
