Start,Border,End,Valence,Arousal,Valence Diff,Arousal Diff,Score,GSR_Diff,BVP_Diff,RSP_Diff,SKT_Diff,EMG_ZYGO_Diff,EMG_CORU_Diff,EMG_TRAP_Diff
1156459,1161459,1166459,2.745,7.726,0.12200000000000033,0.2240000000000002,3.660880409963864,3.253,1.966000000000001,0.3100000000000023,0.053000000000000824,0.04099999999999948,0.370000000000001,2.710000000000001
1171459,1176459,1181459,2.372,7.936,0.07799999999999985,0.7290000000000001,5.170978992898926,3.1540000000000035,0.12599999999999767,0.14500000000000313,0.03900000000000148,1.9299999999999997,2.8740000000000006,0.4109999999999996
1176459,1181459,1186459,2.362,7.932,0.022999999999999687,0.2549999999999999,3.283806885276045,2.433,2.120999999999995,0.24199999999999733,0.0660000000000025,7.3100000000000005,1.109,0.12300000000000111
