Start,Border,End,Valence,Arousal,Valence Diff,Arousal Diff,Score,GSR_Diff,BVP_Diff,RSP_Diff,SKT_Diff,EMG_ZYGO_Diff,EMG_CORU_Diff,EMG_TRAP_Diff
498251.01,503251.01,508251.01,5.053,5.553,0.10400000000000009,1.3949999999999996,3.830375232948034,0.08300000000000018,0.14500000000000313,0.6679999999999993,0.014000000000002899,0.0,7.021999999999999,0.040000000000000036
528251.01,533251.01,538251.01,5.19,5.845,0.0,0.0,3.7508912274218886,0.10699999999999932,1.3369999999999962,0.12599999999999767,0.053000000000000824,1.1500000000000004,6.118999999999999,0.20500000000000007
533251.01,538251.01,543251.01,5.19,5.845,0.0,0.0,4.737894310454213,0.1739999999999995,2.189,0.4649999999999963,0.05600000000000094,4.517999999999999,8.091,1.2730000000000006
