Start,Border,End,Valence,Arousal,Valence Diff,Arousal Diff,Score,GSR_Diff,BVP_Diff,RSP_Diff,SKT_Diff,EMG_ZYGO_Diff,EMG_CORU_Diff,EMG_TRAP_Diff
1936084,1941084,1946084,5.556,5.488,0.2369999999999992,0.2240000000000002,6.612587511676069,2.807000000000002,0.7949999999999946,0.038999999999997925,0.013999999999999346,0.6159999999999997,0.24600000000000044,0.12300000000000022
1946084,1951084,1956084,5.722,4.988,1.1049999999999995,0.13899999999999935,10.582166287294324,0.9660000000000011,0.04899999999999949,0.44599999999999795,0.003999999999997783,0.9450000000000003,0.5339999999999998,0.2060000000000004
2031084,2036084,2041084,2.908,9.5,0.6880000000000002,1.399,7.123318201073015,8.046000000000006,2.4029999999999987,0.22300000000000253,0.01699999999999946,4.764,0.041999999999999815,0.04100000000000037
