Start,Border,End,Valence,Arousal,Valence Diff,Arousal Diff,Score,GSR_Diff,BVP_Diff,RSP_Diff,SKT_Diff,EMG_ZYGO_Diff,EMG_CORU_Diff,EMG_TRAP_Diff
1921084.01,1926084.01,1931084.01,3.563,4.372,2.004,0.7279999999999998,5.923539914749571,3.3629999999999995,0.580999999999996,0.08699999999999974,0.0070000000000014495,0.9039999999999999,2.0119999999999996,0.3290000000000006
1991084.01,1996084.01,2001084.01,3.102,8.439,0.613,0.26699999999999946,5.030718880859224,2.2429999999999986,0.9879999999999995,0.13599999999999923,0.006999999999997897,0.6980000000000004,3.4909999999999997,0.12300000000000022
2031084.01,2036084.01,2041084.01,2.073,8.601,0.11299999999999999,0.20000000000000107,7.879364023842356,1.4819999999999993,0.04899999999999949,0.7159999999999975,0.045999999999999375,0.45199999999999996,0.1639999999999997,0.28800000000000026
