Start,Border,End,Valence,Arousal,Valence Diff,Arousal Diff,Score,GSR_Diff,BVP_Diff,RSP_Diff,SKT_Diff,EMG_ZYGO_Diff,EMG_CORU_Diff,EMG_TRAP_Diff
2202834.01,2207834.01,2212834.01,5.0,5.0,0.0,0.0,16.1552002337805,3.043999999999997,1.9179999999999993,0.8999999999999986,0.020999999999997243,0.24600000000000044,0.5339999999999998,1.109
2282834.01,2287834.01,2292834.01,5.0,5.0,0.7960000000000003,0.23500000000000032,6.44573113080952,5.167999999999999,1.3269999999999982,0.9680000000000035,0.04899999999999949,2.4219999999999997,2.1350000000000007,0.08199999999999985
2297834.01,2302834.01,2307834.01,2.583,6.084,1.7219999999999995,0.9049999999999994,4.568208165138096,8.465000000000003,1.820999999999998,0.33800000000000097,0.06700000000000017,28.501,0.6159999999999997,1.2319999999999993
2302834.01,2307834.01,2312834.01,2.482,6.14,0.11000000000000032,0.08000000000000007,3.648192482183452,1.6400000000000006,0.07800000000000296,0.794000000000004,0.055999999999997385,12.567,0.9029999999999996,0.6579999999999995
