Start,Border,End,Valence,Arousal,Valence Diff,Arousal Diff,Score,GSR_Diff,BVP_Diff,RSP_Diff,SKT_Diff,EMG_ZYGO_Diff,EMG_CORU_Diff,EMG_TRAP_Diff
1076459.01,1081459.01,1086459.01,4.863,6.356,0.052999999999999936,0.7010000000000005,7.48576334018045,3.626999999999999,0.05799999999999983,0.05799999999999983,0.07099999999999795,0.20500000000000007,2.0939999999999994,0.9860000000000042
1121459.01,1126459.01,1131459.01,3.455,7.706,0.32200000000000006,0.2469999999999999,7.473163924437805,4.526,0.9880000000000067,0.028999999999999915,0.08399999999999963,0.12299999999999933,1.8890000000000011,3.2849999999999966
1171459.01,1176459.01,1181459.01,1.244,9.055,0.627,0.23199999999999932,6.999104126941688,0.5240000000000009,0.4750000000000014,0.08699999999999974,0.04499999999999815,0.3689999999999998,2.9160000000000004,2.8329999999999984
