Start,Border,End,Valence,Arousal,Valence Diff,Arousal Diff,Score,GSR_Diff,BVP_Diff,RSP_Diff,SKT_Diff,EMG_ZYGO_Diff,EMG_CORU_Diff,EMG_TRAP_Diff
1956084.01,1961084.01,1966084.01,3.563,5.649,0.0,0.06899999999999995,2.984120733576761,3.561,1.5399999999999991,1.3170000000000002,0.010000000000001563,0.04100000000000037,0.12300000000000022,0.3689999999999998
1961084.01,1966084.01,1971084.01,3.563,5.649,0.015000000000000124,0.027000000000000135,2.669122205603014,4.687999999999995,1.9470000000000027,0.12599999999999767,0.006999999999997897,0.12300000000000022,0.04100000000000037,1.2319999999999993
1966084.01,1971084.01,1976084.01,3.548,5.676,0.2160000000000002,0.24899999999999967,5.323166929973025,2.4440000000000026,0.134999999999998,2.5459999999999994,0.003999999999997783,0.1639999999999997,0.3280000000000003,2.0950000000000006
2031084.01,2036084.01,2041084.01,1.405,7.871,0.42800000000000016,0.9739999999999993,7.317020976653838,2.617999999999995,0.15500000000000114,1.2390000000000043,0.01699999999999946,0.041999999999999815,0.1639999999999997,1.0670000000000002
