Start,Border,End,Valence,Arousal,Valence Diff,Arousal Diff,Score,GSR_Diff,BVP_Diff,RSP_Diff,SKT_Diff,EMG_ZYGO_Diff,EMG_CORU_Diff,EMG_TRAP_Diff
2202834.01,2207834.01,2212834.01,3.902,5.859,0.484,0.2779999999999996,4.347213959633738,1.453999999999997,1.0749999999999957,0.7259999999999991,0.2600000000000051,0.20500000000000007,0.822000000000001,2.3409999999999975
2282834.01,2287834.01,2292834.01,2.09,7.542,0.9179999999999999,0.5860000000000003,3.800015795732053,3.169999999999998,4.348999999999997,0.2610000000000028,0.0030000000000001137,0.08199999999999985,2.9160000000000004,1.6020000000000003
2287834.01,2292834.01,2297834.01,1.199,8.115,1.1809999999999998,0.6609999999999996,5.052201612803485,4.888999999999999,8.049,1.5489999999999995,0.03899999999999437,0.1640000000000006,1.3150000000000013,2.5870000000000033
