Start,Border,End,Valence,Arousal,Valence Diff,Arousal Diff,Score,GSR_Diff,BVP_Diff,RSP_Diff,SKT_Diff,EMG_ZYGO_Diff,EMG_CORU_Diff,EMG_TRAP_Diff
2282834.01,2287834.01,2292834.01,4.855,6.328,0.2890000000000006,0.8960000000000008,12.845805651057482,2.6729999999999983,0.08699999999999619,0.35800000000000054,0.04899999999999949,0.04100000000000037,0.16500000000000004,0.7400000000000002
2297834.01,2302834.01,2307834.01,4.296,7.078,1.3170000000000002,0.07399999999999984,7.741756128320387,2.1640000000000015,0.34899999999999665,0.09600000000000009,0.055999999999997385,0.12300000000000022,0.4110000000000005,1.4380000000000006
