Start,Border,End,Valence,Arousal,Valence Diff,Arousal Diff,Score,GSR_Diff,BVP_Diff,RSP_Diff,SKT_Diff,EMG_ZYGO_Diff,EMG_CORU_Diff,EMG_TRAP_Diff
2184834.01,2189834.01,2194834.01,5.0,5.0,0.10200000000000031,0.0,7.887962971635105,0.272000000000002,1.152000000000001,0.7639999999999958,0.24899999999999878,14.292000000000002,4.517999999999999,2.0119999999999987
2194834.01,2199834.01,2204834.01,5.19,5.0,0.20599999999999952,0.11000000000000032,5.60403802973821,0.5079999999999991,0.7649999999999935,0.19400000000000261,0.16900000000000048,26.364999999999995,4.188000000000001,2.793000000000001
2199834.01,2204834.01,2209834.01,5.308,4.89,0.11799999999999944,0.1639999999999997,6.038973660348528,0.3619999999999983,0.357999999999997,0.01999999999999602,0.15399999999999991,35.23599999999999,5.1739999999999995,3.3270000000000017
2219834.01,2224834.01,2229834.01,5.149,5.0,0.15799999999999947,0.13699999999999957,8.731100326800547,0.41799999999999926,0.5039999999999978,0.028999999999996362,0.1750000000000007,265.261,3.3680000000000003,5.133999999999997
