Start,Border,End,Valence,Arousal,Valence Diff,Arousal Diff,Score,GSR_Diff,BVP_Diff,RSP_Diff,SKT_Diff,EMG_ZYGO_Diff,EMG_CORU_Diff,EMG_TRAP_Diff
514584.01,519584.01,524584.01,5.0,5.0,0.0,0.0,0.5961093009153908,0.11400000000000077,1.4440000000000026,1.2779999999999987,0.11199999999999832,0.7389999999999999,0.3290000000000006,1.561
559584.01,564584.01,569584.01,6.053,5.002,0.09199999999999964,0.019000000000000128,0.6119514680149699,0.18099999999999916,0.4069999999999965,1.8299999999999983,0.004000000000001336,0.0,0.0,0.4930000000000003
564584.01,569584.01,574584.01,6.053,4.983,0.0,0.03399999999999981,0.6510450350691102,0.18099999999999916,2.3530000000000015,1.4130000000000038,0.0,0.3280000000000003,0.04100000000000037,0.5750000000000002
