Start,Border,End,Valence,Arousal,Valence Diff,Arousal Diff,Score,GSR_Diff,BVP_Diff,RSP_Diff,SKT_Diff,EMG_ZYGO_Diff,EMG_CORU_Diff,EMG_TRAP_Diff
256501.01,261501.01,266501.01,4.787,4.639,0.15800000000000036,0.18700000000000028,2.893256622383832,0.22499999999999964,4.0290000000000035,0.4169999999999945,0.01799999999999713,46.817,16.14,0.3279999999999994
351501.01,356501.01,361501.01,5.716,4.799,0.7229999999999999,0.09200000000000053,4.246684719532617,0.14199999999999946,3.1089999999999947,2.3229999999999933,0.053000000000000824,0.8219999999999992,2.218,1.3549999999999995
356501.01,361501.01,366501.01,6.09,4.934,0.7160000000000002,0.09899999999999931,4.545179161783857,0.10999999999999943,0.7849999999999966,0.2610000000000028,0.02499999999999858,67.10600000000001,19.754,1.2730000000000006
