Start,Border,End,Valence,Arousal,Valence Diff,Arousal Diff,Score,GSR_Diff,BVP_Diff,RSP_Diff,SKT_Diff,EMG_ZYGO_Diff,EMG_CORU_Diff,EMG_TRAP_Diff
1921084.01,1926084.01,1931084.01,4.94,5.325,0.16500000000000004,0.8440000000000003,1.084843946372671,0.1689999999999987,0.48400000000000176,0.028999999999999915,0.01699999999999946,1.971,6.775999999999999,0.0
1926084.01,1931084.01,1936084.01,4.835,5.844,0.26500000000000057,0.3250000000000002,0.999005737746873,0.22499999999999964,0.019000000000005457,0.16499999999999915,0.018000000000000682,0.2469999999999999,6.448,0.12399999999999967
1931084.01,1936084.01,1941084.01,4.675,5.65,0.1349999999999998,0.20800000000000018,0.8446389021463275,0.21700000000000053,0.0379999999999967,0.31899999999999906,0.013999999999999346,2.218,0.20500000000000007,0.12299999999999933
1951084.01,1956084.01,1961084.01,5.192,5.636,0.19200000000000017,0.2610000000000001,0.844294036909397,0.26099999999999923,1.3269999999999982,0.05799999999999983,0.018000000000000682,0.20500000000000007,0.0420000000000007,0.1640000000000006
1956084.01,1961084.01,1966084.01,5.192,5.375,0.09200000000000053,0.9660000000000002,0.808911815386093,0.22000000000000064,1.742999999999995,0.05799999999999983,0.010999999999999233,1.6019999999999994,0.1639999999999997,0.040000000000000036
1986084.01,1991084.01,1996084.01,4.946,5.766,0.038000000000000256,0.39200000000000035,0.7419345608235098,0.19700000000000006,1.017000000000003,0.6389999999999993,0.028000000000002245,0.7809999999999997,0.28799999999999937,0.1640000000000006
2006084.01,2011084.01,2016084.01,4.984,4.464,0.0030000000000001137,0.2109999999999994,0.8766365334073439,0.16999999999999993,0.33899999999999864,0.06700000000000017,0.020999999999997243,1.0680000000000005,0.6160000000000005,0.041999999999999815
