Start,Border,End,Valence,Arousal,Valence Diff,Arousal Diff,Score,GSR_Diff,BVP_Diff,RSP_Diff,SKT_Diff,EMG_ZYGO_Diff,EMG_CORU_Diff,EMG_TRAP_Diff
256501.01,261501.01,266501.01,6.164,5.929,0.019000000000000128,0.16000000000000014,1.0145263476414277,0.01100000000000012,0.4059999999999988,0.16499999999999915,0.02499999999999858,2.793,0.9860000000000007,1.2319999999999993
261501.01,266501.01,271501.01,6.164,5.929,0.0,0.004000000000000448,1.2825236010880243,0.04800000000000004,2.0919999999999987,0.3780000000000001,0.018000000000000682,0.6980000000000004,0.24600000000000044,0.04100000000000037
306501.01,311501.01,316501.01,6.1,5.989,0.26500000000000057,0.05600000000000005,1.2817033462687204,0.034999999999999254,0.7169999999999987,0.7839999999999989,0.02500000000000213,0.12300000000000022,0.28699999999999903,0.6150000000000002
311501.01,316501.01,321501.01,6.365,5.933,0.36400000000000077,0.05400000000000027,0.9470801127815938,0.055000000000000604,0.9299999999999997,0.5619999999999976,0.028999999999999915,0.20500000000000007,1.1910000000000007,1.8069999999999995
336501.01,341501.01,346501.01,6.917,5.583,0.14200000000000035,0.02400000000000002,0.9596268149553644,0.12600000000000033,0.5230000000000032,0.367999999999995,0.0030000000000001137,0.2060000000000004,0.49299999999999855,0.24600000000000044
