Start,Border,End,Valence,Arousal,Valence Diff,Arousal Diff,Score,GSR_Diff,BVP_Diff,RSP_Diff,SKT_Diff,EMG_ZYGO_Diff,EMG_CORU_Diff,EMG_TRAP_Diff
2204834,2209834,2214834,6.199,5.879,0.0030000000000001137,0.04300000000000015,2.059616712573399,1.9719999999999942,2.0530000000000044,0.15499999999999403,0.055999999999997385,0.20500000000000007,0.16500000000000004,0.2469999999999999
2214834,2219834,2224834,6.261,5.728,0.06200000000000028,0.15000000000000036,2.126498166360191,2.081000000000003,1.046999999999997,0.06799999999999784,0.0799999999999983,0.04100000000000037,0.16500000000000004,0.492
2219834,2224834,2229834,6.261,5.734,0.0,0.04800000000000004,2.1993635364430624,2.121000000000002,2.208999999999996,0.4060000000000059,0.045000000000001705,0.08199999999999985,0.2060000000000004,0.12399999999999967
