Start,Border,End,Valence,Arousal,Valence Diff,Arousal Diff,Score,GSR_Diff,BVP_Diff,RSP_Diff,SKT_Diff,EMG_ZYGO_Diff,EMG_CORU_Diff,EMG_TRAP_Diff
1472876.01,1477876.01,1482876.01,5.0,5.0,0.8440000000000003,0.2190000000000003,1.5644106212194078,0.2799999999999976,1.2980000000000018,0.0779999999999994,0.045999999999999375,1.8070000000000004,0.24600000000000044,0.12399999999999878
1482876.01,1487876.01,1492876.01,5.855,4.781,0.1849999999999996,0.11699999999999999,2.9160731313597648,0.5600000000000023,0.4650000000000034,0.25200000000000244,0.03500000000000014,4.107,0.04100000000000037,1.9300000000000015
