Start,Border,End,Valence,Arousal,Valence Diff,Arousal Diff,Score,GSR_Diff,BVP_Diff,RSP_Diff,SKT_Diff,EMG_ZYGO_Diff,EMG_CORU_Diff,EMG_TRAP_Diff
2224834,2229834,2234834,5.541,5.187,0.21799999999999997,0.3769999999999998,8.674449312710312,0.1529999999999987,0.5519999999999996,0.7929999999999993,0.017000000000003013,1.5190000000000001,0.5750000000000002,1.766
