Start,Border,End,Valence,Arousal,Valence Diff,Arousal Diff,Score,GSR_Diff,BVP_Diff,RSP_Diff,SKT_Diff,EMG_ZYGO_Diff,EMG_CORU_Diff,EMG_TRAP_Diff
1921084.01,1926084.01,1931084.01,5.837,5.68,0.8719999999999999,0.6799999999999997,2.1599874313425635,0.1579999999999977,5.753,0.47400000000000375,0.47600000000000264,1.2320000000000002,1.4370000000000003,0.9030000000000022
1981084.01,1986084.01,1991084.01,4.144,4.351,0.01499999999999968,0.14100000000000001,2.151240017341355,0.21199999999999974,3.555000000000007,0.6290000000000049,0.05600000000000094,0.2869999999999999,0.7800000000000011,1.2319999999999975
2006084.01,2011084.01,2016084.01,6.267,3.464,1.2149999999999999,0.7349999999999999,2.016997370801557,0.30700000000000216,1.4529999999999959,0.39699999999999847,0.0799999999999983,0.49299999999999944,0.4930000000000003,1.9720000000000013
2041084.01,2046084.01,2051084.01,7.29,5.627,0.29499999999999993,0.03799999999999937,3.4039812557182128,0.26399999999999935,2.024000000000001,0.07800000000000296,0.004000000000001336,7.720999999999999,1.8480000000000008,1.766
