Start,Border,End,Valence,Arousal,Valence Diff,Arousal Diff,Score,GSR_Diff,BVP_Diff,RSP_Diff,SKT_Diff,EMG_ZYGO_Diff,EMG_CORU_Diff,EMG_TRAP_Diff
1058459.01,1063459.01,1068459.01,5.0,5.0,0.0,0.0,2.635417421676661,0.35100000000000264,0.5319999999999965,0.34899999999999665,0.010000000000001563,0.492,1.5610000000000008,1.027000000000001
1128459.01,1133459.01,1138459.01,3.677,6.008,1.9910000000000005,0.6449999999999996,6.532355396130997,0.9299999999999997,0.09700000000000131,0.5510000000000019,0.0,4.845999999999999,0.3700000000000001,0.738999999999999
1133459.01,1138459.01,1143459.01,4.972,5.496,1.504,1.9640000000000004,3.4804180528274014,1.1360000000000028,0.45599999999999596,0.6490000000000009,0.0070000000000014495,4.5169999999999995,0.08199999999999985,0.3689999999999998
1193459.01,1198459.01,1203459.01,5.582,6.271,2.135,0.5670000000000002,6.250551788515429,0.6270000000000007,1.1130000000000067,0.590999999999994,0.010999999999999233,9.035,0.16500000000000004,0.41000000000000014
