Start,Border,End,Valence,Arousal,Valence Diff,Arousal Diff,Score,GSR_Diff,BVP_Diff,RSP_Diff,SKT_Diff,EMG_ZYGO_Diff,EMG_CORU_Diff,EMG_TRAP_Diff
899709.01,904709.01,909709.01,6.125,3.827,0.057000000000000384,0.06400000000000006,4.955018183953678,0.26399999999999935,0.5230000000000032,1.0260000000000034,0.004000000000001336,1.7250000000000005,1.8889999999999993,16.878
909709.01,914709.01,919709.01,6.125,3.827,0.0,0.11899999999999977,1.8512992620729365,0.4299999999999997,0.04899999999999949,1.4429999999999978,0.004000000000001336,0.3700000000000001,3.2029999999999994,13.264000000000001
914709.01,919709.01,924709.01,6.125,3.708,0.02799999999999958,0.008999999999999897,4.640474592083549,0.359,0.5900000000000034,1.3349999999999937,0.010999999999999233,2.1359999999999992,2.423000000000001,0.41100000000000136
