Start,Border,End,Valence,Arousal,Valence Diff,Arousal Diff,Score,GSR_Diff,BVP_Diff,RSP_Diff,SKT_Diff,EMG_ZYGO_Diff,EMG_CORU_Diff,EMG_TRAP_Diff
485251.01,490251.01,495251.01,5.0,5.0,0.0,0.0,0.9223663625302992,0.3000000000000007,1.7820000000000036,0.30100000000000193,0.0030000000000001137,0.12300000000000022,4.270999999999999,0.2469999999999999
510251.01,515251.01,520251.01,5.319,4.747,0.05600000000000005,0.23800000000000043,0.8154285754603805,0.19699999999999918,3.7680000000000007,0.3100000000000023,0.021000000000000796,0.08199999999999985,0.12299999999999933,1.0670000000000002
555251.01,560251.01,565251.01,5.248,4.992,0.516,0.3520000000000003,2.023626170572856,0.13800000000000168,0.20400000000000063,1.1139999999999972,0.00999999999999801,0.12300000000000022,0.24599999999999955,0.45199999999999996
600251.01,605251.01,610251.01,3.351,4.486,0.2250000000000001,0.04400000000000048,0.7335387039582918,0.20500000000000185,1.3659999999999997,0.5030000000000001,0.006999999999997897,0.08300000000000018,0.16500000000000004,0.4510000000000005
