Start,Border,End,Valence,Arousal,Valence Diff,Arousal Diff,Score,GSR_Diff,BVP_Diff,RSP_Diff,SKT_Diff,EMG_ZYGO_Diff,EMG_CORU_Diff,EMG_TRAP_Diff
221501.01,226501.01,231501.01,5.0,5.029,0.0,0.0,3.012043812620538,2.487000000000002,1.8599999999999994,1.3359999999999985,0.18200000000000216,3.079999999999999,1.2319999999999993,0.12300000000000022
291501.01,296501.01,301501.01,6.744,5.537,0.16599999999999948,0.4870000000000001,2.2484051946182766,0.7610000000000028,3.8260000000000005,0.9679999999999964,0.04600000000000293,1.8070000000000004,1.601,0.0420000000000007
356501.01,361501.01,366501.01,6.241,5.338,0.0,0.0,15.153581167632604,0.4609999999999985,8.455999999999996,0.1839999999999975,0.21399999999999864,60.164,46.693999999999996,13.018
