Start,Border,End,Valence,Arousal,Valence Diff,Arousal Diff,Score,GSR_Diff,BVP_Diff,RSP_Diff,SKT_Diff,EMG_ZYGO_Diff,EMG_CORU_Diff,EMG_TRAP_Diff
2189834.01,2194834.01,2199834.01,5.413,4.53,0.46699999999999964,0.07900000000000063,2.9842798778049664,2.460000000000001,0.06700000000000017,1.6259999999999977,0.0070000000000014495,0.1640000000000006,0.20500000000000007,8.583
2199834.01,2204834.01,2209834.01,5.639,4.498,0.13600000000000012,0.12599999999999945,0.6741953973450894,1.541000000000004,0.11699999999999733,0.48399999999999466,0.010999999999999233,0.2870000000000008,0.45199999999999996,1.8469999999999995
2204834.01,2209834.01,2214834.01,5.648,4.408,0.028999999999999915,0.133,0.7524521030920662,1.3450000000000024,1.1629999999999967,0.14500000000000313,0.010000000000001563,0.0,0.2469999999999999,11.786
2219834.01,2224834.01,2229834.01,5.689,4.274,0.019999999999999574,0.16900000000000048,0.6727719210755787,1.4750000000000014,0.4650000000000034,0.357999999999997,0.02499999999999858,0.04100000000000037,0.45199999999999996,12.895
2229834.01,2234834.01,2239834.01,5.723,4.244,0.4110000000000005,0.4630000000000001,0.8482867159170456,1.7069999999999972,1.2690000000000055,1.365000000000002,0.0030000000000001137,0.04100000000000037,0.20500000000000007,16.18
2234834.01,2239834.01,2244834.01,6.12,4.707,0.42600000000000016,0.5920000000000005,0.900355274585275,1.743000000000002,1.2010000000000005,1.2489999999999952,0.0070000000000014495,0.08199999999999985,0.04100000000000037,4.640000000000001
2239834.01,2244834.01,2249834.01,6.149,4.836,0.03000000000000025,0.17999999999999972,0.7026169395771522,1.6600000000000001,0.45600000000000307,1.5489999999999995,0.006999999999997897,0.20500000000000007,0.12399999999999967,8.747
