Start,Border,End,Valence,Arousal,Valence Diff,Arousal Diff,Score,GSR_Diff,BVP_Diff,RSP_Diff,SKT_Diff,EMG_ZYGO_Diff,EMG_CORU_Diff,EMG_TRAP_Diff
1068459.01,1073459.01,1078459.01,7.001,5.082,0.9129999999999994,1.3999999999999995,1.790222627009949,0.04699999999999971,0.39799999999999613,0.3490000000000002,0.0,3.1220000000000008,0.04100000000000037,0.657
1073459.01,1078459.01,1083459.01,7.294,6.209,0.2969999999999997,1.279,1.8275110052194947,0.01499999999999968,0.5140000000000029,0.9489999999999981,0.0070000000000014495,0.5749999999999993,0.4509999999999996,0.8209999999999997
