Start,Border,End,Score
1407876.01,1412876.01,1417876.01,1.0786893467056715
1427876.01,1432876.01,1437876.01,1.2401787890865026
1462876.01,1467876.01,1472876.01,0.9071073278743046
