Start,Border,End,Score
1347876.01,1352876.01,1357876.01,0.806789277732174
1362876.01,1367876.01,1372876.01,0.421673803326712
1372876.01,1377876.01,1382876.01,0.4396746136867332
1412876.01,1417876.01,1422876.01,0.3863561015497154
1452876.01,1457876.01,1462876.01,0.4317551095499029
1492876.01,1497876.01,1502876.01,0.4903679492631967
