Start,Border,End,Score
321501,326501,331501,0.3221317516464096
331501,336501,341501,0.3121667618296868
341501,346501,351501,0.2969194276106185
346501,351501,356501,0.3534848515554727
