Start,Border,End,Score
886334.01,891334.01,896334.01,6.08874135850002
891334.01,896334.01,901334.01,5.0760590188378165
