Start,Border,End,Score
2221459.01,2226459.01,2231459.01,0.8380738087430408
2261459.01,2266459.01,2271459.01,1.0460960511033344
2266459.01,2271459.01,2276459.01,0.8718192085583994
2271459.01,2276459.01,2281459.01,0.8175144712131942
2276459.01,2281459.01,2286459.01,1.1045109457954283
