Start,Border,End,Score
772001.01,777001.01,782001.01,0.4574944026302089
792001.01,797001.01,802001.01,0.5004413725094335
797001.01,802001.01,807001.01,0.4623096453825317
807001.01,812001.01,817001.01,0.4125791781933572
832001.01,837001.01,842001.01,0.4838318139974752
