Start,Border,End,Score
1075084.01,1080084.01,1085084.01,5.1230290783809975
1085084.01,1090084.01,1095084.01,5.237923249141807
1110084.01,1115084.01,1120084.01,2.5983287988335624
1125084.01,1130084.01,1135084.01,2.5928572883547822
