Start,Border,End,Score
1045084.01,1050084.01,1055084.01,0.6589739999155328
1065084.01,1070084.01,1075084.01,0.4852025431549115
1070084.01,1075084.01,1080084.01,0.9776941887791304
