Start,Border,End,Score
514584.01,519584.01,524584.01,1.815728257321637
519584.01,524584.01,529584.01,3.096489332613176
524584.01,529584.01,534584.01,2.019451615719526
