Start,Border,End,Score
519584.01,524584.01,529584.01,4.513141466355674
654584.01,659584.01,664584.01,3.4841383847951644
664584.01,669584.01,674584.01,4.861202003179447
