Start,Border,End,Score
801334.01,806334.01,811334.01,0.3626318200887263
816334.01,821334.01,826334.01,0.4093611997078431
821334.01,826334.01,831334.01,0.4794962806592032
931334.01,936334.01,941334.01,0.8166313154945921
