Start,Border,End,Score
1893376.01,1898376.01,1903376.01,4.3600014671639045
1898376.01,1903376.01,1908376.01,1.751522288887926
1918376.01,1923376.01,1928376.01,1.2017985879093844
1928376.01,1933376.01,1938376.01,1.2917086389121353
1933376.01,1938376.01,1943376.01,1.4992373872578872
