Start,Border,End,Score
1357876.01,1362876.01,1367876.01,2.9929715451689574
1372876.01,1377876.01,1382876.01,3.3909031819265154
1377876.01,1382876.01,1387876.01,3.2468118199074145
1382876.01,1387876.01,1392876.01,3.1661795841672085
1387876.01,1392876.01,1397876.01,3.251781858117706
1422876.01,1427876.01,1432876.01,3.0920787578146167
1427876.01,1432876.01,1437876.01,2.890898677002088
