Start,Border,End,Score
1382876.01,1387876.01,1392876.01,4.589291501239163
1417876.01,1422876.01,1427876.01,3.0577696563837096
1457876.01,1462876.01,1467876.01,2.0868840931385373
1462876.01,1467876.01,1472876.01,2.481607169030868
1472876.01,1477876.01,1482876.01,2.350573589039514
