Start,Border,End,Score
1650959,1655959,1660959,0.4423996752241258
1690959,1695959,1700959,0.4954331042475055
1755959,1760959,1765959,0.4737252531928587
1760959,1765959,1770959,0.4401452326179123
1780959,1785959,1790959,0.5539761180416841
1790959,1795959,1800959,3.500295180949901
