Start,Border,End,Score
1629626.01,1634626.01,1639626.01,0.2304663568278293
1634626.01,1639626.01,1644626.01,0.360441947027565
1654626.01,1659626.01,1664626.01,0.3498517834870362
1714626.01,1719626.01,1724626.01,0.1618998258202568
1749626.01,1754626.01,1759626.01,0.1683911226497362
