Start,Border,End,Score
1352876.01,1357876.01,1362876.01,2.209551149027455
1397876.01,1402876.01,1407876.01,1.4926708917477465
1402876.01,1407876.01,1412876.01,1.589460552699785
1432876.01,1437876.01,1442876.01,1.602271000401696
