Start,Border,End,Score
783334.01,788334.01,793334.01,0.3961876455185334
788334.01,793334.01,798334.01,0.4119824393960053
828334.01,833334.01,838334.01,0.389804076048143
903334.01,908334.01,913334.01,0.4024676698655526
