Start,Border,End,Score
778334.01,783334.01,788334.01,1.8519088863051556
833334.01,838334.01,843334.01,1.2819572092207898
873334.01,878334.01,883334.01,1.2720664260202703
883334.01,888334.01,893334.01,3.5008857803807705
888334.01,893334.01,898334.01,2.267941647252193
