Start,Border,End,Score
817001.01,822001.01,827001.01,3.5865688071718878
822001.01,827001.01,832001.01,4.187494348466935
867001.01,872001.01,877001.01,4.854255848747433
