Start,Border,End,Score
286501.01,291501.01,296501.01,6.013858548184468
291501.01,296501.01,301501.01,2.6961435692799585
301501.01,306501.01,311501.01,2.1872634225046044
