Start,Border,End,Score
1611626.01,1616626.01,1621626.01,1.503699713968914
1641626.01,1646626.01,1651626.01,4.133579939079368
1691626.01,1696626.01,1701626.01,2.8900272416658006
