Start,Border,End,Score
1883376,1888376,1893376,5.6093046364162245
1928376,1933376,1938376,5.84743023882192
2008376,2013376,2018376,19.683703421695245
