Start,Border,End,Score
1947709.01,1952709.01,1957709.01,0.9023101910647046
1952709.01,1957709.01,1962709.01,0.7241132178839008
2027709.01,2032709.01,2037709.01,0.6508913872141299
2032709.01,2037709.01,2042709.01,0.6338060023441554
2037709.01,2042709.01,2047709.01,0.7177389165780814
