Start,Border,End,Score
757001.01,762001.01,767001.01,0.4668401261694247
762001.01,767001.01,772001.01,0.6880809718784922
772001.01,777001.01,782001.01,0.4525538938122563
792001.01,797001.01,802001.01,0.4569336537747123
817001.01,822001.01,827001.01,0.4736404911131008
857001.01,862001.01,867001.01,1.626975618802071
877001.01,882001.01,887001.01,0.6234182620356914
