Start,Border,End,Score
276501.01,281501.01,286501.01,3.35213760812646
306501.01,311501.01,316501.01,10.93473765208132
