Start,Border,End,Score
757001.01,762001.01,767001.01,3.5769643697998217
892001.01,897001.01,902001.01,3.460499149251868
902001.01,907001.01,912001.01,3.31844623352986
