Start,Border,End,Score
1999709,2004709,2009709,1.825271444927885
2014709,2019709,2024709,2.3932990928254414
2019709,2024709,2029709,1.876396939709718
2024709,2029709,2034709,1.6866350467790183
2029709,2034709,2039709,4.539875473093411
