Start,Border,End,Score
1660959.01,1665959.01,1670959.01,1.4880318287017922
1665959.01,1670959.01,1675959.01,1.5218306009068534
1675959.01,1680959.01,1685959.01,1.4866255285891474
1715959.01,1720959.01,1725959.01,1.6100154433932357
1720959.01,1725959.01,1730959.01,3.5439789737426404
1725959.01,1730959.01,1735959.01,1.9238604988404344
1765959.01,1770959.01,1775959.01,1.6523763943314989
