Start,Border,End,Score
1397876.01,1402876.01,1407876.01,0.6944938343679354
1407876.01,1412876.01,1417876.01,1.151566608832638
1442876.01,1447876.01,1452876.01,0.7496576492221049
1452876.01,1457876.01,1462876.01,0.7071589415460552
1487876.01,1492876.01,1497876.01,0.6876752156027639
