Start,Border,End,Score
1642209.01,1647209.01,1652209.01,1.7929194437388651
1647209.01,1652209.01,1657209.01,1.351427213689983
1712209.01,1717209.01,1722209.01,1.2446882135417388
