Start,Border,End,Score
221501.01,226501.01,231501.01,0.7854725109102678
281501.01,286501.01,291501.01,0.3490448183482109
301501.01,306501.01,311501.01,0.3349633045176987
306501.01,311501.01,316501.01,0.4205522992215214
