Start,Border,End,Score
792209.01,797209.01,802209.01,1.3371131858987884
797209.01,802209.01,807209.01,1.265095183424204
822209.01,827209.01,832209.01,1.254017709802878
897209.01,902209.01,907209.01,1.4510958321791558
