Start,Border,End,Score
221501.01,226501.01,231501.01,1.7663863150438672
226501.01,231501.01,236501.01,2.4071309489886654
296501.01,301501.01,306501.01,1.7873675613054252
