Start,Border,End,Score
1335209.01,1340209.01,1345209.01,2.6416039672665272
1355209.01,1360209.01,1365209.01,2.1585264093166234
