Start,Border,End,Score
1154209.01,1159209.01,1164209.01,3.973150966301668
1164209.01,1169209.01,1174209.01,4.211529328682516
