Start,Border,End,Score
1645334,1650334,1655334,0.6597859990308073
1660334,1665334,1670334,0.9556045782856006
1675334,1680334,1685334,0.8217222430185808
