Start,Border,End,Score
1967792.01,1972792.01,1977792.01,1.022206612018474
1972792.01,1977792.01,1982792.01,0.5123977310195728
2017792.01,2022792.01,2027792.01,0.5343512670334433
