Start,Border,End,Score
869084.01,874084.01,879084.01,1.062658295700515
874084.01,879084.01,884084.01,1.1025652862321078
919084.01,924084.01,929084.01,1.2930566614480168
924084.01,929084.01,934084.01,1.3170376232852103
949084.01,954084.01,959084.01,1.5020080215724825
