Start,Border,End,Score
1330209.01,1335209.01,1340209.01,2.1270138017689177
1370209.01,1375209.01,1380209.01,2.135187393632437
