Start,Border,End,Score
486626.01,491626.01,496626.01,11.09822318806549
541626.01,546626.01,551626.01,2.71173883593788
591626.01,596626.01,601626.01,1.6906628984734675
