Start,Border,End,Score
271501.01,276501.01,281501.01,0.8121232482194005
316501.01,321501.01,326501.01,0.9706237304574642
321501.01,326501.01,331501.01,1.0485039573448032
