Start,Border,End,Score
271501,276501,281501,6.9255530012356505
281501,286501,291501,4.144317564113234
