Start,Border,End,Score
617084.01,622084.01,627084.01,2.3458605218262485
627084.01,632084.01,637084.01,1.591990997477815
