Start,Border,End,Score
1325209.01,1330209.01,1335209.01,2.565077356495551
1330209.01,1335209.01,1340209.01,2.125095781225088
1335209.01,1340209.01,1345209.01,5.926397799029328
1395209.01,1400209.01,1405209.01,1.965122209826275
