Start,Border,End,Score
1129209,1134209,1139209,1.1961396774938318
1154209,1159209,1164209,1.5594670530049588
1159209,1164209,1169209,1.1995098565409346
1194209,1199209,1204209,1.3165618169096631
