Start,Border,End,Score
246501.01,251501.01,256501.01,1.144458688777402
271501.01,276501.01,281501.01,1.1955206396279874
281501.01,286501.01,291501.01,1.031173639664914
286501.01,291501.01,296501.01,0.9369002874553296
