Start,Border,End,Score
1134209.01,1139209.01,1144209.01,0.5384739217182763
1144209.01,1149209.01,1154209.01,0.7803227897918805
1154209.01,1159209.01,1164209.01,0.6884131758017967
1164209.01,1169209.01,1174209.01,0.5297315587898495
