Start,Border,End,Score
833626,838626,843626,0.1591454141751455
838626,843626,848626,0.11070830894149
903626,908626,913626,0.4137682240732827
