Start,Border,End,Score
1325209.01,1330209.01,1335209.01,5.5092152488370285
1335209.01,1340209.01,1345209.01,1.2148267650239344
1355209.01,1360209.01,1365209.01,1.0168838707381824
