Start,Border,End,Score
546626.01,551626.01,556626.01,2.076751218447108
556626.01,561626.01,566626.01,0.5636520880854995
591626.01,596626.01,601626.01,0.7517268306377772
