Start,Border,End,Score
1330209.01,1335209.01,1340209.01,2.250234877446867
1355209.01,1360209.01,1365209.01,2.9491787711547808
1410209.01,1415209.01,1420209.01,2.381489442238788
1420209.01,1425209.01,1430209.01,4.6055695476993215
