Start,Border,End,Score
1595334.01,1600334.01,1605334.01,0.4907903659101424
1625334.01,1630334.01,1635334.01,0.9609234252172948
1630334.01,1635334.01,1640334.01,0.6004497223054575
