Window,Mean Valence,Max Valence,Min Valence,Median Valence,Mean Arousal,Max Arousal,Min Arousal,Median Arousal
1,2.218706467661691,3.819,0.5,2.112,7.660616915422885,9.136,6.843,7.261
2,1.3148308457711444,2.233,0.5,1.334,8.229985074626866,9.136,7.05,8.38
3,2.5541393034825868,2.891,1.848,2.89,7.406029850746269,7.977,7.222,7.371
4,1.7966567164179106,1.994,1.75,1.753,7.891840796019902,8.006,7.605,7.945
