Window,Mean Valence,Max Valence,Min Valence,Median Valence,Mean Arousal,Max Arousal,Min Arousal,Median Arousal
1,4.466542288557214,5.143,3.461,4.729,6.086870646766171,6.325,5.695,6.298
2,3.1488905472636817,5.437,1.129,3.082,8.128119402985075,9.5,6.399,8.643
3,0.6593582089552239,0.858,0.5,0.5,5.685258706467662,6.372,5.062,5.77
4,0.5,0.5,0.5,0.5,7.789099502487562,9.5,6.372,6.699
5,0.5,0.5,0.5,0.5,8.879363184079601,9.5,7.862,9.5
