Window,Mean Valence,Max Valence,Min Valence,Median Valence,Mean Arousal,Max Arousal,Min Arousal,Median Arousal
1,4.997388059701492,5.061,4.974,5.0,5.450845771144279,5.763,5.0,5.62
2,4.608288557213931,4.988,3.795,4.974,6.162542288557213,6.806,5.763,6.015
3,3.2566666666666673,3.562,2.985,3.266,6.895537313432836,6.943,6.819,6.903
4,4.6539154228855715,4.943,4.099,4.941,6.189582089552239,6.862,5.878,5.878
