Window,Mean Valence,Max Valence,Min Valence,Median Valence,Mean Arousal,Max Arousal,Min Arousal,Median Arousal
1,3.6966915422885576,4.719,1.968,4.143,8.47852736318408,9.5,7.314,9.05
2,2.509482587064677,4.143,1.968,2.4,9.27439303482587,9.5,8.883,9.343
3,2.94597512437811,3.03,2.549,2.994,7.5440746268656715,8.494,7.244,7.297
4,2.5150796019900494,3.304,1.464,3.07,7.867701492537314,9.452,6.763,6.849
5,2.0418407960199003,3.304,1.464,2.298,8.834467661691543,9.452,6.763,8.737
