Window,Mean Valence,Max Valence,Min Valence,Median Valence,Mean Arousal,Max Arousal,Min Arousal,Median Arousal
1,1.6672537313432836,4.655,0.5,0.5,7.914009950248757,9.5,3.926,9.5
2,0.5,0.5,0.5,0.5,9.497885572139303,9.5,9.358,9.5
3,0.70359,1.889,0.5,0.5,9.4391,9.5,8.52,9.5
4,0.5,0.5,0.5,0.5,9.5,9.5,9.5,9.5
