Window,Mean Valence,Max Valence,Min Valence,Median Valence,Mean Arousal,Max Arousal,Min Arousal,Median Arousal
1,3.910388059701493,4.051,3.835,3.907,6.471084577114428,6.538,6.375,6.481
2,2.9590248756218904,3.765,2.409,2.705,7.3197014925373125,7.945,6.624,7.439
3,3.1764114583333334,3.406,2.936,3.3005,8.008286458333336,8.093,7.771,8.006
