Window,Mean Valence,Max Valence,Min Valence,Median Valence,Mean Arousal,Max Arousal,Min Arousal,Median Arousal
1,4.6865371428571425,4.882,4.078,4.817,7.08376,8.218,6.206,7.115
2,4.171812865497077,4.882,3.867,3.946,8.066847953216374,8.271,7.8,8.1
3,3.3757860696517414,3.817,3.133,3.294,7.481363184079601,7.824,6.386,7.764
