Window,Mean Valence,Max Valence,Min Valence,Median Valence,Mean Arousal,Max Arousal,Min Arousal,Median Arousal
1,5.415169154228856,5.455,5.216,5.43,6.394686567164179,6.605,6.321,6.361
2,5.182865671641791,5.3,5.115,5.201,6.654567164179105,6.866,6.638,6.647
3,4.8230199004975125,5.055,4.365,4.848,7.348358208955224,7.362,7.283,7.361
4,5.0034179104477605,5.444,4.788,4.809,6.92926368159204,6.972,6.88,6.944
5,5.364825870646766,5.633,4.809,5.444,6.9359900497512434,6.994,6.88,6.948
