Window,Mean Valence,Max Valence,Min Valence,Median Valence,Mean Arousal,Max Arousal,Min Arousal,Median Arousal
1,5.0,5.0,5.0,5.0,5.0,5.0,5.0,5.0
2,4.9044975124378105,5.063,4.79,4.837,6.086965174129353,6.107,6.069,6.089
3,4.038592039800995,4.79,3.254,3.853,6.8856815920398,7.41,6.107,7.273
4,3.2068059701492535,3.853,2.897,3.254,7.405129353233831,7.496,7.273,7.41
5,3.158970149253731,3.592,2.916,3.064,7.531268656716417,8.927,6.489,6.556
