Window,Mean Valence,Max Valence,Min Valence,Median Valence,Mean Arousal,Max Arousal,Min Arousal,Median Arousal
1,4.461542288557214,4.666,3.959,4.584,7.130636815920398,7.741,6.717,7.063
2,2.803268656716418,3.251,2.023,3.209,9.139567164179105,9.5,8.822,8.912
3,1.5627860696517413,1.75,1.532,1.532,9.5,9.5,9.5,9.5
4,2.0009601990049752,2.009,1.999,2.0,8.72170646766169,8.753,8.572,8.741
