Window,Mean Valence,Max Valence,Min Valence,Median Valence,Mean Arousal,Max Arousal,Min Arousal,Median Arousal
1,2.8588606965174135,4.981,0.964,1.694,7.534746268656718,8.527,6.406,8.267
2,1.3662189054726366,1.694,0.964,1.372,8.484796019900498,8.614,8.267,8.505
3,1.0307562189054724,2.112,0.845,0.983,8.856960199004975,9.058,8.1,8.86
