Window,Mean Valence,Max Valence,Min Valence,Median Valence,Mean Arousal,Max Arousal,Min Arousal,Median Arousal
1,2.2650995024875624,4.078,1.399,1.695,8.461980099502487,8.827,7.899,8.687
2,1.5963432835820897,1.764,1.399,1.615,8.670233830845772,8.827,8.463,8.693
3,1.7367661691542287,1.939,1.511,1.764,8.524213930348258,8.713,8.376,8.527
