Window,Mean Valence,Max Valence,Min Valence,Median Valence,Mean Arousal,Max Arousal,Min Arousal,Median Arousal
1,1.8418358208955223,3.876,0.5,0.5,7.0139303482587065,8.728,5.344,7.991
2,0.5930547263681593,1.323,0.5,0.5,8.600427860696518,9.479,6.796,8.586
3,0.8710646766169154,1.017,0.5,0.862,8.065109452736321,8.58,8.042,8.043
