Window,Mean Valence,Max Valence,Min Valence,Median Valence,Mean Arousal,Max Arousal,Min Arousal,Median Arousal
1,4.786427860696518,5.0,4.276,5.0,5.301870646766169,5.916,4.947,5.0
2,4.457064676616916,5.0,4.232,4.46,5.823044776119403,6.143,4.947,5.916
3,4.424412935323383,5.0,3.716,4.72,5.431935323383084,6.025,5.0,5.159
