Window,Mean Valence,Max Valence,Min Valence,Median Valence,Mean Arousal,Max Arousal,Min Arousal,Median Arousal
1,4.954761194029851,5.07,4.643,5.0,5.643358208955224,7.105,5.0,5.004
2,4.995741293532339,5.048,4.636,5.033,8.139134328358208,8.869,7.101,8.208
3,5.019651741293533,5.054,4.991,5.036,7.409139303482587,7.657,6.577,7.518
