Window,Mean Valence,Max Valence,Min Valence,Median Valence,Mean Arousal,Max Arousal,Min Arousal,Median Arousal
1,4.857497512437811,4.884,4.848,4.851,5.593781094527363,5.702,5.412,5.62
2,4.848601990049751,4.851,4.848,4.848,5.7362189054726365,5.9,5.62,5.702
3,4.864492537313432,4.958,4.848,4.848,5.9399253731343284,6.338,5.702,5.9
4,4.982965174129352,5.041,4.822,5.041,7.433875621890547,7.754,7.24,7.363
