Window,Mean Valence,Max Valence,Min Valence,Median Valence,Mean Arousal,Max Arousal,Min Arousal,Median Arousal
1,3.4499999999999997,3.766,2.498,3.468,6.640253731343284,7.155,5.929,7.021
2,2.952572139303482,3.137,2.887,2.93,6.380900497512439,6.879,6.119,6.185
3,2.92305472636816,3.01,2.648,2.896,6.76520895522388,7.01,6.185,6.879
4,2.7410497512437817,2.918,2.533,2.648,7.012452736318408,7.157,6.879,7.01
5,2.3054179104477606,2.533,2.052,2.333,7.047905472636815,7.157,6.893,7.056
