Window,Mean Valence,Max Valence,Min Valence,Median Valence,Mean Arousal,Max Arousal,Min Arousal,Median Arousal
1,1.454283582089552,3.128,0.5,0.643,4.816845771144279,7.403,1.023,5.855
2,0.5756766169154228,0.996,0.5,0.5,6.546393034825871,9.5,1.023,7.403
3,0.5,0.5,0.5,0.5,9.5,9.5,9.5,9.5
4,1.0049249999999998,1.97,0.5,0.9015,5.365945000000002,8.008,4.804,4.984
5,1.8277313432835822,1.97,1.762,1.762,6.602253731343284,6.852,5.787,6.795
6,1.686134328358209,4.711,0.5,1.734,7.946656716417911,9.5,5.896,6.852
7,0.5,0.5,0.5,0.5,9.5,9.5,9.5,9.5
