Window,Mean Valence,Max Valence,Min Valence,Median Valence,Mean Arousal,Max Arousal,Min Arousal,Median Arousal
1,5.194253731343284,5.573,4.64,5.441,5.846532338308457,6.439,5.464,5.747
2,4.832562189054727,5.573,4.48,4.771,6.395417910447762,6.632,5.747,6.439
3,4.826169154228856,5.387,4.752,4.815,6.543164179104477,6.806,5.393,6.743
4,5.151338308457712,5.427,4.815,5.387,5.796616915422885,6.743,5.262,5.393
