Window,Mean Valence,Max Valence,Min Valence,Median Valence,Mean Arousal,Max Arousal,Min Arousal,Median Arousal
1,4.978820895522388,5.848,3.181,4.975,8.247651741293534,9.5,5.921,9.406
2,5.108781094527363,5.724,3.181,5.207,9.454741293532338,9.5,8.859,9.5
