Window,Mean Valence,Max Valence,Min Valence,Median Valence,Mean Arousal,Max Arousal,Min Arousal,Median Arousal
1,5.466064676616915,7.513,4.257,5.276,8.069701492537314,9.5,7.216,7.84
2,4.617223880597015,5.303,4.198,4.395,8.980328358208956,9.5,7.592,9.434
3,3.1984726368159206,7.211,2.305,3.716,9.111572139303483,9.5,8.703,8.759
4,2.757089552238806,3.662,2.478,2.854,9.188094527363184,9.5,8.334,9.336
5,3.5395771144278605,4.535,2.854,3.662,8.5375223880597,9.336,8.145,8.334
