Window,Mean Valence,Max Valence,Min Valence,Median Valence,Mean Arousal,Max Arousal,Min Arousal,Median Arousal
1,1.742437810945274,3.414,0.5,0.961,9.290363184079602,9.5,8.557,9.5
2,0.8602736318407961,0.965,0.5,0.956,9.5,9.5,9.5,9.5
3,0.5102139303482587,0.87,0.5,0.5,9.385960199004975,9.5,7.804,9.5
