Window,Mean Valence,Max Valence,Min Valence,Median Valence,Mean Arousal,Max Arousal,Min Arousal,Median Arousal
1,4.836835820895522,5.015,4.322,4.785,7.466646766169156,8.409,6.628,7.382
2,4.079532338308458,4.785,3.723,3.933,8.43108457711443,8.468,8.409,8.441
3,3.563686567164179,3.671,3.378,3.622,7.920726368159203,8.434,6.915,8.311
