Window,Mean Valence,Max Valence,Min Valence,Median Valence,Mean Arousal,Max Arousal,Min Arousal,Median Arousal
1,4.744094527363184,4.765,4.694,4.765,5.3415323383084585,5.445,5.303,5.313
2,4.461746268656716,4.694,4.299,4.463,5.989885572139304,6.293,5.445,6.056
3,4.317119402985075,4.463,4.272,4.299,6.255547263681591,6.347,6.056,6.293
4,4.288049751243781,4.388,3.97,4.28,7.234348258706467,8.299,6.347,7.532
5,3.1047462686567164,5.102,2.561,2.677,9.02489054726368,9.5,6.712,9.169
