Window,Mean Valence,Max Valence,Min Valence,Median Valence,Mean Arousal,Max Arousal,Min Arousal,Median Arousal
1,4.271154228855721,5.052,4.067,4.172,8.873308457711442,8.997,8.353,8.973
2,4.46373631840796,5.228,3.399,4.688,8.00100497512438,9.399,6.102,7.616
