Window,Mean Valence,Max Valence,Min Valence,Median Valence,Mean Arousal,Max Arousal,Min Arousal,Median Arousal
1,4.414333333333333,5.133,3.457,4.526,7.025651741293533,7.358,6.372,7.136
2,3.613,4.526,3.446,3.457,7.324029850746269,7.363,7.136,7.358
3,2.6592985074626867,3.284,1.97,2.628,8.110860696517413,8.394,7.812,8.039
