Window,Mean Valence,Max Valence,Min Valence,Median Valence,Mean Arousal,Max Arousal,Min Arousal,Median Arousal
1,1.5837661691542289,2.169,1.108,1.412,8.302985074626866,8.784,7.289,8.421
2,1.2375771144278607,1.449,0.832,1.359,8.626786069651741,8.765,8.389,8.646
3,1.5703383084577116,1.602,1.558,1.558,7.037437810945274,7.109,6.94,7.025
