Window,Mean Valence,Max Valence,Min Valence,Median Valence,Mean Arousal,Max Arousal,Min Arousal,Median Arousal
1,3.0951940298507465,3.224,2.902,3.224,5.954562189054728,6.565,5.734,5.734
2,2.9723084577114425,3.224,2.902,2.977,6.3757761194029845,6.649,5.734,6.531
