Window,Mean Valence,Max Valence,Min Valence,Median Valence,Mean Arousal,Max Arousal,Min Arousal,Median Arousal
1,1.1337014925373134,1.18,1.071,1.128,7.626313432835819,7.927,6.721,7.927
2,0.8349751243781094,1.128,0.5,1.128,8.658875621890546,9.5,7.927,7.927
3,0.5,0.5,0.5,0.5,9.5,9.5,9.5,9.5
4,0.5,0.5,0.5,0.5,9.5,9.5,9.5,9.5
