Start,Border,End,Valence,Arousal,Valence Diff,Arousal Diff,Score,GSR_Diff,BVP_Diff,RSP_Diff,SKT_Diff,EMG_ZYGO_Diff,EMG_CORU_Diff,EMG_TRAP_Diff
869084.01,874084.01,879084.01,4.863,3.606,0.17300000000000004,0.04800000000000004,1.062658295700515,0.24100000000000144,1.4820000000000064,0.2610000000000028,0.0070000000000014495,0.08200000000000074,0.04100000000000037,0.45199999999999996
874084.01,879084.01,884084.01,4.824,3.606,0.7240000000000002,0.13999999999999968,1.1025652862321078,0.07499999999999929,1.6950000000000003,0.20299999999999585,0.013999999999999346,0.4109999999999996,0.20500000000000007,0.2879999999999985
919084.01,924084.01,929084.01,3.737,3.493,0.0019999999999997797,0.03399999999999981,1.2930566614480168,0.11899999999999977,0.38800000000000523,1.3639999999999972,0.013999999999999346,0.3689999999999998,0.12400000000000055,0.4919999999999991
924084.01,929084.01,934084.01,3.737,3.459,0.0,0.03399999999999981,1.3170376232852103,0.7799999999999994,0.7549999999999955,0.16499999999999915,0.02400000000000091,0.08199999999999985,0.04100000000000037,0.16499999999999915
949084.01,954084.01,959084.01,3.771,3.245,0.07499999999999973,0.03399999999999981,1.5020080215724825,0.06999999999999851,1.5889999999999986,0.42600000000000193,0.007999999999999119,0.2469999999999999,0.16500000000000004,0.7799999999999994
