Start,Border,End,Valence,Arousal,Valence Diff,Arousal Diff,Score,GSR_Diff,BVP_Diff,RSP_Diff,SKT_Diff,EMG_ZYGO_Diff,EMG_CORU_Diff,EMG_TRAP_Diff
221501.01,226501.01,231501.01,5.0,5.0,0.0039999999999995595,1.7080000000000002,1.7663863150438672,0.05900000000000105,1.8299999999999983,0.1840000000000046,0.0030000000000001137,1.5599999999999996,1.314,0.657
226501.01,231501.01,236501.01,5.004,3.292,0.0039999999999995595,2.006,2.4071309489886654,0.17799999999999727,3.6809999999999974,0.7160000000000011,0.003999999999997783,4.066,2.67,0.4110000000000005
296501.01,301501.01,306501.01,3.266,1.323,0.0,0.0029999999999998916,1.7873675613054252,0.10200000000000031,3.8939999999999984,0.6969999999999956,0.03500000000000014,2.053,0.4109999999999996,1.1499999999999995
