Start,Border,End,Valence,Arousal,Valence Diff,Arousal Diff,Score,GSR_Diff,BVP_Diff,RSP_Diff,SKT_Diff,EMG_ZYGO_Diff,EMG_CORU_Diff,EMG_TRAP_Diff
1134209.01,1139209.01,1144209.01,3.848,2.544,0.052999999999999936,0.09299999999999997,0.5384739217182763,0.18200000000000038,1.1039999999999992,0.13500000000000512,0.0030000000000001137,0.6979999999999995,0.041999999999999815,1.3549999999999995
1144209.01,1149209.01,1154209.01,3.828,2.61,0.8620000000000001,0.06400000000000006,0.7803227897918805,0.19699999999999918,0.8329999999999984,0.8710000000000022,0.010000000000001563,0.32899999999999974,0.041999999999999815,0.7389999999999999
1154209.01,1159209.01,1164209.01,2.967,2.745,0.0,0.09100000000000019,0.6884131758017967,0.09800000000000075,0.8429999999999964,0.10600000000000165,0.010000000000001563,0.3689999999999998,0.04100000000000037,0.4930000000000003
1164209.01,1169209.01,1174209.01,2.97,2.751,0.005999999999999783,0.005999999999999783,0.5297315587898495,0.26399999999999935,0.35899999999999466,0.2710000000000008,0.0070000000000014495,0.08199999999999985,0.12399999999999967,0.32899999999999974
