Start,Border,End,Valence,Arousal,Valence Diff,Arousal Diff,Score,GSR_Diff,BVP_Diff,RSP_Diff,SKT_Diff,EMG_ZYGO_Diff,EMG_CORU_Diff,EMG_TRAP_Diff
1325209.01,1330209.01,1335209.01,5.0,5.0,0.0,0.03599999999999959,5.5092152488370285,2.4250000000000007,0.5429999999999993,0.4750000000000014,0.006999999999997897,0.2469999999999999,0.24599999999999866,3.490000000000001
1335209.01,1340209.01,1345209.01,5.0,5.0,0.3049999999999997,0.19599999999999973,1.2148267650239344,1.1000000000000014,0.37700000000000244,1.8879999999999981,0.010999999999999233,0.12299999999999933,1.3550000000000004,1.314
1355209.01,1360209.01,1365209.01,5.326,4.101,0.08700000000000063,0.10499999999999954,1.0168838707381824,0.22800000000000153,0.9199999999999946,0.7359999999999971,0.006999999999997897,1.0270000000000001,1.8070000000000004,0.04100000000000037
