Start,Border,End,Valence,Arousal,Valence Diff,Arousal Diff,Score,GSR_Diff,BVP_Diff,RSP_Diff,SKT_Diff,EMG_ZYGO_Diff,EMG_CORU_Diff,EMG_TRAP_Diff
1590334.01,1595334.01,1600334.01,5.0,5.0,0.0,0.0,2.2520063899900853,0.859,1.240000000000002,2.0519999999999996,0.013999999999999346,1.971,0.49299999999999944,16.92
