Start,Border,End,Valence,Arousal,Valence Diff,Arousal Diff,Score,GSR_Diff,BVP_Diff,RSP_Diff,SKT_Diff,EMG_ZYGO_Diff,EMG_CORU_Diff,EMG_TRAP_Diff
2002334.01,2007334.01,2012334.01,5.0,5.05,0.0,0.0,1.718702921300781,0.08699999999999974,3.2349999999999994,0.18400000000000105,0.010999999999999233,0.24599999999999955,0.4109999999999996,0.0
