Start,Border,End,Valence,Arousal,Valence Diff,Arousal Diff,Score,GSR_Diff,BVP_Diff,RSP_Diff,SKT_Diff,EMG_ZYGO_Diff,EMG_CORU_Diff,EMG_TRAP_Diff
833626,838626,843626,3.808,4.941,0.0,0.09399999999999942,0.1591454141751455,0.24899999999999878,0.794000000000004,0.08699999999999974,0.0030000000000001137,0.08199999999999985,0.1639999999999997,0.9450000000000003
838626,843626,848626,3.808,4.847,0.0,0.09399999999999942,0.11070830894149,0.17299999999999827,1.171999999999997,0.48400000000000176,0.004000000000001336,0.1639999999999997,0.2060000000000004,0.8209999999999997
903626,908626,913626,3.671,3.873,0.007000000000000117,0.3360000000000003,0.4137682240732827,0.2049999999999983,0.5910000000000011,0.6769999999999996,0.0070000000000014495,0.16499999999999915,0.3700000000000001,1.5190000000000001
