Start,Border,End,Valence,Arousal,Valence Diff,Arousal Diff,Score,GSR_Diff,BVP_Diff,RSP_Diff,SKT_Diff,EMG_ZYGO_Diff,EMG_CORU_Diff,EMG_TRAP_Diff
1630792.01,1635792.01,1640792.01,5.0,5.0,0.0,0.25100000000000033,0.5862836792113303,1.911999999999999,2.683,0.1739999999999995,0.01099999999999568,0.08200000000000074,0.45199999999999996,0.20499999999999918
