Start,Border,End,Valence,Arousal,Valence Diff,Arousal Diff,Score,GSR_Diff,BVP_Diff,RSP_Diff,SKT_Diff,EMG_ZYGO_Diff,EMG_CORU_Diff,EMG_TRAP_Diff
321501.01,326501.01,331501.01,5.152,1.757,0.038000000000000256,0.2160000000000002,2.836633515376848,0.07900000000000063,1.3460000000000036,0.2900000000000027,0.02400000000000091,0.1639999999999997,0.3279999999999994,0.08200000000000074
