Start,Border,End,Valence,Arousal,Valence Diff,Arousal Diff,Score,GSR_Diff,BVP_Diff,RSP_Diff,SKT_Diff,EMG_ZYGO_Diff,EMG_CORU_Diff,EMG_TRAP_Diff
1335209.01,1340209.01,1345209.01,5.0,5.0,0.20099999999999962,1.154,2.6416039672665272,1.5330000000000013,1.0360000000000014,0.6099999999999994,0.04200000000000159,60.288000000000004,29.939,2.136
1355209.01,1360209.01,1365209.01,4.528,3.196,0.3160000000000007,0.04800000000000004,2.1585264093166234,1.3959999999999937,0.14500000000000313,0.28999999999999915,0.08000000000000185,1.109,0.7809999999999997,0.9860000000000007
