Start,Border,End,Valence,Arousal,Valence Diff,Arousal Diff,Score,GSR_Diff,BVP_Diff,RSP_Diff,SKT_Diff,EMG_ZYGO_Diff,EMG_CORU_Diff,EMG_TRAP_Diff
792209.01,797209.01,802209.01,5.0,5.016,0.05799999999999983,0.45500000000000007,1.3371131858987884,0.2759999999999998,1.2970000000000041,0.20300000000000296,0.0030000000000001137,0.20499999999999918,0.0829999999999993,0.1639999999999997
797209.01,802209.01,807209.01,4.942,4.638,0.2400000000000002,0.8579999999999997,1.265095183424204,0.29999999999999893,0.9779999999999944,0.22299999999999898,0.0070000000000014495,0.12300000000000022,0.08199999999999985,0.3280000000000003
822209.01,827209.01,832209.01,4.353,3.002,0.10400000000000009,0.5669999999999997,1.254017709802878,0.5399999999999991,0.3780000000000001,0.38700000000000045,0.0070000000000014495,0.0829999999999993,0.08199999999999985,0.1640000000000006
897209.01,902209.01,907209.01,4.366,2.688,0.08099999999999952,0.06400000000000006,1.4510958321791558,0.20899999999999963,0.3299999999999983,0.20299999999999585,0.013999999999999346,0.20599999999999952,0.0,0.3280000000000003
