Start,Border,End,Valence,Arousal,Valence Diff,Arousal Diff,Score,GSR_Diff,BVP_Diff,RSP_Diff,SKT_Diff,EMG_ZYGO_Diff,EMG_CORU_Diff,EMG_TRAP_Diff
546626.01,551626.01,556626.01,3.815,4.593,0.44399999999999995,0.21499999999999986,2.076751218447108,0.6859999999999999,0.4650000000000034,0.4839999999999982,0.021000000000000796,1.6019999999999994,0.04100000000000037,0.20599999999999952
556626.01,561626.01,566626.01,3.509,4.841,0.11499999999999977,0.055000000000000604,0.5636520880854995,0.13799999999999812,0.029000000000003467,1.1230000000000047,0.013999999999999346,1.4379999999999997,0.12300000000000022,0.24600000000000044
591626.01,596626.01,601626.01,3.268,5.025,0.5430000000000001,0.052999999999999936,0.7517268306377772,0.13799999999999812,0.29999999999999716,1.8969999999999985,0.028000000000002245,0.4930000000000003,0.08199999999999985,0.7800000000000002
