Start,Border,End,Valence,Arousal,Valence Diff,Arousal Diff,Score,GSR_Diff,BVP_Diff,RSP_Diff,SKT_Diff,EMG_ZYGO_Diff,EMG_CORU_Diff,EMG_TRAP_Diff
221501.01,226501.01,231501.01,5.089,4.696,0.15700000000000003,0.7460000000000004,0.7854725109102678,1.230000000000004,0.6969999999999956,0.6289999999999978,0.006999999999997897,0.0,0.08300000000000018,0.5750000000000028
281501.01,286501.01,291501.01,4.898,2.261,0.0030000000000001137,0.41100000000000003,0.3490448183482109,0.3589999999999982,0.8719999999999999,0.6099999999999994,0.00999999999999801,0.0,0.04099999999999948,5.298000000000002
301501.01,306501.01,311501.01,5.128,1.888,0.2560000000000002,0.0,0.3349633045176987,0.4930000000000021,0.3290000000000006,1.431999999999995,0.013999999999999346,0.0,0.4110000000000005,2.136000000000003
306501.01,311501.01,316501.01,5.136,1.888,0.008000000000000007,0.19799999999999995,0.4205522992215214,0.5600000000000023,0.2610000000000028,0.929000000000002,0.00999999999999801,0.08200000000000074,0.04100000000000037,4.313000000000002
