Start,Border,End,Score
1563876.01,1568876.01,1573876.01,2.950682884169637
1638876.01,1643876.01,1648876.01,3.232551351756828
1643876.01,1648876.01,1653876.01,4.850089471724587
1648876.01,1653876.01,1658876.01,5.754751337874287
