Start,Border,End,Score
1345209.01,1350209.01,1355209.01,0.6386988605124441
1450209.01,1455209.01,1460209.01,0.7314383554906139
