Start,Border,End,Score
1162751.01,1167751.01,1172751.01,1.8982579827494144
1212751.01,1217751.01,1222751.01,3.172700246996004
1217751.01,1222751.01,1227751.01,11.775018874784193
