Start,Border,End,Score
2256459.01,2261459.01,2266459.01,0.6052758197258137
2271459.01,2276459.01,2281459.01,0.8746614433531611
2276459.01,2281459.01,2286459.01,1.258140101517298
