Start,Border,End,Score
221501.01,226501.01,231501.01,3.243430342094121
271501.01,276501.01,281501.01,3.837078218287372
356501.01,361501.01,366501.01,2.8832995187783883
