Start,Border,End,Score
537084.01,542084.01,547084.01,2.0208762481967835
607084.01,612084.01,617084.01,0.3450211885897039
622084.01,627084.01,632084.01,0.4903258852991783
