Start,Border,End,Score
1939459.01,1944459.01,1949459.01,2.6892955116372783
1944459.01,1949459.01,1954459.01,6.48046034105321
