Start,Border,End,Score
1885876.01,1890876.01,1895876.01,3.9617519850816727
1900876.01,1905876.01,1910876.01,1.2160260962695106
2015876.01,2020876.01,2025876.01,1.001594842956238
