Start,Border,End,Score
1087751.01,1092751.01,1097751.01,5.40340883839664
1152751.01,1157751.01,1162751.01,3.2269662034717355
