Start,Border,End,Score
1325209.01,1330209.01,1335209.01,1.96487949519567
1350209.01,1355209.01,1360209.01,1.1509563988638916
