Start,Border,End,Score
1340209.01,1345209.01,1350209.01,3.3427098455612176
1350209.01,1355209.01,1360209.01,3.9641498279615712
1440209.01,1445209.01,1450209.01,5.525115978154135
