Start,Border,End,Score
1583876.01,1588876.01,1593876.01,4.762688122028221
1643876.01,1648876.01,1653876.01,4.9918264598765045
