Start,Border,End,Score
1117751.01,1122751.01,1127751.01,2.6263065853434804
1122751.01,1127751.01,1132751.01,2.449445329474794
1172751.01,1177751.01,1182751.01,3.5138526959513925
1177751.01,1182751.01,1187751.01,3.6572231149738825
1192751.01,1197751.01,1202751.01,21.06375116310121
1202751.01,1207751.01,1212751.01,2.7216104875346034
1207751.01,1212751.01,1217751.01,3.004026730542867
