Start,Border,End,Score
535168,540168,545168,2.2304251188571644
540168,545168,550168,4.060956193577965
590168,595168,600168,2.186796166758086
