Start,Border,End,Score
1638876.01,1643876.01,1648876.01,6.347623747859888
1688876.01,1693876.01,1698876.01,49.13243151029931
