Start,Border,End,Score
765751.01,770751.01,775751.01,3.215047617702401
770751.01,775751.01,780751.01,2.936545594480582
815751.01,820751.01,825751.01,1.1128907712828466
