Start,Border,End,Score
1117751.01,1122751.01,1127751.01,1.4810554764951434
1197751.01,1202751.01,1207751.01,1.196545574588831
1217751.01,1222751.01,1227751.01,1.3863187507830077
