Start,Border,End,Score
1642209.01,1647209.01,1652209.01,1.903921394980003
1662209.01,1667209.01,1672209.01,1.5940720171191716
1707209.01,1712209.01,1717209.01,1.5157910697778787
