Start,Border,End,Score
460168.01,465168.01,470168.01,2.601611465277162
520168.01,525168.01,530168.01,2.1706828323444176
