Start,Border,End,Score
849084,854084,859084,1.1971149429973664
854084,859084,864084,1.3617826154353003
864084,869084,874084,1.122749096477239
874084,879084,884084,2.561238592956929
879084,884084,889084,1.2175846338958096
979084,984084,989084,1.160555555844414
