Start,Border,End,Score
2186459.01,2191459.01,2196459.01,2.364099017810236
2191459.01,2196459.01,2201459.01,4.5064867030693785
2196459.01,2201459.01,2206459.01,1.517218802831209
2321459.01,2326459.01,2331459.01,4.350669186234617
