Start,Border,End,Score
1869459.01,1874459.01,1879459.01,6.122371344800163
1914459.01,1919459.01,1924459.01,4.454450371051992
1994459.01,1999459.01,2004459.01,6.289864389267093
