Start,Border,End,Score
515168.01,520168.01,525168.01,1.420034940268531
535168.01,540168.01,545168.01,0.8636066874181015
