Start,Border,End,Score
884084.01,889084.01,894084.01,1.0010968793636077
894084.01,899084.01,904084.01,0.9960286358949616
899084.01,904084.01,909084.01,1.070177100372538
904084.01,909084.01,914084.01,1.1820802488120217
934084.01,939084.01,944084.01,1.04706929766646
959084.01,964084.01,969084.01,0.9710703521967972
