Start,Border,End,Score
1330209,1335209,1340209,1.5069638495828532
1400209,1405209,1410209,0.8330099133233998
1405209,1410209,1415209,0.57581468891711
1430209,1435209,1440209,0.9411409408599216
1435209,1440209,1445209,0.584577022138313
1460209,1465209,1470209,0.5547643083331731
