Start,Border,End,Score
2311459.01,2316459.01,2321459.01,4.56750322635975
2316459.01,2321459.01,2326459.01,6.125682611618617
