Start,Border,End,Score
1984459.01,1989459.01,1994459.01,3.7088996790469135
1989459.01,1994459.01,1999459.01,3.497665477067626
