Start,Border,End,Score
538501,543501,548501,1.2307670343869537
568501,573501,578501,0.6669807144097266
613501,618501,623501,0.9587007273231176
658501,663501,668501,0.6623738860919149
