Start,Border,End,Score
336501.01,341501.01,346501.01,1.392519761121472
346501.01,351501.01,356501.01,1.19180342234715
356501.01,361501.01,366501.01,0.8134272431007926
