Start,Border,End,Valence,Arousal,Valence Diff,Arousal Diff,Score,GSR_Diff,BVP_Diff,RSP_Diff,SKT_Diff,EMG_ZYGO_Diff,EMG_CORU_Diff,EMG_TRAP_Diff
1924459.01,1929459.01,1934459.01,5.573,5.747,0.8010000000000002,0.9749999999999996,6.528171753293951,6.295999999999999,4.445,1.4030000000000058,0.007000000000005002,0.9440000000000008,0.04100000000000037,0.0
1929459.01,1934459.01,1939459.01,4.64,6.439,0.6080000000000005,0.8849999999999998,6.494050459160865,8.240000000000002,2.2860000000000014,2.6430000000000007,0.003999999999997783,1.3969999999999994,0.04099999999999948,1.4379999999999997
2019459.01,2024459.01,2029459.01,4.815,6.743,0.6349999999999998,1.4130000000000003,5.551276241005162,0.1930000000000014,1.4239999999999995,0.11700000000000443,0.08800000000000097,0.04099999999999948,0.2869999999999999,3.3679999999999994
2024459.01,2029459.01,2034459.01,5.387,5.393,0.6119999999999992,1.4810000000000008,6.097097489754106,0.27600000000000335,1.2889999999999944,5.7010000000000005,0.06700000000000017,0.08199999999999985,0.32899999999999974,1.232000000000001
