Start,Border,End,Valence,Arousal,Valence Diff,Arousal Diff,Score,GSR_Diff,BVP_Diff,RSP_Diff,SKT_Diff,EMG_ZYGO_Diff,EMG_CORU_Diff,EMG_TRAP_Diff
755293.01,760293.01,765293.01,4.765,5.313,0.07099999999999973,0.14200000000000035,5.205311943355815,0.23300000000000054,0.06799999999999784,0.4549999999999983,0.01699999999999946,12.976999999999997,4.928000000000001,3.0390000000000015
765293.01,770293.01,775293.01,4.463,6.056,0.3949999999999996,0.8479999999999999,6.671576091567369,0.6780000000000008,0.01999999999999602,0.5330000000000013,0.03900000000000148,20.863,4.846,2.751999999999999
770293.01,775293.01,780293.01,4.299,6.293,0.19099999999999984,0.29100000000000037,7.688587729112706,0.45700000000000074,0.08699999999999619,0.2809999999999988,0.01699999999999946,15.810999999999993,4.763999999999999,2.7509999999999977
780293.01,785293.01,790293.01,4.322,7.532,0.09699999999999953,1.951999999999999,4.901526328888298,5.338000000000001,1.8299999999999983,0.3089999999999975,0.021000000000000796,43.162000000000006,6.693999999999999,6.612000000000002
840293.01,845293.01,850293.01,2.677,9.457,2.111,1.875,5.038669685660897,2.7600000000000016,0.5140000000000029,1.3359999999999985,0.08800000000000097,4.723000000000001,0.4930000000000003,1.600999999999999
