Start,Border,End,Valence,Arousal,Valence Diff,Arousal Diff,Score,GSR_Diff,BVP_Diff,RSP_Diff,SKT_Diff,EMG_ZYGO_Diff,EMG_CORU_Diff,EMG_TRAP_Diff
1889001.01,1894001.01,1899001.01,4.067,8.973,0.8339999999999996,0.38700000000000045,16.7582140591844,4.348999999999997,0.6679999999999993,0.5609999999999999,0.028999999999999915,0.2060000000000004,0.45199999999999996,0.4110000000000005
1939001.01,1944001.01,1949001.01,4.688,7.575,0.13600000000000012,0.42799999999999994,6.00315101152687,2.437000000000001,0.38700000000000045,0.784000000000006,0.0030000000000001137,2.3819999999999997,1.2320000000000002,0.12399999999999967
