Start,Border,End,Valence,Arousal,Valence Diff,Arousal Diff,Score,GSR_Diff,BVP_Diff,RSP_Diff,SKT_Diff,EMG_ZYGO_Diff,EMG_CORU_Diff,EMG_TRAP_Diff
2244584.01,2249584.01,2254584.01,3.224,5.734,0.24700000000000033,0.8310000000000004,25.67585073013188,3.1340000000000003,0.08800000000000097,0.5620000000000012,0.02499999999999858,0.6159999999999997,2.3000000000000007,1.684000000000001
2249584.01,2254584.01,2259584.01,2.977,6.565,0.24700000000000033,0.8579999999999997,5.6684811860060975,4.368,0.09700000000000131,0.8810000000000002,0.010000000000001563,0.5750000000000002,1.5600000000000005,0.9850000000000012
