Start,Border,End,Valence,Arousal,Valence Diff,Arousal Diff,Score,GSR_Diff,BVP_Diff,RSP_Diff,SKT_Diff,EMG_ZYGO_Diff,EMG_CORU_Diff,EMG_TRAP_Diff
582084,587084,592084,0.5,1.061,2.628,1.476,7.147398032596187,12.901,0.8330000000000055,5.332999999999998,0.055999999999997385,10.349,1.5190000000000001,0.04100000000000037
587084,592084,597084,0.5,7.403,0.0,8.439,6.315957903076362,11.098000000000006,0.9200000000000017,0.42600000000000193,0.04899999999999949,1.9719999999999978,0.20599999999999952,1.1910000000000007
602084,607084,612084,0.5,9.5,0.0,0.0,6.061156417726199,2.9649999999999963,1.9470000000000027,1.8780000000000001,0.11200000000000188,10.185000000000002,1.314,0.24600000000000044
617084,622084,627084,0.821,4.893,1.47,2.220999999999999,6.346076616522099,1.6240000000000023,1.2109999999999985,3.174999999999997,0.10099999999999909,0.2869999999999999,0.28800000000000026,1.0679999999999996
627084,632084,637084,1.762,6.795,0.20799999999999996,1.0650000000000004,5.919750022680997,2.689,2.266999999999996,2.081000000000003,0.13700000000000045,0.7400000000000002,0.12399999999999967,0.04100000000000037
637084,642084,647084,1.84,6.705,1.262,2.6479999999999997,5.461403824312031,2.3260000000000005,0.9010000000000034,3.668999999999997,0.13000000000000256,24.805,0.9039999999999999,0.08200000000000074
657084,662084,667084,0.5,9.5,0.0,0.0,6.711475045268492,4.411999999999999,2.8569999999999993,0.07699999999999818,0.11599999999999966,9.075999999999999,0.08199999999999985,0.1639999999999997
