Start,Border,End,Valence,Arousal,Valence Diff,Arousal Diff,Score,GSR_Diff,BVP_Diff,RSP_Diff,SKT_Diff,EMG_ZYGO_Diff,EMG_CORU_Diff,EMG_TRAP_Diff
2169584.01,2174584.01,2179584.01,4.729,6.298,1.626,0.6280000000000001,5.241498535779782,1.061,0.8329999999999984,1.6939999999999955,0.0070000000000014495,0.3689999999999998,1.3549999999999986,10.103
2189584.01,2194584.01,2199584.01,3.082,8.643,4.305000000000001,3.101,5.301837724013817,3.3389999999999986,2.179000000000002,1.6550000000000011,0.0,0.8220000000000001,0.7799999999999994,3.901
2234584.01,2239584.01,2244584.01,0.5,5.77,0.358,1.3099999999999996,5.770675602090664,0.10999999999999943,0.1739999999999995,1.2100000000000009,0.013999999999999346,0.45199999999999996,13.47,1.3960000000000008
2244584.01,2249584.01,2254584.01,0.5,6.699,0.0,3.128,4.843143845631278,3.434000000000001,0.6000000000000014,2.246000000000002,0.013999999999999346,0.12299999999999933,6.980999999999998,1.1500000000000004
2259584.01,2264584.01,2269584.01,0.5,9.5,0.0,1.638,5.102547712769198,1.0919999999999987,0.23199999999999932,0.30999999999999517,0.006999999999997897,3.860999999999999,16.715000000000003,1.1500000000000004
