Start,Border,End,Valence,Arousal,Valence Diff,Arousal Diff,Score,GSR_Diff,BVP_Diff,RSP_Diff,SKT_Diff,EMG_ZYGO_Diff,EMG_CORU_Diff,EMG_TRAP_Diff
1834001,1839001,1844001,5.0,5.0,0.0,0.0,6.929874132044841,2.8740000000000006,1.8299999999999983,0.357999999999997,0.00999999999999801,0.08199999999999985,2.013,8.296000000000001
1884001,1889001,1894001,3.853,7.273,1.536,1.303,4.691702080713454,4.462999999999997,1.841000000000001,0.6200000000000045,0.02400000000000091,1.4779999999999998,4.887,1.0680000000000014
1939001,1944001,1949001,3.064,6.556,0.1200000000000001,1.8760000000000003,6.129299738754101,1.7310000000000016,1.4720000000000013,0.00999999999999801,0.028000000000002245,8.213999999999999,0.04100000000000037,2.8329999999999984
