Start,Border,End,Valence,Arousal,Valence Diff,Arousal Diff,Score,GSR_Diff,BVP_Diff,RSP_Diff,SKT_Diff,EMG_ZYGO_Diff,EMG_CORU_Diff,EMG_TRAP_Diff
1090876,1095876,1100876,5.276,7.677,3.146,1.373000000000001,4.516441348933476,15.052999999999997,3.071000000000005,0.5029999999999966,0.0070000000000014495,18.604,1.6020000000000003,5.257
1095876,1100876,1105876,4.367,9.066,1.0779999999999994,1.8230000000000004,5.001030468445402,4.759,3.584000000000003,1.471,0.0070000000000014495,8.09,0.041999999999999815,0.8210000000000006
1140876,1145876,1150876,3.716,8.759,1.177,0.7460000000000004,30.36331233965378,11.579,0.7750000000000057,0.4170000000000016,0.02500000000000213,43.449999999999996,1.1900000000000004,0.28800000000000026
1155876,1160876,1165876,2.854,9.336,1.1839999999999997,1.1660000000000004,5.993717586174084,3.9750000000000014,0.6490000000000009,0.38700000000000045,0.0070000000000014495,27.022999999999996,0.20500000000000007,0.1639999999999997
1160876,1165876,1170876,3.662,8.334,1.681,1.1690000000000005,3.882401136397556,2.9810000000000016,0.7169999999999987,0.1839999999999975,0.013999999999999346,1.6840000000000002,0.7389999999999999,0.4109999999999996
