Start,Border,End,Valence,Arousal,Valence Diff,Arousal Diff,Score,GSR_Diff,BVP_Diff,RSP_Diff,SKT_Diff,EMG_ZYGO_Diff,EMG_CORU_Diff,EMG_TRAP_Diff
276501,281501,286501,4.859,7.8,0.7389999999999999,2.0119999999999996,3.755464631902133,3.7729999999999997,0.8620000000000019,0.31899999999999906,0.0030000000000001137,1.5190000000000001,1.1499999999999995,0.9030000000000005
281501,286501,291501,4.078,8.218,0.992,0.2660000000000009,5.018458593744079,7.128,0.08699999999999619,0.5809999999999995,0.01699999999999946,0.2060000000000004,0.24599999999999955,1.3550000000000004
336501,341501,346501,3.288,7.824,0.4590000000000001,1.306,4.192369403731695,2.835000000000001,0.24200000000000443,0.532,0.0070000000000014495,0.5750000000000002,0.32899999999999974,7.3100000000000005
