Start,Border,End,Valence,Arousal,Valence Diff,Arousal Diff,Score,GSR_Diff,BVP_Diff,RSP_Diff,SKT_Diff,EMG_ZYGO_Diff,EMG_CORU_Diff,EMG_TRAP_Diff
521626.01,526626.01,531626.01,4.584,7.063,0.7070000000000003,1.024,9.848254011722194,2.5700000000000003,0.4070000000000036,0.5040000000000013,0.010000000000001563,0.6990000000000007,0.5750000000000002,0.2869999999999999
541626.01,546626.01,551626.01,3.215,8.88,1.1639999999999997,0.6280000000000001,6.924312852218206,3.571999999999999,0.27199999999999847,2.5360000000000014,0.021000000000000796,7.720999999999999,2.4640000000000004,3.080000000000001
616626.01,621626.01,626626.01,1.532,9.5,0.21799999999999997,0.0,8.97322943955329,0.6270000000000024,2.237000000000002,1.346,0.0,1.971,9.446,0.6159999999999997
636626.01,641626.01,646626.01,2.0,8.741,0.004999999999999893,0.09600000000000009,7.110945629855909,0.6000000000000014,2.110999999999997,0.4259999999999984,0.020999999999997243,4.8870000000000005,0.16499999999999915,0.2469999999999999
