Start,Border,End,Valence,Arousal,Valence Diff,Arousal Diff,Score,GSR_Diff,BVP_Diff,RSP_Diff,SKT_Diff,EMG_ZYGO_Diff,EMG_CORU_Diff,EMG_TRAP_Diff
820751.01,825751.01,830751.01,0.5,9.5,2.917,3.907,5.457508838841822,7.2620000000000005,1.093999999999994,0.8520000000000003,0.021999999999998465,1.1909999999999998,3.3259999999999996,10.431000000000001
825751.01,830751.01,835751.01,0.5,9.5,0.0,0.0,4.486567050193145,9.241,2.711999999999996,1.0550000000000033,0.0,0.4939999999999998,0.7390000000000008,41.190999999999995
905751.01,910751.01,915751.01,0.5,9.5,0.5980000000000001,0.0,3.888612784554801,1.257000000000005,1.384999999999998,0.4549999999999983,0.0070000000000014495,0.12300000000000022,4.5169999999999995,15.195
940751.01,945751.01,950751.01,0.5,9.5,0.0,0.0,6.125618366976736,3.6189999999999998,0.134999999999998,0.45500000000000185,0.0030000000000001137,0.4509999999999996,0.8620000000000001,4.805
