Start,Border,End,Valence,Arousal,Valence Diff,Arousal Diff,Score,GSR_Diff,BVP_Diff,RSP_Diff,SKT_Diff,EMG_ZYGO_Diff,EMG_CORU_Diff,EMG_TRAP_Diff
1347876.01,1352876.01,1357876.01,4.911,4.678,0.022999999999999687,0.3849999999999998,0.806789277732174,1.485999999999997,0.28999999999999915,2.5159999999999982,0.0030000000000001137,0.041999999999999815,0.04100000000000037,3.4909999999999997
1362876.01,1367876.01,1372876.01,5.067,4.417,0.0,0.1459999999999999,0.421673803326712,0.5360000000000014,0.4059999999999988,0.19299999999999784,0.0070000000000014495,0.08199999999999985,0.24600000000000044,8.706
1372876.01,1377876.01,1382876.01,5.067,4.34,0.0,0.10999999999999943,0.4396746136867332,0.4969999999999999,0.47399999999999665,0.16500000000000625,0.018000000000000682,0.08199999999999985,0.0,14.702
1412876.01,1417876.01,1422876.01,5.221,3.78,0.0,0.02400000000000002,0.3863561015497154,0.5920000000000023,0.010000000000005116,0.30100000000000193,0.00999999999999801,0.16500000000000004,0.08199999999999985,4.8870000000000005
1452876.01,1457876.01,1462876.01,5.221,3.696,0.11099999999999977,0.028999999999999915,0.4317551095499029,0.5519999999999996,0.7270000000000039,0.33899999999999864,0.0030000000000001137,14.703000000000001,5.215999999999999,7.7620000000000005
1492876.01,1497876.01,1502876.01,5.211,3.394,0.14200000000000035,0.0,0.4903679492631967,0.43400000000000105,0.5719999999999956,2.6030000000000015,0.010999999999999233,0.08199999999999985,0.41000000000000014,8.378
