Start,Border,End,Valence,Arousal,Valence Diff,Arousal Diff,Score,GSR_Diff,BVP_Diff,RSP_Diff,SKT_Diff,EMG_ZYGO_Diff,EMG_CORU_Diff,EMG_TRAP_Diff
886334.01,891334.01,896334.01,5.095,3.72,0.001000000000000334,0.0,6.08874135850002,0.23299999999999965,3.350999999999999,1.8490000000000002,0.010000000000001563,2.3819999999999997,3.8199999999999994,0.4519999999999982
891334.01,896334.01,901334.01,5.096,3.72,0.001000000000000334,0.008999999999999897,5.0760590188378165,0.1900000000000004,3.186,0.6000000000000014,0.018000000000000682,2.6690000000000005,0.3290000000000006,0.12299999999999045
