Start,Border,End,Valence,Arousal,Valence Diff,Arousal Diff,Score,GSR_Diff,BVP_Diff,RSP_Diff,SKT_Diff,EMG_ZYGO_Diff,EMG_CORU_Diff,EMG_TRAP_Diff
801334.01,806334.01,811334.01,5.0,5.0,0.0,0.016000000000000014,0.3626318200887263,0.02400000000000091,3.1970000000000027,0.8420000000000059,0.021000000000000796,0.24600000000000044,0.2469999999999999,2.0119999999999996
816334.01,821334.01,826334.01,5.021,3.335,0.022999999999999687,2.119,0.4093611997078431,0.027000000000001023,2.460000000000001,0.134999999999998,0.0030000000000001137,0.2060000000000004,0.32899999999999974,0.04100000000000037
821334.01,826334.01,831334.01,4.977,2.839,0.043999999999999595,0.43199999999999994,0.4794962806592032,0.0990000000000002,2.0629999999999953,0.03900000000000148,0.0,0.04099999999999948,0.1639999999999997,0.20500000000000007
931334.01,936334.01,941334.01,4.941,2.767,0.0,0.0,0.8166313154945921,0.04300000000000104,2.1310000000000002,0.34900000000000375,0.11999999999999744,0.04100000000000037,0.4109999999999996,0.12299999999999933
