Start,Border,End,Valence,Arousal,Valence Diff,Arousal Diff,Score,GSR_Diff,BVP_Diff,RSP_Diff,SKT_Diff,EMG_ZYGO_Diff,EMG_CORU_Diff,EMG_TRAP_Diff
1357876.01,1362876.01,1367876.01,5.0,5.0,0.0,0.0,2.9929715451689574,1.1789999999999985,0.33899999999999864,0.44499999999999673,0.00999999999999801,0.20500000000000007,0.0,0.1639999999999997
1372876.01,1377876.01,1382876.01,5.0,5.0,0.0,0.0,3.3909031819265154,0.6380000000000017,0.06800000000000495,0.19299999999999784,0.010999999999999233,0.12300000000000022,0.1639999999999997,0.3280000000000003
1377876.01,1382876.01,1387876.01,5.0,5.0,0.0,0.0,3.2468118199074145,0.6630000000000003,0.2710000000000008,0.11599999999999966,0.0,0.04100000000000037,0.041999999999999815,0.2869999999999999
1382876.01,1387876.01,1392876.01,5.0,5.0,0.0,0.0,3.1661795841672085,0.6119999999999983,1.1430000000000007,0.1739999999999995,0.0,0.08199999999999985,0.16500000000000004,1.2729999999999997
1387876.01,1392876.01,1397876.01,5.0,5.0,0.0,0.0,3.251781858117706,0.5479999999999983,0.05799999999999983,0.010000000000001563,0.014000000000002899,0.04100000000000037,0.16500000000000004,0.24599999999999955
1422876.01,1427876.01,1432876.01,5.0,5.0,0.0,0.0,3.0920787578146167,0.5559999999999974,0.7070000000000007,0.16400000000000148,0.0070000000000014495,0.08199999999999985,0.0,1.314
1427876.01,1432876.01,1437876.01,5.0,5.0,0.0,0.0,2.890898677002088,0.5480000000000018,0.5040000000000049,0.3290000000000006,0.0030000000000001137,0.08199999999999985,0.32899999999999974,0.1639999999999997
