Start,Border,End,Valence,Arousal,Valence Diff,Arousal Diff,Score,GSR_Diff,BVP_Diff,RSP_Diff,SKT_Diff,EMG_ZYGO_Diff,EMG_CORU_Diff,EMG_TRAP_Diff
1660959.01,1665959.01,1670959.01,4.977,4.105,0.019999999999999574,0.7469999999999999,1.4880318287017922,0.7689999999999984,0.0379999999999967,0.14500000000000313,0.0,0.041999999999999815,1.1500000000000004,0.12300000000000022
1665959.01,1670959.01,1675959.01,5.0,4.829,0.022999999999999687,0.6419999999999995,1.5218306009068534,0.5790000000000006,0.20300000000000296,0.9100000000000001,0.0,0.08199999999999985,0.3290000000000006,0.3700000000000001
1675959.01,1680959.01,1685959.01,5.0,4.743,0.0,0.05400000000000027,1.4866255285891474,0.5479999999999983,0.6970000000000027,0.29999999999999716,0.0,0.04100000000000037,0.04100000000000037,0.5339999999999998
1715959.01,1720959.01,1725959.01,4.964,4.552,0.0,0.0,1.6100154433932357,0.570999999999998,0.30000000000000426,0.6090000000000018,0.021000000000000796,0.0,0.0,0.5339999999999998
1720959.01,1725959.01,1730959.01,4.964,4.552,0.0029999999999992255,0.0,3.5439789737426404,0.6030000000000015,0.04800000000000182,0.047999999999998266,0.0070000000000014495,6.981999999999999,0.24600000000000044,0.0
1725959.01,1730959.01,1735959.01,4.967,4.552,0.03599999999999959,0.4480000000000004,1.9238604988404344,0.4740000000000002,0.6489999999999938,0.3009999999999984,0.010999999999999233,3.45,0.04099999999999948,0.08199999999999985
1765959.01,1770959.01,1775959.01,5.684,4.537,0.03200000000000003,0.051000000000000156,1.6523763943314989,0.4690000000000012,0.5620000000000047,0.9009999999999998,0.004000000000001336,0.9040000000000008,0.24599999999999955,0.1640000000000006
