Start,Border,End,Valence,Arousal,Valence Diff,Arousal Diff,Score,GSR_Diff,BVP_Diff,RSP_Diff,SKT_Diff,EMG_ZYGO_Diff,EMG_CORU_Diff,EMG_TRAP_Diff
321501,326501,331501,5.035,3.753,0.019000000000000128,0.0,0.3221317516464096,0.5280000000000005,2.663000000000004,0.0870000000000033,0.05900000000000105,0.04099999999999948,1.3549999999999995,2.9159999999999986
331501,336501,341501,5.054,3.753,0.002000000000000668,0.15799999999999992,0.3121667618296868,0.2840000000000007,2.4310000000000045,0.11599999999999966,0.04899999999999949,0.20500000000000007,0.944,3.122
341501,346501,351501,5.052,3.595,0.0,0.0,0.2969194276106185,0.5199999999999996,0.7070000000000007,0.05799999999999983,0.060000000000002274,0.0,0.6569999999999991,2.136000000000001
346501,351501,356501,5.052,3.595,0.0,0.0,0.3534848515554727,0.4060000000000006,4.911000000000001,0.3199999999999932,0.06299999999999883,0.0829999999999993,0.2060000000000013,4.682
