Start,Border,End,Valence,Arousal,Valence Diff,Arousal Diff,Score,GSR_Diff,BVP_Diff,RSP_Diff,SKT_Diff,EMG_ZYGO_Diff,EMG_CORU_Diff,EMG_TRAP_Diff
1407876.01,1412876.01,1417876.01,5.212,5.0,0.15399999999999991,0.08699999999999974,1.0786893467056715,0.5869999999999962,0.3200000000000003,0.19400000000000261,0.010000000000001563,0.6159999999999997,0.4109999999999996,0.08200000000000074
1427876.01,1432876.01,1437876.01,5.0,5.0,0.0,0.0,1.2401787890865026,0.4649999999999963,1.6950000000000003,0.09600000000000364,0.09499999999999886,0.24600000000000044,2.136000000000001,0.7800000000000002
1462876.01,1467876.01,1472876.01,5.0,5.0,0.0,0.0,0.9071073278743046,0.2839999999999989,3.274000000000001,0.125,0.05299999999999727,0.2869999999999999,2.5459999999999994,1.7249999999999996
