Start,Border,End,Valence,Arousal,Valence Diff,Arousal Diff,Score,GSR_Diff,BVP_Diff,RSP_Diff,SKT_Diff,EMG_ZYGO_Diff,EMG_CORU_Diff,EMG_TRAP_Diff
772001.01,777001.01,782001.01,5.076,2.766,0.023000000000000576,2.6149999999999998,0.4574944026302089,0.14599999999999902,1.6370000000000005,0.2510000000000048,0.003999999999997783,0.08199999999999985,0.0,0.28800000000000026
792001.01,797001.01,802001.01,5.018,2.023,0.0,0.07500000000000018,0.5004413725094335,0.18599999999999994,1.1340000000000003,0.7740000000000009,0.023999999999997357,0.08200000000000074,0.3290000000000006,0.6980000000000004
797001.01,802001.01,807001.01,5.018,2.023,0.0,0.10999999999999988,0.4623096453825317,0.2560000000000002,1.365000000000002,0.42600000000000193,0.013999999999999346,0.4110000000000005,0.20500000000000007,0.492
807001.01,812001.01,817001.01,5.018,2.143,0.0,0.019000000000000128,0.4125791781933572,0.06300000000000061,1.2780000000000058,0.029000000000003467,0.010000000000001563,0.28800000000000026,1.1500000000000004,1.561
832001.01,837001.01,842001.01,5.018,2.104,0.0,0.0,0.4838318139974752,0.2840000000000007,0.6400000000000006,0.1839999999999975,0.021000000000000796,0.12299999999999933,0.12299999999999933,1.2729999999999997
