Start,Border,End,Valence,Arousal,Valence Diff,Arousal Diff,Score,GSR_Diff,BVP_Diff,RSP_Diff,SKT_Diff,EMG_ZYGO_Diff,EMG_CORU_Diff,EMG_TRAP_Diff
1397876.01,1402876.01,1407876.01,6.926,2.192,0.0,0.016000000000000014,0.6944938343679354,0.6309999999999967,0.8230000000000004,0.03900000000000148,0.0519999999999996,0.9859999999999998,0.9850000000000003,3.449
1407876.01,1412876.01,1417876.01,6.926,2.2,0.0,0.0,1.151566608832638,0.8079999999999998,0.5619999999999976,0.8419999999999987,0.08099999999999952,0.5749999999999993,0.6159999999999997,0.4510000000000005
1442876.01,1447876.01,1452876.01,7.106,2.651,0.16999999999999993,0.363,0.7496576492221049,0.8670000000000009,0.3780000000000001,0.26200000000000045,0.060000000000002274,0.12300000000000022,0.28699999999999903,3.450000000000001
1452876.01,1457876.01,1462876.01,7.1,2.581,0.0,0.0,0.7071589415460552,0.6859999999999999,0.19400000000000261,0.43599999999999994,0.06299999999999883,0.12400000000000055,2.792,0.4930000000000003
1487876.01,1492876.01,1497876.01,7.176,2.342,0.006000000000000227,0.020999999999999908,0.6876752156027639,0.6389999999999993,0.8329999999999984,0.19299999999999784,0.03500000000000014,0.28799999999999937,1.3550000000000004,0.657
