Start,Border,End,Valence,Arousal,Valence Diff,Arousal Diff,Score,GSR_Diff,BVP_Diff,RSP_Diff,SKT_Diff,EMG_ZYGO_Diff,EMG_CORU_Diff,EMG_TRAP_Diff
1629626.01,1634626.01,1639626.01,5.0,5.0,0.04100000000000037,0.4660000000000002,0.2304663568278293,0.0860000000000003,0.367999999999995,0.9390000000000001,0.0030000000000001137,0.3700000000000001,0.657,4.2299999999999995
1634626.01,1639626.01,1644626.01,5.041,4.534,0.06899999999999995,0.7329999999999997,0.360441947027565,0.16600000000000037,0.9690000000000012,3.029999999999994,0.0030000000000001137,0.20500000000000007,1.3139999999999992,0.28800000000000026
1654626.01,1659626.01,1664626.01,5.037,3.001,0.03300000000000036,0.484,0.3498517834870362,0.04800000000000004,0.134999999999998,0.15399999999999636,0.004000000000001336,0.08199999999999985,0.49299999999999944,1.5599999999999996
1714626.01,1719626.01,1724626.01,4.866,1.955,0.0,0.27900000000000014,0.1618998258202568,0.06700000000000017,0.4269999999999996,0.04899999999999949,0.0,0.3700000000000001,0.9449999999999994,0.20500000000000007
1749626.01,1754626.01,1759626.01,4.866,1.593,0.0,0.2510000000000001,0.1683911226497362,0.0039999999999995595,1.2779999999999987,0.19400000000000261,0.0,2.136,2.299999999999999,0.08200000000000074
