Start,Border,End,Valence,Arousal,Valence Diff,Arousal Diff,Score,GSR_Diff,BVP_Diff,RSP_Diff,SKT_Diff,EMG_ZYGO_Diff,EMG_CORU_Diff,EMG_TRAP_Diff
1999709,2004709,2009709,5.945,2.859,0.5679999999999996,0.5139999999999998,1.825271444927885,0.7889999999999979,3.2449999999999974,0.10699999999999932,0.05300000000000438,0.08199999999999985,0.3700000000000001,1.274000000000001
2014709,2019709,2024709,5.43,2.706,0.07899999999999974,0.11100000000000021,2.3932990928254414,0.2680000000000007,7.961000000000002,0.4450000000000003,0.0,4.189000000000001,0.20500000000000007,0.24600000000000044
2019709,2024709,2029709,5.426,2.817,0.21399999999999952,0.923,1.876396939709718,0.2560000000000002,4.231999999999999,1.9650000000000034,0.006999999999997897,1.1909999999999998,0.16500000000000004,1.0679999999999996
2024709,2029709,2034709,5.216,3.629,0.4240000000000004,0.565,1.6866350467790183,0.03599999999999781,6.644000000000002,0.35900000000000176,0.02499999999999858,3.7780000000000005,0.08199999999999985,1.6020000000000003
2029709,2034709,2039709,5.002,3.382,0.0600000000000005,0.11799999999999988,4.539875473093411,0.12599999999999767,4.0,0.6099999999999994,0.03200000000000358,0.8620000000000001,0.08199999999999985,0.41000000000000014
