Start,Border,End,Valence,Arousal,Valence Diff,Arousal Diff,Score,GSR_Diff,BVP_Diff,RSP_Diff,SKT_Diff,EMG_ZYGO_Diff,EMG_CORU_Diff,EMG_TRAP_Diff
519584.01,524584.01,529584.01,5.0,5.0,1.7400000000000002,0.18299999999999983,4.513141466355674,2.4950000000000045,0.357999999999997,0.357999999999997,0.0070000000000014495,10.965,0.12299999999999933,1.395999999999999
654584.01,659584.01,664584.01,5.058,4.128,0.0,0.0,3.4841383847951644,0.759999999999998,0.029000000000003467,0.33899999999999864,0.013999999999999346,0.041999999999999815,0.12299999999999933,0.7799999999999994
664584.01,669584.01,674584.01,6.498,4.166,1.396,0.030999999999999694,4.861202003179447,7.355999999999998,1.1129999999999995,0.0870000000000033,0.013999999999999346,25.421,0.28799999999999937,2.0950000000000006
