Start,Border,End,Valence,Arousal,Valence Diff,Arousal Diff,Score,GSR_Diff,BVP_Diff,RSP_Diff,SKT_Diff,EMG_ZYGO_Diff,EMG_CORU_Diff,EMG_TRAP_Diff
1352876.01,1357876.01,1362876.01,5.0,5.0,1.7770000000000001,0.29300000000000015,2.209551149027455,0.24099999999999966,0.134999999999998,0.5620000000000012,0.018000000000000682,0.4110000000000005,0.41000000000000014,0.04100000000000037
1397876.01,1402876.01,1407876.01,7.505,5.046,0.06700000000000017,0.476,1.4926708917477465,0.34299999999999997,0.6779999999999973,0.2710000000000008,0.017000000000003013,0.4109999999999996,0.0829999999999993,0.20599999999999952
1402876.01,1407876.01,1412876.01,7.505,5.098,0.0,0.1349999999999998,1.589460552699785,0.38700000000000045,0.3780000000000001,0.5710000000000015,0.023999999999997357,0.9029999999999996,0.0829999999999993,0.1639999999999997
1432876.01,1437876.01,1442876.01,7.351,5.093,0.18799999999999972,0.0829999999999993,1.602271000401696,0.3119999999999994,1.8790000000000049,1.1129999999999995,0.0070000000000014495,0.5750000000000002,0.040000000000000036,0.2469999999999999
