Start,Border,End,Valence,Arousal,Valence Diff,Arousal Diff,Score,GSR_Diff,BVP_Diff,RSP_Diff,SKT_Diff,EMG_ZYGO_Diff,EMG_CORU_Diff,EMG_TRAP_Diff
514584.01,519584.01,524584.01,5.0,5.0,0.0,0.0,1.815728257321637,0.4809999999999981,0.38700000000000045,0.3190000000000026,0.01699999999999946,2.7110000000000003,1.3549999999999995,2.423
519584.01,524584.01,529584.01,5.0,5.0,0.2290000000000001,0.4379999999999997,3.096489332613176,0.13400000000000034,0.07699999999999818,0.05799999999999983,0.0030000000000001137,0.3700000000000001,0.9030000000000005,0.657
524584.01,529584.01,534584.01,5.229,4.562,0.4630000000000001,0.6929999999999996,2.019451615719526,0.33200000000000074,0.4160000000000039,2.4200000000000017,0.0070000000000014495,1.314,0.45199999999999996,2.013
