Start,Border,End,Valence,Arousal,Valence Diff,Arousal Diff,Score,GSR_Diff,BVP_Diff,RSP_Diff,SKT_Diff,EMG_ZYGO_Diff,EMG_CORU_Diff,EMG_TRAP_Diff
1936084.01,1941084.01,1946084.01,5.0,5.014,0.0,0.0,6.789911970871055,1.0210000000000008,2.2480000000000047,0.1739999999999995,0.006999999999997897,8.912000000000006,0.12299999999999933,4.147000000000001
2031084.01,2036084.01,2041084.01,4.946,8.472,0.5919999999999996,2.8329999999999993,7.810025118131172,7.542000000000002,0.26200000000000045,2.806999999999995,0.030999999999998806,433.313,1.849000000000001,19.096
2046084.01,2051084.01,2056084.01,4.325,8.199,0.40700000000000003,0.8419999999999996,5.834603023496406,1.1000000000000014,0.44600000000000506,0.3480000000000061,0.05600000000000094,275.69500000000005,0.1640000000000006,10.103000000000002
