Start,Border,End,Valence,Arousal,Valence Diff,Arousal Diff,Score,GSR_Diff,BVP_Diff,RSP_Diff,SKT_Diff,EMG_ZYGO_Diff,EMG_CORU_Diff,EMG_TRAP_Diff
799709.01,804709.01,809709.01,5.0,5.0,0.3810000000000002,0.4349999999999996,6.583897358782027,4.711000000000002,0.06800000000000495,0.2610000000000028,0.0070000000000014495,0.1640000000000006,0.5340000000000007,0.5339999999999998
899709.01,904709.01,909709.01,0.895,7.896,1.079,0.1379999999999999,7.8758844453732255,1.2929999999999993,3.806999999999995,1.4899999999999984,0.028000000000002245,33.84,0.5749999999999993,0.8220000000000001
