Start,Border,End,Valence,Arousal,Valence Diff,Arousal Diff,Score,GSR_Diff,BVP_Diff,RSP_Diff,SKT_Diff,EMG_ZYGO_Diff,EMG_CORU_Diff,EMG_TRAP_Diff
2282834.01,2287834.01,2292834.01,0.99,9.098,1.03,1.875,1.6289283939277706,0.20899999999999963,1.384999999999998,0.7740000000000009,0.013999999999999346,34.292,3.7779999999999996,8.378
2312834.01,2317834.01,2322834.01,0.5,9.5,0.0,0.0,1.4077958221338376,0.18900000000000006,2.402000000000001,0.2510000000000012,0.0030000000000001137,3.4080000000000004,0.6580000000000004,0.16500000000000004
2317834.01,2322834.01,2327834.01,0.5,9.5,0.0,0.0,3.4826259171482725,0.2240000000000002,1.3850000000000051,1.1140000000000008,0.003999999999997783,0.370000000000001,0.7389999999999999,0.24599999999999955
