Start,Border,End,Valence,Arousal,Valence Diff,Arousal Diff,Score,GSR_Diff,BVP_Diff,RSP_Diff,SKT_Diff,EMG_ZYGO_Diff,EMG_CORU_Diff,EMG_TRAP_Diff
1397876,1402876,1407876,5.108,5.778,0.0,0.0,1.1548277298412484,0.036000000000001364,0.29999999999999716,0.24200000000000088,0.0,0.24599999999999955,0.32899999999999974,3.4910000000000005
1432876,1437876,1442876,4.095,6.035,0.0,0.0,1.1077152328502975,0.11399999999999899,0.4650000000000034,0.3670000000000009,0.0,0.4510000000000005,0.04099999999999948,0.2060000000000004
1447876,1452876,1457876,3.68,6.195,1.6260000000000003,0.4419999999999993,1.343529371281034,0.4220000000000006,0.4059999999999988,0.41600000000000037,0.006999999999997897,1.1499999999999995,0.08199999999999985,3.285
1452876,1457876,1462876,5.721,6.515,0.5569999999999999,0.7189999999999994,1.3362784796792195,0.7929999999999993,0.9109999999999943,0.28100000000000236,0.010000000000001563,0.9039999999999999,0.24599999999999955,1.3150000000000004
1462876,1467876,1472876,2.719,7.072,0.3939999999999997,0.484,4.243299344696328,3.343,0.0,0.3100000000000023,0.0070000000000014495,0.1640000000000006,0.12299999999999933,0.6160000000000005
1467876,1472876,1477876,3.517,7.398,1.053,0.8709999999999996,1.862982119401694,2.2550000000000026,0.2609999999999957,0.0,0.0,0.9040000000000008,0.04100000000000037,0.12399999999999878
