Start,Border,End,Valence,Arousal,Valence Diff,Arousal Diff,Score,GSR_Diff,BVP_Diff,RSP_Diff,SKT_Diff,EMG_ZYGO_Diff,EMG_CORU_Diff,EMG_TRAP_Diff
2282834.01,2287834.01,2292834.01,3.43,7.434,3.8739999999999997,1.2999999999999998,19.032838508022323,1.1270000000000007,0.3300000000000054,0.07700000000000173,0.013999999999999346,0.2869999999999999,1.0670000000000002,0.5339999999999998
2297834.01,2302834.01,2307834.01,0.5,9.5,0.0,2.4749999999999996,3.7845423938694767,4.932000000000002,1.5400000000000063,1.0459999999999994,0.021000000000000796,0.3280000000000003,8.583,33.307
2302834.01,2307834.01,2312834.01,0.5,9.5,0.0,0.0,4.3232976615375165,5.555,0.7560000000000002,0.2129999999999974,0.0070000000000014495,0.49299999999999944,3.6959999999999997,15.894000000000002
