Start,Border,End,Valence,Arousal,Valence Diff,Arousal Diff,Score,GSR_Diff,BVP_Diff,RSP_Diff,SKT_Diff,EMG_ZYGO_Diff,EMG_CORU_Diff,EMG_TRAP_Diff
1166459.01,1171459.01,1176459.01,3.156,6.595,0.5179999999999998,0.5430000000000001,4.11405539900298,0.2560000000000002,0.3680000000000021,4.7919999999999945,0.010999999999999233,2.998,3.3679999999999994,13.429
1171459.01,1176459.01,1181459.01,2.857,7.183,0.2250000000000001,0.976,5.618515260311378,2.4320000000000004,0.029000000000003467,1.4810000000000016,0.013999999999999346,1.3139999999999992,2.176,12.690000000000001
1176459.01,1181459.01,1186459.01,2.931,7.571,0.008000000000000007,0.19399999999999995,3.9529888127577992,3.161999999999999,0.8909999999999982,7.501999999999995,0.0,2.505,2.341,2.341
