Start,Border,End,Valence,Arousal,Valence Diff,Arousal Diff,Score,GSR_Diff,BVP_Diff,RSP_Diff,SKT_Diff,EMG_ZYGO_Diff,EMG_CORU_Diff,EMG_TRAP_Diff
514584.01,519584.01,524584.01,5.0,5.0,0.0,0.0,2.5862673210939144,0.13800000000000168,1.5200000000000031,0.6000000000000014,0.0,0.3700000000000001,0.12300000000000022,0.5329999999999995
619584.01,624584.01,629584.01,2.603,7.579,2.963,0.697000000000001,2.685973192174547,0.42900000000000027,0.6580000000000013,0.4159999999999968,0.0030000000000001137,4.518,1.4789999999999992,4.025
624584.01,629584.01,634584.01,0.5,8.326,1.7470000000000003,1.5870000000000006,5.861042049079872,2.969000000000001,0.5429999999999993,2.603999999999999,0.003999999999997783,2.7520000000000007,2.5869999999999997,3.203000000000001
634584.01,639584.01,644584.01,0.934,8.615,0.838,0.7330000000000005,3.738952719728121,1.0730000000000004,0.8719999999999999,4.577999999999996,0.018000000000000682,2.1350000000000007,0.24599999999999866,4.148
