Start,Border,End,Valence,Arousal,Valence Diff,Arousal Diff,Score,GSR_Diff,BVP_Diff,RSP_Diff,SKT_Diff,EMG_ZYGO_Diff,EMG_CORU_Diff,EMG_TRAP_Diff
1156459.01,1161459.01,1166459.01,3.22,6.456,2.152,2.13,2.2018947876534103,1.1320000000000014,1.0850000000000009,1.5579999999999998,0.03900000000000148,0.20500000000000007,0.12300000000000022,7.802999999999999
1171459.01,1176459.01,1181459.01,0.5,9.197,0.897,0.6009999999999991,2.046794160601591,1.6600000000000001,0.669000000000004,0.7160000000000011,0.045000000000001705,1.7249999999999996,1.0680000000000005,2.0949999999999998
