Start,Border,End,Valence,Arousal,Valence Diff,Arousal Diff,Score,GSR_Diff,BVP_Diff,RSP_Diff,SKT_Diff,EMG_ZYGO_Diff,EMG_CORU_Diff,EMG_TRAP_Diff
331501.01,336501.01,341501.01,1.802,9.002,0.45099999999999985,0.18299999999999983,2.2593437117290174,1.2850000000000001,1.3759999999999977,0.23199999999999932,0.0070000000000014495,0.5340000000000007,0.1639999999999997,0.3279999999999994
341501.01,346501.01,351501.01,1.78,9.003,0.014000000000000012,0.0009999999999994458,2.57385406590669,0.18500000000000227,0.6490000000000009,0.04800000000000182,0.027999999999998693,0.20500000000000007,0.1639999999999997,0.49299999999999855
351501.01,356501.01,361501.01,1.753,9.004,0.006000000000000005,0.12399999999999878,4.836914591640745,1.3879999999999981,2.2379999999999995,0.15500000000000114,0.010999999999999233,0.7389999999999999,0.08199999999999896,0.16499999999999915
