Start,Border,End,Valence,Arousal,Valence Diff,Arousal Diff,Score,GSR_Diff,BVP_Diff,RSP_Diff,SKT_Diff,EMG_ZYGO_Diff,EMG_CORU_Diff,EMG_TRAP_Diff
904709.01,909709.01,914709.01,5.065,9.5,0.806,0.4209999999999994,8.127525855770049,12.597000000000001,0.8419999999999987,0.3580000000000041,0.010000000000001563,1.2730000000000006,0.3290000000000006,0.2060000000000013
919709.01,924709.01,929709.01,4.304,9.5,0.9900000000000002,1.8499999999999996,16.431233159168137,2.806999999999995,1.6460000000000008,1.5100000000000016,0.0030000000000001137,0.8210000000000006,0.12299999999999933,3.6959999999999997
