Start,Border,End,Valence,Arousal,Valence Diff,Arousal Diff,Score,GSR_Diff,BVP_Diff,RSP_Diff,SKT_Diff,EMG_ZYGO_Diff,EMG_CORU_Diff,EMG_TRAP_Diff
1442876.01,1447876.01,1452876.01,4.648,6.012,0.008000000000000007,0.5499999999999998,1.3167838253943618,1.2220000000000013,0.3290000000000006,0.009000000000000341,0.05600000000000094,0.04100000000000037,0.12300000000000022,1.479
1457876.01,1462876.01,1467876.01,4.72,6.03,0.5609999999999999,0.3089999999999993,1.3476110982641023,1.0329999999999977,0.8329999999999984,0.06799999999999784,0.04899999999999949,0.20499999999999918,0.1640000000000006,0.08300000000000018
