Start,Border,End,Valence,Arousal,Valence Diff,Arousal Diff,Score,GSR_Diff,BVP_Diff,RSP_Diff,SKT_Diff,EMG_ZYGO_Diff,EMG_CORU_Diff,EMG_TRAP_Diff
1417876.01,1422876.01,1427876.01,5.052,6.199,0.0,0.04899999999999949,1.9545442383667104,0.12600000000000122,0.8419999999999987,0.7739999999999938,0.004000000000001336,0.04100000000000037,0.24600000000000044,0.4920000000000009
1457876.01,1462876.01,1467876.01,3.633,7.71,0.040999999999999925,0.8609999999999998,1.5723885455704134,1.8209999999999997,0.8719999999999999,0.06800000000000495,0.0,0.8220000000000001,0.5750000000000002,0.4510000000000005
1462876.01,1467876.01,1472876.01,3.633,7.778,0.2490000000000001,0.06799999999999962,1.7781846281129703,0.674000000000003,2.548000000000002,0.00999999999999801,0.0,0.28800000000000026,0.04100000000000037,0.12300000000000111
