Start,Border,End,Valence,Arousal,Valence Diff,Arousal Diff,Score,GSR_Diff,BVP_Diff,RSP_Diff,SKT_Diff,EMG_ZYGO_Diff,EMG_CORU_Diff,EMG_TRAP_Diff
583251.01,588251.01,593251.01,4.896,6.984,1.0189999999999997,0.10499999999999954,3.310578128884344,0.0470000000000006,1.0750000000000028,0.6970000000000027,0.022000000000002018,3.942,0.8219999999999992,0.24599999999999955
598251.01,603251.01,608251.01,2.991,7.255,0.548,0.18900000000000006,3.223427110689981,2.0780000000000003,0.05799999999999983,1.0159999999999982,0.01699999999999946,0.6980000000000004,0.1639999999999997,2.423000000000001
