Start,Border,End,Valence,Arousal,Valence Diff,Arousal Diff,Score,GSR_Diff,BVP_Diff,RSP_Diff,SKT_Diff,EMG_ZYGO_Diff,EMG_CORU_Diff,EMG_TRAP_Diff
1452876,1457876,1462876,1.953,8.278,1.212,1.4109999999999996,4.232144138336307,2.4010000000000034,2.3629999999999995,0.4650000000000034,0.12599999999999767,1.9719999999999995,1.5599999999999996,1.1080000000000005
1457876,1462876,1467876,0.575,9.5,0.8500000000000001,1.2219999999999995,5.081070980361428,0.6189999999999998,2.0820000000000007,2.468999999999994,0.10799999999999699,4.065,2.2589999999999995,4.927999999999999
1462876,1467876,1472876,1.103,9.5,0.524,0.0,4.765050463189647,2.6099999999999994,0.05799999999999983,1.2389999999999972,0.13000000000000256,4.8870000000000005,1.0269999999999992,1.8480000000000008
