Start,Border,End,Valence,Arousal,Valence Diff,Arousal Diff,Score,GSR_Diff,BVP_Diff,RSP_Diff,SKT_Diff,EMG_ZYGO_Diff,EMG_CORU_Diff,EMG_TRAP_Diff
549584.01,554584.01,559584.01,6.568,5.304,0.04900000000000038,0.476,6.349567367092019,3.6980000000000004,0.15500000000000114,1.6940000000000026,0.045999999999999375,1.971,1.5199999999999996,0.2469999999999999
554584.01,559584.01,564584.01,6.822,5.483,0.24800000000000022,0.16299999999999937,6.217585976799883,3.5010000000000012,1.3570000000000064,2.4199999999999946,0.02400000000000091,2.505000000000001,0.24700000000000077,0.5329999999999995
