Start,Border,End,Valence,Arousal,Valence Diff,Arousal Diff,Score,GSR_Diff,BVP_Diff,RSP_Diff,SKT_Diff,EMG_ZYGO_Diff,EMG_CORU_Diff,EMG_TRAP_Diff
558251.01,563251.01,568251.01,4.154,7.013,1.4889999999999999,0.30900000000000016,9.33114578244519,2.3220000000000027,0.07699999999999818,1.5100000000000051,0.027999999999998693,0.4930000000000003,0.8630000000000004,0.08199999999999985
583251.01,588251.01,593251.01,3.294,7.284,0.48,0.08499999999999996,19.30969043707089,2.4680000000000035,2.353999999999999,0.134999999999998,0.06700000000000017,0.6160000000000005,0.28799999999999937,0.1639999999999997
598251.01,603251.01,608251.01,2.425,7.684,0.819,0.492,7.298459655598805,12.899999999999999,2.1499999999999986,0.11700000000000443,0.03500000000000014,1.4380000000000006,0.2060000000000004,3.327000000000001
