Start,Border,End,Valence,Arousal,Valence Diff,Arousal Diff,Score,GSR_Diff,BVP_Diff,RSP_Diff,SKT_Diff,EMG_ZYGO_Diff,EMG_CORU_Diff,EMG_TRAP_Diff
583251.01,588251.01,593251.01,2.342,6.585,1.725,0.8230000000000004,6.449168074294775,0.18100000000000005,0.9879999999999995,0.10699999999999932,0.006999999999997897,2.136,10.267,4.599999999999999
593251.01,598251.01,603251.01,0.883,7.292,0.601,2.6189999999999998,2.1497222287306506,0.06700000000000017,1.4329999999999998,1.8489999999999966,0.0070000000000014495,0.20500000000000007,10.185,0.32899999999999885
618251.01,623251.01,628251.01,0.5,8.894,0.0,0.0,2.501599708322664,0.03200000000000003,1.4329999999999998,0.5519999999999996,0.013999999999999346,1.1909999999999998,3.368000000000002,1.0679999999999996
