Start,Border,End,Valence,Arousal,Valence Diff,Arousal Diff,Score,GSR_Diff,BVP_Diff,RSP_Diff,SKT_Diff,EMG_ZYGO_Diff,EMG_CORU_Diff,EMG_TRAP_Diff
2012709.01,2017709.01,2022709.01,1.772,6.953,2.023,3.6879999999999997,2.588195980406737,1.609,1.0840000000000032,0.5039999999999978,0.021000000000000796,2.3820000000000006,0.1640000000000006,1.6430000000000007
2017709.01,2022709.01,2027709.01,0.5,9.5,0.349,0.516,7.214727799017362,4.2620000000000005,0.05799999999999983,0.8609999999999971,0.010999999999999233,0.45199999999999996,0.20500000000000007,3.6959999999999997
