Start,Border,End,Valence,Arousal,Valence Diff,Arousal Diff,Score,GSR_Diff,BVP_Diff,RSP_Diff,SKT_Diff,EMG_ZYGO_Diff,EMG_CORU_Diff,EMG_TRAP_Diff
515168.01,520168.01,525168.01,7.25,4.304,0.051000000000000156,0.0030000000000001137,1.420034940268531,0.5090000000000003,0.07800000000000296,1.1899999999999977,0.03200000000000003,0.12300000000000022,0.04100000000000037,4.928000000000001
535168.01,540168.01,545168.01,7.235,4.278,0.031000000000000583,0.0,0.8636066874181015,1.439,0.6490000000000009,2.943000000000005,0.03900000000000148,0.08199999999999985,0.04100000000000037,4.763999999999999
