Start,Border,End,Valence,Arousal,Valence Diff,Arousal Diff,Score,GSR_Diff,BVP_Diff,RSP_Diff,SKT_Diff,EMG_ZYGO_Diff,EMG_CORU_Diff,EMG_TRAP_Diff
1984459.01,1989459.01,1994459.01,6.531,3.024,0.11000000000000032,0.10599999999999987,3.7088996790469135,0.4099999999999966,0.009000000000000341,1.1129999999999995,0.013999999999999346,6.611999999999999,0.28799999999999937,5.5440000000000005
1989459.01,1994459.01,1999459.01,6.641,3.13,0.1280000000000001,0.07399999999999984,3.497665477067626,3.020000000000003,0.7449999999999974,0.9969999999999999,0.013999999999999346,8.337,4.106999999999999,2.628
