Start,Border,End,Valence,Arousal,Valence Diff,Arousal Diff,Score,GSR_Diff,BVP_Diff,RSP_Diff,SKT_Diff,EMG_ZYGO_Diff,EMG_CORU_Diff,EMG_TRAP_Diff
1583876.01,1588876.01,1593876.01,5.0,5.0,0.0,0.0,4.762688122028221,1.3879999999999981,0.11599999999999966,0.28999999999999915,0.08399999999999963,109.364,38.275,4.64
1643876.01,1648876.01,1653876.01,3.535,3.549,0.018000000000000238,0.02499999999999991,4.9918264598765045,2.9369999999999976,0.134999999999998,0.06700000000000017,0.06299999999999883,0.0,0.2469999999999999,0.45199999999999996
