Start,Border,End,Valence,Arousal,Valence Diff,Arousal Diff,Score,GSR_Diff,BVP_Diff,RSP_Diff,SKT_Diff,EMG_ZYGO_Diff,EMG_CORU_Diff,EMG_TRAP_Diff
537084.01,542084.01,547084.01,5.244,5.102,0.09299999999999997,0.10200000000000031,2.0208762481967835,0.1379999999999999,0.1840000000000046,0.16400000000000148,0.010000000000001563,0.24600000000000044,1.314,0.9859999999999989
607084.01,612084.01,617084.01,6.13,4.705,0.9340000000000002,0.3049999999999997,0.3450211885897039,0.09500000000000064,0.5140000000000029,0.2909999999999968,0.013999999999999346,0.12300000000000022,0.8210000000000006,0.45199999999999996
622084.01,627084.01,632084.01,5.309,4.551,0.19899999999999984,0.6539999999999999,0.4903258852991783,0.011999999999998678,1.2010000000000005,0.5810000000000031,0.011000000000002785,0.08199999999999985,0.7400000000000002,0.6989999999999998
