Start,Border,End,Valence,Arousal,Valence Diff,Arousal Diff,Score,GSR_Diff,BVP_Diff,RSP_Diff,SKT_Diff,EMG_ZYGO_Diff,EMG_CORU_Diff,EMG_TRAP_Diff
2256459.01,2261459.01,2266459.01,7.154,3.61,0.0,0.027000000000000135,0.6052758197258137,1.1750000000000007,2.0050000000000026,0.25200000000000244,0.0070000000000014495,0.04099999999999948,0.0,6.2010000000000005
2271459.01,2276459.01,2281459.01,7.154,3.615,0.0,0.06299999999999972,0.8746614433531611,0.718,1.1139999999999972,1.2580000000000027,0.03900000000000148,0.08199999999999985,0.28800000000000026,0.1639999999999997
2276459.01,2281459.01,2286459.01,7.154,3.678,0.0,0.06299999999999972,1.258140101517298,0.5879999999999974,2.701999999999998,0.12599999999999767,0.021000000000000796,0.08199999999999985,0.08199999999999985,2.1350000000000007
