Start,Border,End,Valence,Arousal,Valence Diff,Arousal Diff,Score,GSR_Diff,BVP_Diff,RSP_Diff,SKT_Diff,EMG_ZYGO_Diff,EMG_CORU_Diff,EMG_TRAP_Diff
2311459.01,2316459.01,2321459.01,5.067,3.009,0.0,0.04400000000000004,4.56750322635975,2.7840000000000025,0.2220000000000013,1.296999999999997,0.0,0.8630000000000004,0.04100000000000037,0.3699999999999992
2316459.01,2321459.01,2326459.01,5.067,3.09,0.0,0.09100000000000019,6.125682611618617,5.236000000000001,1.0940000000000012,1.006999999999998,0.010999999999999233,1.396,1.8490000000000002,0.45099999999999874
