Start,Border,End,Valence,Arousal,Valence Diff,Arousal Diff,Score,GSR_Diff,BVP_Diff,RSP_Diff,SKT_Diff,EMG_ZYGO_Diff,EMG_CORU_Diff,EMG_TRAP_Diff
1638876.01,1643876.01,1648876.01,4.496,3.873,0.016000000000000014,0.041999999999999815,6.347623747859888,1.6640000000000015,0.5619999999999976,0.4070000000000036,0.013999999999999346,0.08199999999999985,0.5339999999999998,4.106999999999999
1688876.01,1693876.01,1698876.01,5.024,2.865,0.1120000000000001,1.1790000000000003,49.13243151029931,0.8389999999999986,1.8980000000000032,0.28999999999999915,0.00999999999999801,11.252000000000002,1.2319999999999993,2.956999999999999
