Start,Border,End,Valence,Arousal,Valence Diff,Arousal Diff,Score,GSR_Diff,BVP_Diff,RSP_Diff,SKT_Diff,EMG_ZYGO_Diff,EMG_CORU_Diff,EMG_TRAP_Diff
1117751.01,1122751.01,1127751.01,5.569,5.116,0.21899999999999942,0.23199999999999932,1.4810554764951434,1.439,1.8889999999999958,0.6969999999999956,0.05000000000000071,0.040000000000000036,0.2060000000000004,0.20500000000000007
1197751.01,1202751.01,1207751.01,5.0,5.0,0.6029999999999998,0.05999999999999961,1.196545574588831,0.02400000000000091,0.3290000000000006,0.2910000000000039,0.021000000000000796,0.4509999999999996,1.108999999999999,0.3700000000000001
1217751.01,1222751.01,1227751.01,5.568,5.174,0.056999999999999496,0.052999999999999936,1.3863187507830077,0.18900000000000006,2.247,0.6870000000000047,0.04900000000000304,0.08199999999999985,0.28800000000000026,0.49299999999999944
