Start,Border,End,Valence,Arousal,Valence Diff,Arousal Diff,Score,GSR_Diff,BVP_Diff,RSP_Diff,SKT_Diff,EMG_ZYGO_Diff,EMG_CORU_Diff,EMG_TRAP_Diff
1885876.01,1890876.01,1895876.01,6.853,4.821,2.2300000000000004,0.30900000000000016,3.9617519850816727,0.1850000000000005,1.9469999999999956,1.9849999999999994,0.03500000000000014,0.04100000000000037,3.2030000000000003,0.08199999999999985
1900876.01,1905876.01,1910876.01,7.882,4.337,0.03399999999999981,0.11999999999999922,1.2160260962695106,0.18499999999999872,0.4160000000000039,1.431999999999995,0.006999999999997897,0.04100000000000037,0.9849999999999994,0.6980000000000004
2015876.01,2020876.01,2025876.01,7.271,3.258,0.0,0.028000000000000025,1.001594842956238,0.011999999999998678,0.347999999999999,0.6390000000000029,0.014999999999997016,9.076,7.719999999999999,0.738999999999999
