Start,Border,End,Valence,Arousal,Valence Diff,Arousal Diff,Score,GSR_Diff,BVP_Diff,RSP_Diff,SKT_Diff,EMG_ZYGO_Diff,EMG_CORU_Diff,EMG_TRAP_Diff
221501.01,226501.01,231501.01,5.0,5.0,1.0090000000000003,0.024999999999999467,3.243430342094121,2.4010000000000034,0.6400000000000006,0.6089999999999982,0.01699999999999946,0.16500000000000004,0.24600000000000044,28.090999999999998
271501.01,276501.01,281501.01,6.089,4.165,0.1689999999999996,0.9079999999999999,3.837078218287372,0.2480000000000011,0.9979999999999976,0.6679999999999993,0.0030000000000001137,3.3679999999999994,0.657,12.812999999999999
356501.01,361501.01,366501.01,6.426,2.471,0.0,0.04499999999999993,2.8832995187783883,0.3039999999999985,0.11599999999999966,0.6099999999999994,0.0030000000000001137,0.12300000000000022,0.24600000000000044,8.994
