Start,Border,End,Valence,Arousal,Valence Diff,Arousal Diff,Score,GSR_Diff,BVP_Diff,RSP_Diff,SKT_Diff,EMG_ZYGO_Diff,EMG_CORU_Diff,EMG_TRAP_Diff
2186459.01,2191459.01,2196459.01,5.0,5.0,0.0,0.0,2.364099017810236,4.075999999999997,0.8130000000000024,0.5519999999999996,0.007000000000005002,0.12300000000000022,0.1640000000000006,0.20599999999999952
2191459.01,2196459.01,2201459.01,5.0,5.0,0.0,0.0,4.5064867030693785,3.434000000000001,1.597999999999999,0.08699999999999619,0.0030000000000001137,14.579,17.247999999999998,0.657
2196459.01,2201459.01,2206459.01,5.0,5.0,0.0,0.0,1.517218802831209,0.29199999999999804,0.28999999999999915,1.3070000000000022,0.006999999999997897,0.12399999999999967,0.12399999999999967,0.2869999999999999
2321459.01,2326459.01,2331459.01,7.589,4.394,0.06599999999999984,0.33699999999999974,4.350669186234617,0.42199999999999704,0.7269999999999968,2.4110000000000014,0.055999999999997385,0.04100000000000037,0.0420000000000007,0.12399999999999967
