Start,Border,End,Valence,Arousal,Valence Diff,Arousal Diff,Score,GSR_Diff,BVP_Diff,RSP_Diff,SKT_Diff,EMG_ZYGO_Diff,EMG_CORU_Diff,EMG_TRAP_Diff
1162751.01,1167751.01,1172751.01,3.269,2.66,0.3490000000000002,0.06000000000000005,1.8982579827494144,1.096,0.4650000000000034,0.11599999999999966,0.0030000000000001137,0.08300000000000018,0.0,0.9860000000000007
1212751.01,1217751.01,1222751.01,2.788,3.01,0.17399999999999993,0.04999999999999982,3.172700246996004,0.5009999999999994,0.34899999999999665,0.5810000000000031,0.013999999999999346,0.45199999999999996,0.08199999999999985,3.0389999999999997
1217751.01,1222751.01,1227751.01,2.714,3.01,0.16699999999999982,0.0,11.775018874784193,0.22799999999999976,0.8519999999999968,0.6580000000000013,0.010000000000001563,5.339,0.08199999999999985,0.12300000000000111
