Start,Border,End,Score
1472876.01,1477876.01,1482876.01,1.5644106212194078
1482876.01,1487876.01,1492876.01,2.9160731313597648
