Start,Border,End,Score
535251.01,540251.01,545251.01,0.9844195719433996
590251.01,595251.01,600251.01,0.978634256423943
