Start,Border,End,Score
221501.01,226501.01,231501.01,3.012043812620538
291501.01,296501.01,301501.01,2.2484051946182766
356501.01,361501.01,366501.01,15.153581167632604
