Start,Border,End,Score
256501.01,261501.01,266501.01,1.0145263476414277
261501.01,266501.01,271501.01,1.2825236010880243
306501.01,311501.01,316501.01,1.2817033462687204
311501.01,316501.01,321501.01,0.9470801127815938
336501.01,341501.01,346501.01,0.9596268149553644
