Start,Border,End,Score
485251.01,490251.01,495251.01,0.9223663625302992
510251.01,515251.01,520251.01,0.8154285754603805
555251.01,560251.01,565251.01,2.023626170572856
600251.01,605251.01,610251.01,0.7335387039582918
