Start,Border,End,Score
514584.01,519584.01,524584.01,0.5961093009153908
559584.01,564584.01,569584.01,0.6119514680149699
564584.01,569584.01,574584.01,0.6510450350691102
