Start,Border,End,Score
1068459.01,1073459.01,1078459.01,1.790222627009949
1073459.01,1078459.01,1083459.01,1.8275110052194947
