Start,Border,End,Score
1685959.01,1690959.01,1695959.01,0.790566471800691
1690959.01,1695959.01,1700959.01,0.6524363929722828
1760959.01,1765959.01,1770959.01,2.219062964954874
1765959.01,1770959.01,1775959.01,1.153927489271292
