Start,Border,End,Score
1653001.01,1658001.01,1663001.01,3.865544293000988
1663001.01,1668001.01,1673001.01,3.084793005154199
1678001.01,1683001.01,1688001.01,2.4955542210298054
