Start,Border,End,Score
2189834.01,2194834.01,2199834.01,2.9842798778049664
2199834.01,2204834.01,2209834.01,0.6741953973450894
2204834.01,2209834.01,2214834.01,0.7524521030920662
2219834.01,2224834.01,2229834.01,0.6727719210755787
2229834.01,2234834.01,2239834.01,0.8482867159170456
2234834.01,2239834.01,2244834.01,0.900355274585275
2239834.01,2244834.01,2249834.01,0.7026169395771522
