Start,Border,End,Score
2199834.01,2204834.01,2209834.01,2.452792703722618
2204834.01,2209834.01,2214834.01,2.488698015552288
