Start,Border,End,Score
1921084.01,1926084.01,1931084.01,1.084843946372671
1926084.01,1931084.01,1936084.01,0.999005737746873
1931084.01,1936084.01,1941084.01,0.8446389021463275
1951084.01,1956084.01,1961084.01,0.844294036909397
1956084.01,1961084.01,1966084.01,0.808911815386093
1986084.01,1991084.01,1996084.01,0.7419345608235098
2006084.01,2011084.01,2016084.01,0.8766365334073439
