Start,Border,End,Score
2204834,2209834,2214834,2.059616712573399
2214834,2219834,2224834,2.126498166360191
2219834,2224834,2229834,2.1993635364430624
