Start,Border,End,Score
899709.01,904709.01,909709.01,4.955018183953678
909709.01,914709.01,919709.01,1.8512992620729365
914709.01,919709.01,924709.01,4.640474592083549
