Start,Border,End,Score
794709,799709,804709,0.5926849275441626
899709,904709,909709,0.5457626661273431
914709,919709,924709,0.7011417584611124
919709,924709,929709,1.452483677343682
