Start,Border,End,Score
2184834.01,2189834.01,2194834.01,7.887962971635105
2194834.01,2199834.01,2204834.01,5.60403802973821
2199834.01,2204834.01,2209834.01,6.038973660348528
2219834.01,2224834.01,2229834.01,8.731100326800547
