Start,Border,End,Score
226501.01,231501.01,236501.01,1.5188192348547782
266501.01,271501.01,276501.01,1.0284414025480708
276501.01,281501.01,286501.01,1.367548109603069
341501.01,346501.01,351501.01,1.5777365031748392
