Start,Border,End,Score
1058459.01,1063459.01,1068459.01,6.14648572815436
1068459.01,1073459.01,1078459.01,2.6012212333301266
1088459.01,1093459.01,1098459.01,2.902317855116107
1093459.01,1098459.01,1103459.01,2.570467663371466
1158459.01,1163459.01,1168459.01,3.193856915404007
