Start,Border,End,Score
1058459.01,1063459.01,1068459.01,2.635417421676661
1128459.01,1133459.01,1138459.01,6.532355396130997
1133459.01,1138459.01,1143459.01,3.4804180528274014
1193459.01,1198459.01,1203459.01,6.250551788515429
