Start,Border,End,Score
1068459.01,1073459.01,1078459.01,7.0215929357282185
1073459.01,1078459.01,1083459.01,6.281618097173146
1078459.01,1083459.01,1088459.01,0.5677483054079553
