Start,Border,End,Score
1621626.01,1626626.01,1631626.01,9.111460526130006
1626626.01,1631626.01,1636626.01,2.334529163967832
1631626.01,1636626.01,1641626.01,1.5275127823813173
1701626.01,1706626.01,1711626.01,1.307803141175497
