Start,Border,End,Score
2309834.01,2314834.01,2319834.01,4.903328268344408
2314834.01,2319834.01,2324834.01,5.176750551050661
2319834.01,2324834.01,2329834.01,8.595372851382475
