Start,Border,End,Score
256501.01,261501.01,266501.01,2.893256622383832
351501.01,356501.01,361501.01,4.246684719532617
356501.01,361501.01,366501.01,4.545179161783857
