Start,Border,End,Score
1921084.01,1926084.01,1931084.01,1.082702813892046
2056084.01,2061084.01,2066084.01,1.1475488650712256
