Start,Border,End,Score
1921084.01,1926084.01,1931084.01,2.1599874313425635
1981084.01,1986084.01,1991084.01,2.151240017341355
2006084.01,2011084.01,2016084.01,2.016997370801557
2041084.01,2046084.01,2051084.01,3.4039812557182128
