Start,Border,End,Score
1382876.01,1387876.01,1392876.01,1.3599372405902748
1387876.01,1392876.01,1397876.01,1.0824442704264785
