Window,Mean Valence,Max Valence,Min Valence,Median Valence,Mean Arousal,Max Arousal,Min Arousal,Median Arousal
1,4.926592039800995,5.0,4.78,5.0,4.759034825870646,5.008,3.854,5.0
2,4.635636815920398,4.844,4.528,4.528,3.18334328358209,3.196,3.148,3.196
