Window,Mean Valence,Max Valence,Min Valence,Median Valence,Mean Arousal,Max Arousal,Min Arousal,Median Arousal
1,4.997482587064677,5.0,4.942,5.0,4.99110447761194,5.093,4.638,5.016
2,4.918940298507462,5.0,4.76,4.942,4.6774477611940295,5.016,4.158,4.638
3,4.348860696517414,4.373,4.269,4.353,2.9735721393034824,3.203,2.636,3.002
4,4.365999999999999,4.404,4.323,4.366,2.604378109452736,2.688,2.508,2.578
