Window,Mean Valence,Max Valence,Min Valence,Median Valence,Mean Arousal,Max Arousal,Min Arousal,Median Arousal
1,5.0360000000000005,5.036,5.036,5.036,2.917194029850746,3.063,2.851,2.901
2,5.0360000000000005,5.036,5.036,5.036,2.7153930348258704,2.751,2.687,2.699
3,5.0360000000000005,5.036,5.036,5.036,2.634,2.634,2.634,2.634
