Window,Mean Valence,Max Valence,Min Valence,Median Valence,Mean Arousal,Max Arousal,Min Arousal,Median Arousal
1,5.001205,5.004,4.975,5.0,4.40097,5.0,3.292,5.0
2,5.003189054726366,5.004,4.975,5.004,3.4378557213930345,5.0,2.994,3.292
3,3.265999999999999,3.266,3.266,3.266,1.322039800995025,1.323,1.32,1.323
