Window,Mean Valence,Max Valence,Min Valence,Median Valence,Mean Arousal,Max Arousal,Min Arousal,Median Arousal
1,6.430985074626866,6.58,5.667,6.573,3.766407960199005,4.071,3.329,3.996
2,5.575383084577115,6.067,3.835,6.064,2.6254179104477613,3.733,2.465,2.475
3,4.365427860696517,6.067,3.259,3.885,2.677860696517413,3.733,2.319,2.475
