Window,Mean Valence,Max Valence,Min Valence,Median Valence,Mean Arousal,Max Arousal,Min Arousal,Median Arousal
1,5.129681592039801,5.572,5.0,5.0,4.338124378109453,5.0,2.844,5.0
2,4.994,4.994,4.994,4.994,6.002,6.002,6.002,6.002
3,5.881,5.881,5.881,5.881,6.3602636815920395,6.372,6.355,6.359
4,5.881,5.881,5.881,5.881,6.374865671641791,6.375,6.372,6.375
