Window,Mean Valence,Max Valence,Min Valence,Median Valence,Mean Arousal,Max Arousal,Min Arousal,Median Arousal
1,3.726492537313433,3.838,3.259,3.815,4.6161293532338314,4.786,4.571,4.593
2,3.508253731343283,3.509,3.394,3.509,4.838825870646767,4.841,4.786,4.841
3,3.386139303482587,3.811,3.268,3.268,5.024333333333333,5.085,4.966,5.022
