Window,Mean Valence,Max Valence,Min Valence,Median Valence,Mean Arousal,Max Arousal,Min Arousal,Median Arousal
1,5.0,5.0,5.0,5.0,5.0,5.0,5.0,5.0
2,4.9654825870646775,5.056,4.259,5.0,4.44928855721393,5.0,3.718,4.607
3,4.387442786069651,5.056,3.762,4.259,3.8189800995024874,4.607,3.691,3.718
