Window,Mean Valence,Max Valence,Min Valence,Median Valence,Mean Arousal,Max Arousal,Min Arousal,Median Arousal
1,4.89157711442786,4.997,4.824,4.863,3.5942537313432843,3.606,3.558,3.606
2,4.757442786069651,4.863,4.139,4.824,3.5959452736318416,3.606,3.466,3.606
3,3.7376766169154236,3.739,3.737,3.737,3.4912189054726364,3.493,3.459,3.493
4,3.7370000000000014,3.737,3.737,3.737,3.474303482587065,3.493,3.459,3.459
5,3.757253731343284,3.771,3.696,3.771,3.2474378109452733,3.276,3.242,3.245
