Window,Mean Valence,Max Valence,Min Valence,Median Valence,Mean Arousal,Max Arousal,Min Arousal,Median Arousal
1,3.842144278606964,3.882,3.829,3.848,2.534318407960199,2.59,2.491,2.544
2,3.549383084577115,3.829,2.967,3.828,2.615771144278607,2.654,2.59,2.61
3,2.966999999999999,2.967,2.967,2.967,2.723910447761194,2.745,2.654,2.745
4,2.969452736318408,2.973,2.967,2.97,2.7502238805970154,2.751,2.745,2.751
