Window,Mean Valence,Max Valence,Min Valence,Median Valence,Mean Arousal,Max Arousal,Min Arousal,Median Arousal
1,5.081925373134328,5.157,5.0,5.089,4.724701492537314,5.0,4.254,4.696
2,4.896815920398009,4.901,4.888,4.898,2.1904427860696516,2.303,1.85,2.261
3,5.101850746268657,5.136,4.88,5.128,1.8879999999999992,1.888,1.888,1.888
4,5.134363184079603,5.136,5.128,5.136,1.8436069651741291,1.888,1.675,1.888
