Window,Mean Valence,Max Valence,Min Valence,Median Valence,Mean Arousal,Max Arousal,Min Arousal,Median Arousal
1,5.0360000000000005,5.036,5.036,5.036,4.103308457711443,4.207,4.081,4.092
2,5.0360000000000005,5.036,5.036,5.036,4.082875621890549,4.092,4.081,4.081
3,4.924703517587939,4.931,4.924,4.924,3.866226130653267,3.898,3.711,3.851
