Window,Mean Valence,Max Valence,Min Valence,Median Valence,Mean Arousal,Max Arousal,Min Arousal,Median Arousal
1,5.0,5.0,5.0,5.0,5.001373134328358,5.036,5.0,5.0
2,5.089850746268657,5.305,5.0,5.0,4.956452736318408,5.0,4.804,5.0
3,5.353427860696518,5.413,5.326,5.326,4.140830845771144,4.228,4.101,4.101
