Window,Mean Valence,Max Valence,Min Valence,Median Valence,Mean Arousal,Max Arousal,Min Arousal,Median Arousal
1,6.05202487562189,6.062,6.044,6.055,3.2307164179104477,3.287,3.193,3.223
2,5.077781094527364,6.019,4.93,4.943,0.7579303482587065,1.252,0.509,0.659
3,5.015457711442786,5.08,4.93,5.08,0.6298059701492538,0.659,0.509,0.646
4,4.988099502487563,4.991,4.988,4.988,0.8110000000000002,0.811,0.811,0.811
