Window,Mean Valence,Max Valence,Min Valence,Median Valence,Mean Arousal,Max Arousal,Min Arousal,Median Arousal
1,3.8079999999999994,3.808,3.808,3.808,4.921975000000001,4.941,4.847,4.941
2,3.8079999999999994,3.808,3.808,3.808,4.874975000000001,4.941,4.847,4.847
3,3.6720696517412934,3.678,3.671,3.671,3.8590199004975134,4.014,3.678,3.873
