Window,Mean Valence,Max Valence,Min Valence,Median Valence,Mean Arousal,Max Arousal,Min Arousal,Median Arousal
1,5.0,5.0,5.0,5.0,5.0,5.0,5.0,5.0
2,5.0,5.0,5.0,5.0,5.209,5.209,5.209,5.209
3,5.0,5.0,5.0,5.0,5.2090000000000005,5.209,5.209,5.209
4,5.0,5.0,5.0,5.0,5.2090000000000005,5.209,5.209,5.209
