Window,Mean Valence,Max Valence,Min Valence,Median Valence,Mean Arousal,Max Arousal,Min Arousal,Median Arousal
1,6.870144278606965,7.294,6.615,6.672,5.558208955223881,5.666,5.236,5.591
2,7.245044776119403,7.39,6.925,7.39,5.255497512437811,5.417,5.127,5.198
