Window,Mean Valence,Max Valence,Min Valence,Median Valence,Mean Arousal,Max Arousal,Min Arousal,Median Arousal
1,5.0,5.0,5.0,5.0,5.0,5.0,5.0,5.0
2,5.0,5.0,5.0,5.0,5.0,5.0,5.0,5.0
3,5.0,5.0,5.0,5.0,5.034044776119403,5.15,5.0,5.0
4,5.438194029850746,5.451,5.423,5.451,4.377945273631841,4.539,4.176,4.499
