Window,Mean Valence,Max Valence,Min Valence,Median Valence,Mean Arousal,Max Arousal,Min Arousal,Median Arousal
1,4.985999999999999,4.986,4.986,4.986,1.5195671641791044,1.548,1.494,1.506
2,4.985999999999999,4.986,4.986,4.986,1.494,1.494,1.494,1.494
