Start,Border,End,Valence,Arousal,Valence Diff,Arousal Diff,Score,GSR_Diff,BVP_Diff,RSP_Diff,SKT_Diff,EMG_ZYGO_Diff,EMG_CORU_Diff,EMG_TRAP_Diff
795376.01,800376.01,805376.01,6.463,5.239,0.4110000000000005,0.45699999999999985,7.556618196907418,1.7149999999999999,2.9840000000000018,0.3290000000000006,0.04899999999999949,2.6689999999999987,0.944,0.041999999999999815
830376.01,835376.01,840376.01,6.258,5.057,0.38899999999999935,0.020999999999999908,6.959484811544318,0.23199999999999932,0.5429999999999993,0.13599999999999568,0.028000000000002245,1.2320000000000002,1.1499999999999995,1.479000000000001
835376.01,840376.01,845376.01,6.56,5.167,0.29100000000000037,0.09899999999999931,6.39467405357628,0.5629999999999988,0.2330000000000041,2.158999999999999,0.020999999999997243,5.134,0.32899999999999974,0.08200000000000074
900376.01,905376.01,910376.01,6.885,6.651,1.4620000000000006,0.18300000000000072,6.4558134568731536,1.2970000000000006,2.5760000000000005,0.8999999999999986,0.030999999999998806,19.302,0.2469999999999999,1.7240000000000002
925376.01,930376.01,935376.01,7.403,5.868,0.8140000000000001,1.4809999999999999,26.75904504333405,2.503999999999998,0.5710000000000051,1.3070000000000022,0.03599999999999781,31.828000000000003,0.5340000000000007,0.08199999999999985
