Start,Border,End,Valence,Arousal,Valence Diff,Arousal Diff,Score,GSR_Diff,BVP_Diff,RSP_Diff,SKT_Diff,EMG_ZYGO_Diff,EMG_CORU_Diff,EMG_TRAP_Diff
1127126.01,1132126.01,1137126.01,7.273,4.934,0.1689999999999996,0.133,7.116279387806906,0.07500000000000018,0.7849999999999966,0.8519999999999968,0.02499999999999858,0.24600000000000044,2.0940000000000003,0.2060000000000004
1142126.01,1147126.01,1152126.01,7.491,4.852,0.0810000000000004,0.08800000000000008,3.524935598145456,0.3899999999999997,0.5040000000000049,1.1129999999999995,0.0,12.238999999999999,5.3389999999999995,0.1639999999999997
1157126.01,1162126.01,1167126.01,7.491,4.896,0.10000000000000053,0.11000000000000032,5.77376240625723,0.520999999999999,0.10699999999999932,1.4040000000000035,0.013999999999999346,16.098,0.5739999999999998,0.1640000000000006
1182126.01,1187126.01,1192126.01,7.454,5.069,0.016000000000000014,0.27200000000000024,3.142646030376107,1.1829999999999998,0.4750000000000014,0.38700000000000045,0.006999999999997897,5.133999999999997,0.24599999999999955,0.0
1192126.01,1197126.01,1202126.01,7.322,5.26,0.13699999999999957,0.04400000000000048,3.3057391322269,1.5060000000000002,1.230000000000004,0.4259999999999984,0.010000000000001563,3.655000000000001,0.04099999999999948,1.314
