Start,Border,End,Valence,Arousal,Valence Diff,Arousal Diff,Score,GSR_Diff,BVP_Diff,RSP_Diff,SKT_Diff,EMG_ZYGO_Diff,EMG_CORU_Diff,EMG_TRAP_Diff
2019751.01,2024751.01,2029751.01,4.942,5.404,0.022999999999999687,0.20699999999999985,3.121186034072003,0.359,0.5139999999999958,0.3879999999999981,0.0,1.5189999999999992,0.24600000000000044,5.955
2034751.01,2039751.01,2044751.01,4.922,5.614,0.0,0.07000000000000028,3.24553416132462,0.4540000000000006,0.15500000000000114,0.8320000000000007,0.01799999999999713,10.596,0.04099999999999948,0.16500000000000004
2044751.01,2049751.01,2054751.01,4.97,5.99,0.052999999999999936,0.34999999999999964,2.472768878369424,0.24799999999999933,0.6299999999999955,0.19299999999999784,0.006999999999997897,8.542,0.0,0.12300000000000022
