Start,Border,End,Valence,Arousal,Valence Diff,Arousal Diff,Score,GSR_Diff,BVP_Diff,RSP_Diff,SKT_Diff,EMG_ZYGO_Diff,EMG_CORU_Diff,EMG_TRAP_Diff
852001.01,857001.01,862001.01,5.054,5.0,0.9989999999999997,0.23099999999999987,6.089073703927384,1.3050000000000015,2.5959999999999965,0.1839999999999975,0.011000000000002785,3.695999999999999,1.6839999999999993,3.6560000000000006
902001.01,907001.01,912001.01,8.079,7.257,0.5209999999999999,0.3330000000000002,5.822633458022724,0.22100000000000009,0.4069999999999965,4.5589999999999975,0.02400000000000091,20.452,0.5340000000000007,2.4640000000000004
912001.01,917001.01,922001.01,7.101,6.653,0.4610000000000003,0.7879999999999994,5.859187323134247,0.15300000000000225,2.0629999999999953,3.2139999999999986,0.004000000000001336,6.12,0.1640000000000006,0.20599999999999952
