Start,Border,End,Valence,Arousal,Valence Diff,Arousal Diff,Score,GSR_Diff,BVP_Diff,RSP_Diff,SKT_Diff,EMG_ZYGO_Diff,EMG_CORU_Diff,EMG_TRAP_Diff
276501.01,281501.01,286501.01,5.83,4.892,0.10200000000000031,0.001000000000000334,6.856434954116171,5.523999999999999,1.220000000000006,0.047999999999998266,0.08399999999999608,1.6020000000000003,1.600999999999999,0.04100000000000392
291501.01,296501.01,301501.01,6.418,4.968,0.3860000000000001,0.08800000000000008,4.68205034530217,6.640000000000001,1.1229999999999976,0.21300000000000097,0.11499999999999488,0.9859999999999998,18.521,0.08200000000000074
316501.01,321501.01,326501.01,5.067,5.0,0.0,0.0,4.282835745774685,4.486999999999998,1.8689999999999998,0.0,0.13000000000000256,0.657,1.6019999999999985,0.4939999999999998
376501.01,381501.01,386501.01,4.109,5.688,0.9979999999999998,0.2610000000000001,7.658803091478165,1.7780000000000022,3.7379999999999995,0.047999999999998266,0.021000000000000796,1.1500000000000004,0.3290000000000006,7.886000000000003
