Start,Border,End,Valence,Arousal,Valence Diff,Arousal Diff,Score,GSR_Diff,BVP_Diff,RSP_Diff,SKT_Diff,EMG_ZYGO_Diff,EMG_CORU_Diff,EMG_TRAP_Diff
246501.01,251501.01,256501.01,5.336,4.666,1.2460000000000004,0.7809999999999997,3.705744590122394,0.5130000000000017,0.0,0.010000000000005116,0.0030000000000001137,0.7400000000000002,0.9860000000000007,2.423000000000002
326501.01,331501.01,336501.01,6.205,3.453,0.1979999999999995,0.009999999999999787,3.5688219906494467,0.3940000000000019,0.2809999999999988,0.3190000000000026,0.021000000000000796,17.249,1.190999999999999,2.7109999999999985
336501.01,341501.01,346501.01,6.862,3.197,0.5890000000000004,0.20799999999999974,3.665257969128264,2.3150000000000013,0.8140000000000001,0.3190000000000026,0.0,15.277,0.04100000000000037,2.998000000000001
341501.01,346501.01,351501.01,6.955,3.112,0.10400000000000009,0.0030000000000001137,5.445320528682593,3.0120000000000005,0.1939999999999955,1.1799999999999997,0.0070000000000014495,5.297999999999999,0.28699999999999903,19.465999999999998
361501.01,366501.01,371501.01,7.37,3.778,0.2970000000000006,0.12300000000000022,3.5007878182890555,1.0050000000000026,1.2489999999999952,1.791000000000004,0.0030000000000001137,15.482000000000001,0.45199999999999996,2.6690000000000005
376501.01,381501.01,386501.01,7.808,4.551,0.3490000000000002,0.32499999999999973,3.564368997339973,0.09100000000000108,0.1739999999999995,0.3480000000000061,0.018000000000000682,3.8200000000000003,0.6990000000000007,5.709
381501.01,386501.01,391501.01,7.39,3.474,0.15299999999999958,1.3900000000000001,3.979378891495793,0.28699999999999903,0.3290000000000006,6.911000000000001,0.00999999999999801,0.9440000000000008,0.04100000000000037,0.49299999999999855
