Start,Border,End,Valence,Arousal,Valence Diff,Arousal Diff,Score,GSR_Diff,BVP_Diff,RSP_Diff,SKT_Diff,EMG_ZYGO_Diff,EMG_CORU_Diff,EMG_TRAP_Diff
1112126.01,1117126.01,1122126.01,5.0,5.0,0.0,0.052999999999999936,4.46054155609321,0.25200000000000244,0.9489999999999981,0.46399999999999864,0.013999999999999346,0.8620000000000001,0.9850000000000012,29.363000000000003
1132126.01,1137126.01,1142126.01,5.0,5.104,0.0,0.015000000000000568,2.988292724267162,0.2959999999999994,3.603999999999999,0.9969999999999999,0.006999999999997897,1.8899999999999997,3.7780000000000005,6.488999999999997
1182126.01,1187126.01,1192126.01,7.069,5.345,0.4770000000000003,0.05799999999999983,2.3212529647239792,0.0400000000000027,0.24199999999999733,0.2809999999999988,0.0070000000000014495,2.013,0.04100000000000037,1.6839999999999975
