Start,Border,End,Valence,Arousal,Valence Diff,Arousal Diff,Score,GSR_Diff,BVP_Diff,RSP_Diff,SKT_Diff,EMG_ZYGO_Diff,EMG_CORU_Diff,EMG_TRAP_Diff
1678001.01,1683001.01,1688001.01,5.325,4.983,0.3810000000000002,0.0019999999999997797,3.524068360483778,0.06700000000000017,0.9500000000000028,0.05799999999999983,0.003999999999997783,0.3689999999999998,14.662000000000003,22.791999999999998
1718001.01,1723001.01,1728001.01,6.376,5.001,0.010000000000000675,0.041999999999999815,2.6797841539336336,0.16900000000000048,1.6559999999999988,0.134999999999998,0.004000000000001336,2.914999999999999,0.12399999999999967,0.20500000000000007
1763001.01,1768001.01,1773001.01,6.307,5.017,0.18900000000000006,0.057000000000000384,4.256467358383647,2.1370000000000005,0.09600000000000364,0.5519999999999996,0.0,6.406999999999998,0.0,0.28799999999999937
1778001.01,1783001.01,1788001.01,7.106,4.931,0.2060000000000004,0.01699999999999946,2.7137747841609934,3.615000000000002,0.9099999999999966,0.35800000000000054,0.00999999999999801,2.0540000000000003,0.2060000000000004,0.20599999999999952
