Start,Border,End,Valence,Arousal,Valence Diff,Arousal Diff,Score,GSR_Diff,BVP_Diff,RSP_Diff,SKT_Diff,EMG_ZYGO_Diff,EMG_CORU_Diff,EMG_TRAP_Diff
221501.01,226501.01,231501.01,5.0,5.0,0.0,0.0,1.8209015116000864,1.2620000000000005,4.881999999999998,1.722999999999999,0.17800000000000082,0.12400000000000055,0.04100000000000037,0.5340000000000007
231501.01,236501.01,241501.01,5.515,5.187,0.5279999999999996,0.516,0.7634659955354933,0.15800000000000125,1.5399999999999991,0.13600000000000279,0.14099999999999824,0.2469999999999999,0.041999999999999815,0.1639999999999997
