Start,Border,End,Valence,Arousal,Valence Diff,Arousal Diff,Score,GSR_Diff,BVP_Diff,RSP_Diff,SKT_Diff,EMG_ZYGO_Diff,EMG_CORU_Diff,EMG_TRAP_Diff
1946751.01,1951751.01,1956751.01,5.102,5.0,0.7000000000000002,0.02400000000000002,2.5590530752546314,0.16600000000000037,1.3269999999999982,0.2809999999999988,0.07699999999999818,1.1909999999999998,0.32899999999999974,0.12299999999999933
2006751.01,2011751.01,2016751.01,5.968,4.917,0.04499999999999993,0.42300000000000004,2.048697504327924,0.060000000000002274,0.9100000000000037,0.5129999999999981,0.0519999999999996,0.04099999999999948,1.7250000000000005,0.16500000000000004
2016751.01,2021751.01,2026751.01,6.03,4.926,0.31700000000000017,0.0030000000000001137,2.8663620201678146,0.08599999999999852,1.2199999999999989,0.2810000000000059,0.027999999999998693,3.819000000000001,2.670000000000001,0.08199999999999985
2036751.01,2041751.01,2046751.01,6.433,4.937,0.1949999999999994,0.0,2.194096094888339,0.05900000000000105,1.394999999999996,1.083999999999996,0.013999999999995794,2.013,0.8210000000000006,4.311999999999999
