Start,Border,End,Valence,Arousal,Valence Diff,Arousal Diff,Score,GSR_Diff,BVP_Diff,RSP_Diff,SKT_Diff,EMG_ZYGO_Diff,EMG_CORU_Diff,EMG_TRAP_Diff
1397876.01,1402876.01,1407876.01,5.0,5.0,0.9119999999999999,0.0990000000000002,1.893880520788644,0.0909999999999993,0.33899999999999864,0.4549999999999983,0.013999999999999346,1.5190000000000001,0.08199999999999985,6.4479999999999995
1437876.01,1442876.01,1447876.01,5.986,5.172,0.05600000000000005,0.028999999999999915,2.398594644385277,0.49600000000000044,0.8230000000000004,0.48400000000000176,0.003999999999997783,6.160000000000001,0.04099999999999948,0.20500000000000007
1447876.01,1452876.01,1457876.01,6.565,5.189,0.9290000000000003,0.09999999999999964,1.2397760415969563,0.6270000000000007,0.19400000000000261,0.15500000000000114,0.0030000000000001137,5.832000000000001,0.04100000000000037,0.2869999999999999
1492876.01,1497876.01,1502876.01,6.878,6.721,0.07200000000000006,0.09799999999999986,1.263368874542178,0.09799999999999898,0.9589999999999961,1.8969999999999985,0.0070000000000014495,1.2730000000000015,0.12299999999999933,0.5750000000000002
1507876.01,1512876.01,1517876.01,7.075,5.793,0.40700000000000003,1.4350000000000005,3.970277653122823,0.2240000000000002,0.8429999999999964,0.7929999999999993,0.028999999999999915,3.5730000000000004,0.1639999999999997,0.16500000000000004
