Start,Border,End,Valence,Arousal,Valence Diff,Arousal Diff,Score,GSR_Diff,BVP_Diff,RSP_Diff,SKT_Diff,EMG_ZYGO_Diff,EMG_CORU_Diff,EMG_TRAP_Diff
501626.01,506626.01,511626.01,6.703,4.728,2.1340000000000003,0.5960000000000001,3.3961428688554576,3.3480000000000025,0.5519999999999996,0.6289999999999978,0.010000000000001563,10.595999999999998,1.2320000000000002,0.7389999999999999
561626.01,566626.01,571626.01,6.722,6.736,0.09299999999999997,0.3700000000000001,5.628988428419811,0.7650000000000006,0.8620000000000019,0.8610000000000042,0.006999999999997897,4.477,0.20500000000000007,0.040000000000000036
581626.01,586626.01,591626.01,6.286,6.491,0.12600000000000033,0.06799999999999962,3.639248926886711,0.8870000000000005,0.25200000000000244,0.48400000000000176,0.0070000000000014495,0.4930000000000003,0.08199999999999985,0.08199999999999985
661626.01,666626.01,671626.01,5.297,5.842,0.9420000000000002,0.20899999999999963,3.2945389706790724,0.488999999999999,1.2680000000000007,0.6970000000000027,0.0070000000000014495,2.3819999999999997,0.9849999999999994,0.2060000000000004
