Start,Border,End,Valence,Arousal,Valence Diff,Arousal Diff,Score,GSR_Diff,BVP_Diff,RSP_Diff,SKT_Diff,EMG_ZYGO_Diff,EMG_CORU_Diff,EMG_TRAP_Diff
847001.01,852001.01,857001.01,5.0,5.0,1.476,0.6130000000000004,21.263501232066403,0.07500000000000018,0.4750000000000014,0.4650000000000034,0.0,27.926000000000002,1.1500000000000004,0.9030000000000005
872001.01,877001.01,882001.01,6.689,7.624,0.8850000000000007,0.8309999999999995,3.213960356300098,0.07499999999999929,0.570999999999998,0.1840000000000046,0.0030000000000001137,8.501000000000001,1.109,10.473000000000003
877001.01,882001.01,887001.01,7.086,8.055,0.33399999999999963,0.4460000000000006,3.561252677627311,0.0389999999999997,0.8329999999999984,1.4130000000000038,0.0030000000000001137,15.030999999999999,3.2849999999999993,0.9439999999999991
892001.01,897001.01,902001.01,7.023,8.271,0.0,0.22100000000000009,3.121134555105212,0.03500000000000014,2.247,2.304000000000002,0.0030000000000001137,28.542,6.611000000000001,0.6159999999999997
912001.01,917001.01,922001.01,6.63,7.267,0.0990000000000002,0.4159999999999995,4.485579131779982,0.0829999999999993,0.6580000000000013,0.13600000000000279,0.0030000000000001137,20.369999999999997,0.1639999999999997,0.04099999999999859
