Start,Border,End,Valence,Arousal,Valence Diff,Arousal Diff,Score,GSR_Diff,BVP_Diff,RSP_Diff,SKT_Diff,EMG_ZYGO_Diff,EMG_CORU_Diff,EMG_TRAP_Diff
1654626.01,1659626.01,1664626.01,7.296,5.596,0.14100000000000001,0.13000000000000078,6.569102250287218,0.022999999999999687,0.3580000000000041,1.3069999999999986,0.006999999999997897,12.732000000000001,0.45199999999999996,0.2869999999999999
1669626.01,1674626.01,1679626.01,7.404,5.065,0.12199999999999989,0.2450000000000001,8.80207745572817,0.12200000000000344,0.5330000000000013,0.25099999999999767,0.004000000000001336,4.518,0.0,0.3689999999999998
1719626.01,1724626.01,1729626.01,7.22,5.084,0.16199999999999992,0.0,8.835048744547361,0.6900000000000013,0.20400000000000063,2.546000000000003,0.021000000000000796,7.9670000000000005,0.24599999999999955,0.3689999999999998
