Start,Border,End,Valence,Arousal,Valence Diff,Arousal Diff,Score,GSR_Diff,BVP_Diff,RSP_Diff,SKT_Diff,EMG_ZYGO_Diff,EMG_CORU_Diff,EMG_TRAP_Diff
2273501.01,2278501.01,2283501.01,6.592,4.998,0.7040000000000006,0.15700000000000003,2.627902741663187,1.1899999999999995,0.5230000000000032,0.7449999999999974,0.0030000000000001137,0.08300000000000018,0.08199999999999985,0.08200000000000074
2283501.01,2288501.01,2293501.01,7.384,4.957,0.10099999999999998,0.23499999999999943,4.323936771472874,1.2660000000000018,0.7839999999999989,0.0969999999999942,0.013999999999999346,3.613999999999999,0.24599999999999955,0.657
2288501.01,2293501.01,2298501.01,7.397,5.076,0.5499999999999998,0.017000000000000348,1.8132140168226456,1.5570000000000004,0.48400000000000176,1.200999999999997,0.00999999999999801,2.7509999999999994,0.1639999999999997,0.41000000000000014
2293501.01,2298501.01,2303501.01,7.934,4.974,0.6400000000000006,0.1559999999999997,1.9738558924694185,1.5730000000000004,0.6679999999999993,0.04899999999999949,0.0070000000000014495,2.422999999999999,0.1639999999999997,0.4919999999999991
