Start,Border,End,Valence,Arousal,Valence Diff,Arousal Diff,Score,GSR_Diff,BVP_Diff,RSP_Diff,SKT_Diff,EMG_ZYGO_Diff,EMG_CORU_Diff,EMG_TRAP_Diff
1743001.01,1748001.01,1753001.01,6.929,5.52,0.36300000000000043,0.17499999999999982,5.915018995048303,2.195999999999998,0.7560000000000002,1.9259999999999948,0.010000000000001563,0.45199999999999996,0.12300000000000022,3.3260000000000005
1753001.01,1758001.01,1763001.01,7.004,5.584,0.3979999999999997,0.03000000000000025,3.602572600027308,0.4299999999999997,1.6569999999999965,1.8290000000000006,0.006999999999997897,2.0120000000000005,0.1639999999999997,3.326999999999998
