Window,Mean Valence,Max Valence,Min Valence,Median Valence,Mean Arousal,Max Arousal,Min Arousal,Median Arousal
1,6.064771144278608,6.072,6.061,6.061,4.8186318407960185,4.824,4.752,4.824
2,6.067124378109454,6.072,5.954,6.072,4.840383084577114,5.014,4.824,4.824
3,5.783552238805971,6.487,5.105,5.975,4.99992039800995,5.229,4.824,5.01
