Window,Mean Valence,Max Valence,Min Valence,Median Valence,Mean Arousal,Max Arousal,Min Arousal,Median Arousal
1,5.0,5.0,5.0,5.0,5.019487562189054,5.106,5.0,5.0
2,6.684129353233831,6.744,6.578,6.744,5.382562189054727,5.567,5.018,5.537
3,6.240999999999999,6.241,6.241,6.241,5.337999999999999,5.338,5.338,5.338
