Window,Mean Valence,Max Valence,Min Valence,Median Valence,Mean Arousal,Max Arousal,Min Arousal,Median Arousal
1,6.187537313432834,6.258,6.187,6.187,4.054691542288557,4.073,3.619,4.073
2,6.317422885572139,6.772,6.187,6.221,3.629696517412936,4.073,2.912,3.619
3,6.073850746268657,6.099,5.913,6.099,3.274398009950249,3.873,3.161,3.161
4,6.314223880597016,6.81,5.913,6.099,3.793119402985075,4.325,3.161,3.873
