Window,Mean Valence,Max Valence,Min Valence,Median Valence,Mean Arousal,Max Arousal,Min Arousal,Median Arousal
1,5.0,5.0,5.0,5.0,5.0,5.0,5.0,5.0
2,6.041850746268656,6.053,5.961,6.053,5.000855721393035,5.002,4.983,5.002
3,6.052999999999999,6.053,6.053,6.053,4.98644776119403,5.002,4.968,4.983
