Window,Mean Valence,Max Valence,Min Valence,Median Valence,Mean Arousal,Max Arousal,Min Arousal,Median Arousal
1,5.043761194029851,5.144,4.8,5.026,4.454248756218906,5.049,3.932,4.224
2,4.999830845771144,5.144,4.874,4.911,4.072477611940298,4.226,3.88,3.98
