Window,Mean Valence,Max Valence,Min Valence,Median Valence,Mean Arousal,Max Arousal,Min Arousal,Median Arousal
1,5.004776119402985,5.102,5.0,5.0,5.0,5.0,5.0,5.0
2,5.225044776119403,5.308,5.102,5.19,4.963333333333333,5.0,4.89,5.0
3,5.288835820895523,5.308,5.19,5.308,4.894955223880597,5.0,4.836,4.89
4,5.198194029850746,5.297,5.139,5.149,4.96279104477612,5.0,4.863,5.0
