Window,Mean Valence,Max Valence,Min Valence,Median Valence,Mean Arousal,Max Arousal,Min Arousal,Median Arousal
1,6.986900497512437,7.705,6.381,7.001,5.443024875621889,6.246,4.771,5.082
2,7.348094527363183,7.705,7.001,7.294,6.160517412935324,6.361,5.082,6.235
