Window,Mean Valence,Max Valence,Min Valence,Median Valence,Mean Arousal,Max Arousal,Min Arousal,Median Arousal
1,4.868114427860696,5.061,4.787,4.849,4.686865671641791,4.841,4.639,4.655
2,5.684114427860697,6.09,5.367,5.716,4.832482587064677,4.944,4.771,4.842
3,6.131726368159206,6.432,5.716,6.09,4.861557213930348,4.944,4.771,4.898
