Window,Mean Valence,Max Valence,Min Valence,Median Valence,Mean Arousal,Max Arousal,Min Arousal,Median Arousal
1,5.0,5.0,5.0,5.0,5.0357562189054725,5.038,5.0,5.038
2,5.069825870646767,5.26,5.0,5.0,4.85563184079602,5.0,4.105,5.0
3,5.637363184079602,5.673,5.632,5.632,4.421218905472637,4.728,4.353,4.353
4,5.632159203980099,5.636,5.632,5.632,4.438094527363184,4.52,4.353,4.462
5,5.243721393034825,5.304,5.185,5.265,4.5168308457711435,4.681,4.369,4.571
