Window,Mean Valence,Max Valence,Min Valence,Median Valence,Mean Arousal,Max Arousal,Min Arousal,Median Arousal
1,5.715999999999999,5.716,5.716,5.716,5.1000000000000005,5.1,5.1,5.1
2,5.715999999999999,5.716,5.716,5.716,5.1000000000000005,5.1,5.1,5.1
3,5.597850746268656,5.731,5.436,5.66,5.101850746268657,5.103,5.1,5.103
