Window,Mean Valence,Max Valence,Min Valence,Median Valence,Mean Arousal,Max Arousal,Min Arousal,Median Arousal
1,5.0,5.0,5.0,5.0,5.0,5.0,5.0,5.0
2,3.7965820895522393,4.972,2.981,3.677,5.915482587064677,6.141,5.496,6.008
3,4.80457,5.181,3.677,4.968,5.1383649999999985,6.008,4.044,5.496
4,5.729960199004976,7.042,4.907,5.582,6.272611940298507,6.609,6.038,6.271
