Window,Mean Valence,Max Valence,Min Valence,Median Valence,Mean Arousal,Max Arousal,Min Arousal,Median Arousal
1,5.0,5.0,5.0,5.0,5.0,5.0,5.0,5.0
2,6.905776119402986,6.947,6.885,6.894,5.0698706467661685,5.239,5.056,5.056
3,6.916761194029852,7.051,6.888,6.888,5.5062835820895515,5.696,5.461,5.472
4,7.113781094527362,7.449,6.888,7.051,5.824263681592041,6.339,5.461,5.696
