Window,Mean Valence,Max Valence,Min Valence,Median Valence,Mean Arousal,Max Arousal,Min Arousal,Median Arousal
1,6.748661691542289,6.749,6.733,6.749,4.938601990049752,4.955,4.912,4.944
2,6.801671641791045,6.957,6.746,6.77,5.554711442786068,6.242,5.036,5.185
