Window,Mean Valence,Max Valence,Min Valence,Median Valence,Mean Arousal,Max Arousal,Min Arousal,Median Arousal
1,5.909000000000001,6.171,5.0,6.0305,4.672545000000001,5.02,4.554,4.554
2,6.017069651741294,6.05,6.004,6.007,4.5472238805970155,4.554,4.469,4.554
3,6.200985074626865,6.651,6.004,6.007,4.481014925373135,4.627,4.375,4.474
