Window,Mean Valence,Max Valence,Min Valence,Median Valence,Mean Arousal,Max Arousal,Min Arousal,Median Arousal
1,5.3129800995024885,5.512,5.045,5.413,4.533616915422886,4.613,4.524,4.53
2,5.619766169154228,5.648,5.512,5.639,4.48679104477612,4.534,4.408,4.498
3,5.65105472636816,5.668,5.639,5.648,4.422303482587065,4.498,4.365,4.408
4,5.694721393034826,5.709,5.689,5.689,4.308248756218905,4.413,4.244,4.274
5,5.873990049751244,6.12,5.709,5.723,4.365298507462686,4.707,4.188,4.244
6,6.080900497512437,6.149,5.723,6.12,4.623527363184079,4.836,4.188,4.707
7,6.140726368159204,6.15,6.12,6.149,4.813273631840796,4.887,4.707,4.836
