Window,Mean Valence,Max Valence,Min Valence,Median Valence,Mean Arousal,Max Arousal,Min Arousal,Median Arousal
1,6.1078507462686575,6.125,6.068,6.125,3.8455522388059697,3.891,3.827,3.827
2,6.125,6.125,6.125,6.125,3.799646766169153,3.827,3.708,3.827
3,6.126985074626866,6.153,6.125,6.125,3.7514676616915414,3.827,3.708,3.739
