Window,Mean Valence,Max Valence,Min Valence,Median Valence,Mean Arousal,Max Arousal,Min Arousal,Median Arousal
1,5.0,5.0,5.0,5.0,5.0,5.0,5.0,5.0
2,5.313592039800996,5.323,5.267,5.319,4.762666666666667,5.0,4.747,4.747
3,5.181203980099503,5.516,5.0,5.248,4.896532338308458,5.0,4.648,4.992
4,3.360174129353234,3.548,3.323,3.351,4.487442786069651,4.53,4.486,4.486
