Window,Mean Valence,Max Valence,Min Valence,Median Valence,Mean Arousal,Max Arousal,Min Arousal,Median Arousal
1,6.198462686567162,6.199,6.196,6.199,5.865666666666668,5.884,5.841,5.879
2,6.246328358208955,6.261,6.199,6.261,5.763417910447762,5.884,5.728,5.728
3,6.261,6.261,6.261,6.261,5.739751243781095,5.776,5.728,5.734
