Window,Mean Valence,Max Valence,Min Valence,Median Valence,Mean Arousal,Max Arousal,Min Arousal,Median Arousal
1,5.280703517587941,5.844,5.0,5.0,4.939371859296482,5.0,4.781,5.0
2,5.922243781094527,6.029,5.844,5.855,4.817751243781093,4.898,4.781,4.781
