Window,Mean Valence,Max Valence,Min Valence,Median Valence,Mean Arousal,Max Arousal,Min Arousal,Median Arousal
1,5.490885572139303,5.872,5.0,5.837,5.382144278606966,5.723,5.0,5.68
2,4.143616915422884,4.148,4.133,4.144,4.362696517412934,4.434,4.293,4.351
3,5.920019900497512,6.267,4.997,6.208,3.6191243781094524,4.213,3.412,3.464
4,7.306875621890549,7.585,7.29,7.29,5.628462686567164,5.641,5.589,5.627
