Window,Mean Valence,Max Valence,Min Valence,Median Valence,Mean Arousal,Max Arousal,Min Arousal,Median Arousal
1,5.0020895522388065,5.078,4.99,5.0,4.715915422885572,5.0,3.554,5.0
2,5.040895522388061,5.078,4.99,5.078,3.9745273631840794,5.0,3.497,3.556
3,5.078,5.078,5.078,5.078,3.5036567164179098,3.556,3.497,3.497
4,5.078,5.078,5.078,5.078,3.488,3.488,3.488,3.488
