Window,Mean Valence,Max Valence,Min Valence,Median Valence,Mean Arousal,Max Arousal,Min Arousal,Median Arousal
1,6.161282722513088,6.164,6.145,6.164,5.948513089005236,6.089,5.929,5.929
2,6.164000000000001,6.164,6.164,6.164,5.928974683544304,5.929,5.925,5.929
3,6.148228855721392,6.365,6.1,6.1,5.979572139303482,5.989,5.933,5.989
4,6.31229353233831,6.464,6.1,6.365,5.952129353233831,5.989,5.933,5.935
5,6.85451871657754,6.97,6.648,6.874,5.6351818181818185,5.894,5.513,5.623
