Window,Mean Valence,Max Valence,Min Valence,Median Valence,Mean Arousal,Max Arousal,Min Arousal,Median Arousal
1,4.967238805970148,4.973,4.911,4.973,3.6255820895522386,4.617,3.406,3.524
2,4.938373134328358,5.022,4.823,5.0,5.042303482587064,5.584,4.66,5.184
3,4.97771144278607,4.984,4.84,4.984,5.764955223880596,5.814,5.537,5.804
4,4.864004975124377,4.865,4.864,4.864,5.595169154228857,5.785,5.563,5.563
