Window,Mean Valence,Max Valence,Min Valence,Median Valence,Mean Arousal,Max Arousal,Min Arousal,Median Arousal
1,4.943034825870647,5.0,4.835,4.94,5.402631840796021,5.844,5.0,5.325
2,4.805442786069651,4.94,4.675,4.835,5.729597014925373,5.844,5.325,5.708
3,4.785442786069651,4.97,4.675,4.768,5.661995024875622,5.844,5.548,5.65
4,5.177721393034827,5.192,5.0,5.192,5.594731343283583,5.636,5.375,5.636
5,5.15865671641791,5.199,5.036,5.192,5.2443681592039795,5.636,4.67,5.375
6,4.950388059701491,4.984,4.942,4.946,5.779497512437811,5.846,5.454,5.766
7,4.98502985074627,4.987,4.984,4.984,4.476203980099502,4.627,4.416,4.464
