Start,Border,End,Score
583251.01,588251.01,593251.01,6.449168074294775
593251.01,598251.01,603251.01,2.1497222287306506
618251.01,623251.01,628251.01,2.5015997083226638
