Start,Border,End,Score
514584.01,519584.01,524584.01,2.5862673210939144
619584.01,624584.01,629584.01,2.685973192174547
624584.01,629584.01,634584.01,5.861042049079872
634584.01,639584.01,644584.01,3.738952719728121
