Start,Border,End,Score
236501.01,241501.01,246501.01,1.0574241666032906
276501.01,281501.01,286501.01,0.9754466122551384
291501.01,296501.01,301501.01,1.5000047523143674
331501.01,336501.01,341501.01,0.8155474691853704
351501.01,356501.01,361501.01,0.8574003734924962
