Start,Border,End,Score
799709.01,804709.01,809709.01,6.583897358782027
899709.01,904709.01,909709.01,7.8758844453732255
