Start,Border,End,Score
1397876,1402876,1407876,1.1548277298412484
1432876,1437876,1442876,1.1077152328502975
1447876,1452876,1457876,1.343529371281034
1452876,1457876,1462876,1.3362784796792195
1462876,1467876,1472876,4.243299344696328
1467876,1472876,1477876,1.862982119401694
