Start,Border,End,Score
1156459.01,1161459.01,1166459.01,2.2018947876534103
1171459.01,1176459.01,1181459.01,2.046794160601591
