Start,Border,End,Score
904709.01,909709.01,914709.01,8.127525855770049
919709.01,924709.01,929709.01,16.431233159168137
