Start,Border,End,Score
2012709.01,2017709.01,2022709.01,2.588195980406737
2017709.01,2022709.01,2027709.01,7.214727799017362
