Start,Border,End,Score
1076459.01,1081459.01,1086459.01,7.48576334018045
1121459.01,1126459.01,1131459.01,7.473163924437805
1171459.01,1176459.01,1181459.01,6.999104126941688
