Start,Border,End,Score
1452876,1457876,1462876,4.232144138336307
1457876,1462876,1467876,5.081070980361428
1462876,1467876,1472876,4.765050463189647
