Start,Border,End,Score
1442876.01,1447876.01,1452876.01,1.3167838253943618
1457876.01,1462876.01,1467876.01,1.3476110982641023
