Start,Border,End,Score
331501.01,336501.01,341501.01,2.2593437117290174
341501.01,346501.01,351501.01,2.57385406590669
351501.01,356501.01,361501.01,4.836914591640745
