Start,Border,End,Score
549584.01,554584.01,559584.01,6.349567367092019
554584.01,559584.01,564584.01,6.217585976799883
