Start,Border,End,Score
2282834.01,2287834.01,2292834.01,19.032838508022323
2297834.01,2302834.01,2307834.01,3.7845423938694767
2302834.01,2307834.01,2312834.01,4.3232976615375165
