Start,Border,End,Score
586626.01,591626.01,596626.01,9.781309924869134
596626.01,601626.01,606626.01,6.646938998021721
