Start,Border,End,Score
1417876.01,1422876.01,1427876.01,1.9545442383667104
1457876.01,1462876.01,1467876.01,1.5723885455704134
1462876.01,1467876.01,1472876.01,1.7781846281129703
