Start,Border,End,Score
1936084,1941084,1946084,6.612587511676069
1946084,1951084,1956084,10.582166287294324
2031084,2036084,2041084,7.123318201073015
