Start,Border,End,Score
498251.01,503251.01,508251.01,3.830375232948034
528251.01,533251.01,538251.01,3.7508912274218886
533251.01,538251.01,543251.01,4.737894310454213
