Start,Border,End,Score
2202834.01,2207834.01,2212834.01,4.347213959633738
2282834.01,2287834.01,2292834.01,3.800015795732053
2287834.01,2292834.01,2297834.01,5.052201612803485
