Start,Border,End,Score
1956084.01,1961084.01,1966084.01,2.984120733576761
1961084.01,1966084.01,1971084.01,2.669122205603014
1966084.01,1971084.01,1976084.01,5.323166929973025
2031084.01,2036084.01,2041084.01,7.317020976653838
