Start,Border,End,Score
2202834.01,2207834.01,2212834.01,16.1552002337805
2282834.01,2287834.01,2292834.01,6.44573113080952
2297834.01,2302834.01,2307834.01,4.568208165138096
2302834.01,2307834.01,2312834.01,3.648192482183452
