Start,Border,End,Score
1921084.01,1926084.01,1931084.01,5.923539914749571
1991084.01,1996084.01,2001084.01,5.030718880859224
2031084.01,2036084.01,2041084.01,7.879364023842356
