Start,Border,End,Score
583251.01,588251.01,593251.01,3.310578128884344
598251.01,603251.01,608251.01,3.223427110689981
