Start,Border,End,Score
558251.01,563251.01,568251.01,9.33114578244519
583251.01,588251.01,593251.01,19.30969043707089
598251.01,603251.01,608251.01,7.298459655598805
