Start,Border,End,Score
1166459.01,1171459.01,1176459.01,4.11405539900298
1171459.01,1176459.01,1181459.01,5.618515260311378
1176459.01,1181459.01,1186459.01,3.9529888127577992
