Start,Border,End,Score
2282834.01,2287834.01,2292834.01,12.845805651057482
2297834.01,2302834.01,2307834.01,7.741756128320387
