Start,Border,End,Score
1936084.01,1941084.01,1946084.01,6.789911970871055
2031084.01,2036084.01,2041084.01,7.810025118131172
2046084.01,2051084.01,2056084.01,5.834603023496406
