Start,Border,End,Score
2282834.01,2287834.01,2292834.01,1.6289283939277706
2312834.01,2317834.01,2322834.01,1.4077958221338376
2317834.01,2322834.01,2327834.01,3.4826259171482725
