Start,Border,End,Score
1156459,1161459,1166459,3.660880409963864
1171459,1176459,1181459,5.170978992898926
1176459,1181459,1186459,3.283806885276045
