Start,Border,End,Score
2187834.01,2192834.01,2197834.01,0.2675427919717754
2197834.01,2202834.01,2207834.01,0.317865471844635
2207834.01,2212834.01,2217834.01,0.3408337047895809
2227834.01,2232834.01,2237834.01,0.9647146650635569
2307834.01,2312834.01,2317834.01,0.2606649757199942
