Start,Border,End,Score
1397876.01,1402876.01,1407876.01,1.893880520788644
1437876.01,1442876.01,1447876.01,2.398594644385277
1447876.01,1452876.01,1457876.01,1.2397760415969563
1492876.01,1497876.01,1502876.01,1.263368874542178
1507876.01,1512876.01,1517876.01,3.970277653122823
