Start,Border,End,Score
246501.01,251501.01,256501.01,3.705744590122394
326501.01,331501.01,336501.01,3.5688219906494467
336501.01,341501.01,346501.01,3.665257969128264
341501.01,346501.01,351501.01,5.445320528682593
361501.01,366501.01,371501.01,3.5007878182890555
376501.01,381501.01,386501.01,3.564368997339973
381501.01,386501.01,391501.01,3.979378891495793
