Start,Border,End,Score
1706626,1711626,1716626,5.152364164270324
1711626,1716626,1721626,7.417021097163821
1741626,1746626,1751626,6.135361313951815
1771626,1776626,1781626,4.985947739518188
