Start,Border,End,Score
1946751.01,1951751.01,1956751.01,2.5590530752546314
2006751.01,2011751.01,2016751.01,2.048697504327924
2016751.01,2021751.01,2026751.01,2.8663620201678146
2036751.01,2041751.01,2046751.01,2.194096094888339
