Start,Border,End,Score
221501.01,226501.01,231501.01,1.8209015116000864
231501.01,236501.01,241501.01,0.7634659955354933
