Start,Border,End,Score
2019751.01,2024751.01,2029751.01,3.121186034072003
2034751.01,2039751.01,2044751.01,3.24553416132462
2044751.01,2049751.01,2054751.01,2.472768878369424
