Start,Border,End,Score
1628001.01,1633001.01,1638001.01,6.350197338701955
1678001.01,1683001.01,1688001.01,6.5378009238309485
1718001.01,1723001.01,1728001.01,5.631272140295328
