Start,Border,End,Score
1032126.01,1037126.01,1042126.01,6.074141973003272
1107126.01,1112126.01,1117126.01,6.985120027397723
1112126.01,1117126.01,1122126.01,5.09225964815935
1122126.01,1127126.01,1132126.01,6.025742747325994
