Start,Border,End,Score
1037126.01,1042126.01,1047126.01,7.48887602341112
1047126.01,1052126.01,1057126.01,7.206778379585319
1142126.01,1147126.01,1152126.01,7.260640291065391
