Start,Border,End,Score
2253501,2258501,2263501,2.039599329381522
2263501,2268501,2273501,0.9355394382937792
