Start,Border,End,Score
271501.01,276501.01,281501.01,3.5430909398071817
291501.01,296501.01,301501.01,3.4459756440447906
381501.01,386501.01,391501.01,3.9814120472360175
