Start,Border,End,Score
795376.01,800376.01,805376.01,7.556618196907418
830376.01,835376.01,840376.01,6.959484811544318
835376.01,840376.01,845376.01,6.39467405357628
900376.01,905376.01,910376.01,6.4558134568731536
925376.01,930376.01,935376.01,26.75904504333405
