Start,Border,End,Score
2273501.01,2278501.01,2283501.01,2.627902741663187
2283501.01,2288501.01,2293501.01,4.323936771472874
2288501.01,2293501.01,2298501.01,1.8132140168226456
2293501.01,2298501.01,2303501.01,1.9738558924694185
