Start,Border,End,Score
1678001.01,1683001.01,1688001.01,3.524068360483778
1718001.01,1723001.01,1728001.01,2.6797841539336336
1763001.01,1768001.01,1773001.01,4.256467358383647
1778001.01,1783001.01,1788001.01,2.7137747841609934
