Start,Border,End,Score
621626,626626,631626,4.207975784518811
641626,646626,651626,1.7490630731011547
646626,651626,656626,1.5279909236028226
