Start,Border,End,Score
276501.01,281501.01,286501.01,6.856434954116171
291501.01,296501.01,301501.01,4.68205034530217
316501.01,321501.01,326501.01,4.282835745774685
376501.01,381501.01,386501.01,7.658803091478165
