Start,Border,End,Score
1633001.01,1638001.01,1643001.01,5.519331527925283
1648001.01,1653001.01,1658001.01,5.634034125318637
1658001.01,1663001.01,1668001.01,5.49083216661111
1668001.01,1673001.01,1678001.01,5.647037671244621
