Start,Border,End,Score
852001.01,857001.01,862001.01,6.089073703927384
902001.01,907001.01,912001.01,5.822633458022724
912001.01,917001.01,922001.01,5.859187323134247
