Start,Border,End,Score
346501.01,351501.01,356501.01,1.8792286631294075
351501.01,356501.01,361501.01,1.9534010663197023
356501.01,361501.01,366501.01,2.8113390283573123
371501.01,376501.01,381501.01,4.727125966302201
381501.01,386501.01,391501.01,4.976348935779835
