Start,Border,End,Score
1743001.01,1748001.01,1753001.01,5.915018995048303
1753001.01,1758001.01,1763001.01,3.602572600027308
