Start,Border,End,Score
1347876.01,1352876.01,1357876.01,5.749306363582708
1437876.01,1442876.01,1447876.01,5.742428674036223
