Start,Border,End,Score
1432876,1437876,1442876,8.880234783788632
1462876,1467876,1472876,11.451778080593105
1487876,1492876,1497876,6.461422421992995
