Start,Border,End,Score
1127126.01,1132126.01,1137126.01,7.116279387806906
1142126.01,1147126.01,1152126.01,3.524935598145456
1157126.01,1162126.01,1167126.01,5.77376240625723
1182126.01,1187126.01,1192126.01,3.142646030376107
1192126.01,1197126.01,1202126.01,3.3057391322269
