Start,Border,End,Score
1654626.01,1659626.01,1664626.01,6.569102250287218
1669626.01,1674626.01,1679626.01,8.80207745572817
1719626.01,1724626.01,1729626.01,8.835048744547361
