Start,Border,End,Score
281501.01,286501.01,291501.01,3.5516721541285667
286501.01,291501.01,296501.01,3.0527528459967783
356501.01,361501.01,366501.01,3.1329084441867483
366501.01,371501.01,376501.01,4.007773558464361
