Start,Border,End,Score
1673001.01,1678001.01,1683001.01,5.199749158221108
1678001.01,1683001.01,1688001.01,5.598508277768483
1688001.01,1693001.01,1698001.01,4.3080004331767086
1703001.01,1708001.01,1713001.01,6.15431215738616
1718001.01,1723001.01,1728001.01,5.484528788370712
1723001.01,1728001.01,1733001.01,4.4496581130868975
1763001.01,1768001.01,1773001.01,4.158318323258784
