Start,Border,End,Score
501626.01,506626.01,511626.01,3.3961428688554576
561626.01,566626.01,571626.01,5.628988428419811
581626.01,586626.01,591626.01,3.639248926886711
661626.01,666626.01,671626.01,3.2945389706790724
