Start,Border,End,Score
847001.01,852001.01,857001.01,21.263501232066403
872001.01,877001.01,882001.01,3.213960356300098
877001.01,882001.01,887001.01,3.561252677627311
892001.01,897001.01,902001.01,3.121134555105212
912001.01,917001.01,922001.01,4.485579131779982
