Start,Border,End,Score
1112126.01,1117126.01,1122126.01,4.46054155609321
1132126.01,1137126.01,1142126.01,2.988292724267162
1182126.01,1187126.01,1192126.01,2.3212529647239792
