Start,Border,End,Score
2009751.01,2014751.01,2019751.01,10.380775093183756
2014751.01,2019751.01,2024751.01,13.615381393644364
2029751.01,2034751.01,2039751.01,6.194501338012922
