Start,Border,End,Valence,Arousal,Valence Diff,Arousal Diff,Score,GSR_Diff,BVP_Diff,RSP_Diff,SKT_Diff,EMG_ZYGO_Diff,EMG_CORU_Diff,EMG_TRAP_Diff
1939459.01,1944459.01,1949459.01,6.665,3.042,0.0030000000000001137,0.0129999999999999,2.6892955116372783,0.8600000000000012,0.7650000000000006,0.028999999999999915,0.004000000000001336,1.1500000000000004,1.7250000000000014,0.49200000000000443
1944459.01,1949459.01,1954459.01,6.665,3.041,0.0,0.0009999999999998899,6.48046034105321,3.521000000000001,0.43599999999999994,0.06799999999999784,0.036000000000001364,0.28800000000000026,2.833,1.4780000000000086
