Start,Border,End,Valence,Arousal,Valence Diff,Arousal Diff,Score,GSR_Diff,BVP_Diff,RSP_Diff,SKT_Diff,EMG_ZYGO_Diff,EMG_CORU_Diff,EMG_TRAP_Diff
535168,540168,545168,4.905,5.0,1.2670000000000003,0.5010000000000003,2.2304251188571644,0.03599999999999959,0.35899999999999466,0.16499999999999915,0.018000000000000682,0.8629999999999995,0.1640000000000006,1.0679999999999996
540168,545168,550168,5.113,5.315,0.23899999999999988,0.30400000000000027,4.060956193577965,0.10999999999999943,0.08699999999999619,0.3390000000000022,0.0030000000000001137,10.719000000000001,1.1079999999999997,2.3819999999999997
590168,595168,600168,2.022,4.068,0.8600000000000001,0.0730000000000004,2.186796166758086,0.17800000000000082,1.7819999999999965,2.274000000000001,0.010999999999999233,0.6159999999999997,0.24599999999999955,0.8630000000000004
