Start,Border,End,Valence,Arousal,Valence Diff,Arousal Diff,Score,GSR_Diff,BVP_Diff,RSP_Diff,SKT_Diff,EMG_ZYGO_Diff,EMG_CORU_Diff,EMG_TRAP_Diff
336501.01,341501.01,346501.01,6.011,4.917,0.5679999999999996,0.12100000000000044,1.392519761121472,0.3940000000000019,0.028999999999996362,1.3260000000000005,0.006999999999997897,0.4930000000000003,0.08199999999999985,0.5329999999999995
346501.01,351501.01,356501.01,5.865,4.917,0.16300000000000026,0.007000000000000561,1.19180342234715,0.3309999999999995,1.375,1.2779999999999987,0.013999999999999346,0.08199999999999896,0.04100000000000037,0.4109999999999996
356501.01,361501.01,366501.01,5.835,4.935,0.01100000000000012,0.03200000000000003,0.8134272431007926,0.359,0.9010000000000034,0.05799999999999983,0.00999999999999801,1.561,0.08300000000000018,0.9859999999999989
