Start,Border,End,Valence,Arousal,Valence Diff,Arousal Diff,Score,GSR_Diff,BVP_Diff,RSP_Diff,SKT_Diff,EMG_ZYGO_Diff,EMG_CORU_Diff,EMG_TRAP_Diff
884084.01,889084.01,894084.01,7.539,4.062,0.0030000000000001137,0.004000000000000448,1.0010968793636077,0.5359999999999978,0.5230000000000032,0.05799999999999983,0.0030000000000001137,1.4779999999999998,0.04099999999999948,7.557
894084.01,899084.01,904084.01,7.377,4.064,0.16299999999999937,0.006000000000000227,0.9960286358949616,0.6000000000000014,0.03900000000000148,0.23199999999999932,0.0070000000000014495,0.1639999999999997,0.041999999999999815,7.188000000000001
899084.01,904084.01,909084.01,7.373,4.064,0.12899999999999956,0.5220000000000002,1.070177100372538,0.6539999999999999,0.12600000000000477,0.2909999999999968,0.010000000000001563,0.04100000000000037,0.0,0.04099999999999948
904084.01,909084.01,914084.01,7.248,3.542,0.2610000000000001,0.8519999999999999,1.1820802488120217,0.713000000000001,0.11699999999999733,0.11599999999999966,0.0070000000000014495,0.08199999999999985,0.0,0.12300000000000022
934084.01,939084.01,944084.01,7.106,3.315,0.027000000000000135,0.026000000000000245,1.04706929766646,0.5360000000000014,0.9879999999999995,0.19300000000000495,0.004000000000001336,0.12299999999999933,0.08200000000000074,2.2590000000000003
959084.01,964084.01,969084.01,5.84,3.491,0.043999999999999595,0.41600000000000037,0.9710703521967972,0.48900000000000077,0.7459999999999951,0.14500000000000313,0.00999999999999801,1.561,0.45199999999999996,0.12399999999999967
