Start,Border,End,Valence,Arousal,Valence Diff,Arousal Diff,Score,GSR_Diff,BVP_Diff,RSP_Diff,SKT_Diff,EMG_ZYGO_Diff,EMG_CORU_Diff,EMG_TRAP_Diff
1330209,1335209,1340209,5.394,5.193,1.157,0.25100000000000033,1.5069638495828532,0.3550000000000004,3.8840000000000003,0.43599999999999994,0.021000000000000796,0.3689999999999998,0.20500000000000007,0.04100000000000037
1400209,1405209,1410209,7.101,5.255,0.0,0.0,0.8330099133233998,0.958000000000002,1.5890000000000057,0.6199999999999974,0.03200000000000003,0.12300000000000022,2.2169999999999987,0.2469999999999999
1405209,1410209,1415209,7.101,5.255,0.0,0.009000000000000341,0.57581468891711,0.4139999999999979,1.2490000000000023,0.6480000000000032,0.023999999999997357,0.08199999999999985,0.8209999999999997,0.28699999999999903
1430209,1435209,1440209,6.921,5.27,0.0129999999999999,0.001000000000000334,0.9411409408599216,0.1490000000000009,0.14500000000000313,0.5999999999999943,0.028000000000002245,0.1639999999999997,0.4930000000000003,0.1639999999999997
1435209,1440209,1445209,6.921,5.271,0.0,0.020000000000000462,0.584577022138313,0.1930000000000014,0.0379999999999967,0.2909999999999968,0.02499999999999858,0.6979999999999995,1.109,0.04099999999999859
1460209,1465209,1470209,5.0,5.0,1.9210000000000003,0.32099999999999973,0.5547643083331731,0.18500000000000227,0.4649999999999963,0.21300000000000097,0.0519999999999996,0.45199999999999996,0.1639999999999997,0.6159999999999997
