Start,Border,End,Valence,Arousal,Valence Diff,Arousal Diff,Score,GSR_Diff,BVP_Diff,RSP_Diff,SKT_Diff,EMG_ZYGO_Diff,EMG_CORU_Diff,EMG_TRAP_Diff
460168.01,465168.01,470168.01,6.334,5.663,1.7919999999999998,0.6269999999999998,2.601611465277162,0.10999999999999943,3.429000000000002,1.0459999999999994,0.39599999999999724,2.3819999999999997,0.1639999999999997,19.589
520168.01,525168.01,530168.01,6.92,3.729,0.7969999999999997,3.309,2.1706828323444176,0.08700000000000152,3.8160000000000025,0.3290000000000006,0.02500000000000213,0.7399999999999993,0.9849999999999994,1.5610000000000017
