Start,Border,End,Valence,Arousal,Valence Diff,Arousal Diff,Score,GSR_Diff,BVP_Diff,RSP_Diff,SKT_Diff,EMG_ZYGO_Diff,EMG_CORU_Diff,EMG_TRAP_Diff
1869459.01,1874459.01,1879459.01,5.0,5.0,0.0,0.0,6.122371344800163,4.111999999999998,0.9299999999999997,0.5030000000000001,0.045999999999999375,7.351,0.7389999999999999,8.871000000000002
1914459.01,1919459.01,1924459.01,4.915,2.762,0.23399999999999999,0.6019999999999999,4.454450371051992,1.2420000000000009,2.5090000000000003,4.879000000000005,0.021000000000000796,0.12299999999999933,0.04099999999999948,2.4640000000000004
1994459.01,1999459.01,2004459.01,5.298,3.286,0.3150000000000004,0.9590000000000001,6.289864389267093,1.0919999999999987,0.22299999999999898,2.1869999999999976,0.07099999999999795,0.04099999999999948,0.5330000000000004,0.6159999999999997
