Start,Border,End,Valence,Arousal,Valence Diff,Arousal Diff,Score,GSR_Diff,BVP_Diff,RSP_Diff,SKT_Diff,EMG_ZYGO_Diff,EMG_CORU_Diff,EMG_TRAP_Diff
306501.01,311501.01,316501.01,6.35,2.902,0.3460000000000001,0.15300000000000002,1.0735317739053585,0.647000000000002,0.5719999999999956,1.6460000000000008,0.03200000000000003,0.20500000000000007,0.04100000000000037,0.041999999999999815
