Start,Border,End,Valence,Arousal,Valence Diff,Arousal Diff,Score,GSR_Diff,BVP_Diff,RSP_Diff,SKT_Diff,EMG_ZYGO_Diff,EMG_CORU_Diff,EMG_TRAP_Diff
1642209.01,1647209.01,1652209.01,7.419,4.905,2.912,0.08300000000000018,1.903921394980003,0.04300000000000104,0.029000000000003467,1.519999999999996,0.004000000000001336,1.8890000000000002,0.6159999999999997,4.434999999999999
1662209.01,1667209.01,1672209.01,7.489,5.104,0.0,0.15399999999999991,1.5940720171191716,0.15399999999999991,0.24200000000000443,0.06800000000000139,0.013999999999999346,0.9040000000000008,0.24600000000000044,0.7400000000000002
1707209.01,1712209.01,1717209.01,6.772,3.974,0.9390000000000001,0.017999999999999794,1.5157910697778787,0.245000000000001,1.0459999999999994,0.3290000000000006,0.0030000000000001137,0.1640000000000006,0.24599999999999955,0.04100000000000037
