Start,Border,End,Valence,Arousal,Valence Diff,Arousal Diff,Score,GSR_Diff,BVP_Diff,RSP_Diff,SKT_Diff,EMG_ZYGO_Diff,EMG_CORU_Diff,EMG_TRAP_Diff
538501,543501,548501,4.968,5.892,0.03200000000000003,0.9219999999999997,1.2307670343869537,0.5800000000000054,0.6400000000000006,0.5129999999999981,0.0070000000000014495,0.2869999999999999,0.20500000000000007,2.136
568501,573501,578501,4.979,5.937,0.004999999999999893,0.0,0.6669807144097266,0.5919999999999987,0.6390000000000029,1.064,0.004000000000001336,0.3700000000000001,0.20599999999999952,0.657
613501,618501,623501,4.008,3.665,0.04900000000000038,0.22699999999999987,0.9587007273231176,0.6460000000000008,0.028999999999996362,0.23199999999999932,0.003999999999997783,1.4379999999999997,0.6980000000000004,0.24600000000000044
658501,663501,668501,4.913,5.542,0.0,0.0019999999999997797,0.6623738860919149,0.4250000000000007,0.7069999999999936,0.16399999999999793,0.0,0.4110000000000005,1.109,0.32899999999999974
