Start,Border,End,Valence,Arousal,Valence Diff,Arousal Diff,Score,GSR_Diff,BVP_Diff,RSP_Diff,SKT_Diff,EMG_ZYGO_Diff,EMG_CORU_Diff,EMG_TRAP_Diff
1325209.01,1330209.01,1335209.01,5.0,5.0,0.0,0.0,1.96487949519567,1.0570000000000004,4.427,1.8879999999999981,0.03200000000000003,0.08300000000000018,0.12300000000000022,0.657
1350209.01,1355209.01,1360209.01,5.95,4.906,0.3379999999999992,0.0129999999999999,1.1509563988638916,0.1850000000000005,2.1409999999999982,1.296999999999997,0.02400000000000091,0.4109999999999996,0.12300000000000022,0.16500000000000092
