Start,Border,End,Valence,Arousal,Valence Diff,Arousal Diff,Score,GSR_Diff,BVP_Diff,RSP_Diff,SKT_Diff,EMG_ZYGO_Diff,EMG_CORU_Diff,EMG_TRAP_Diff
1340209.01,1345209.01,1350209.01,6.029,4.975,0.006000000000000227,0.0,3.3427098455612176,0.22799999999999976,0.8909999999999982,0.047999999999994714,0.01699999999999946,3.162,1.3970000000000002,0.3700000000000001
1350209.01,1355209.01,1360209.01,6.073,4.987,1.0089999999999995,0.22799999999999976,3.9641498279615712,0.07500000000000018,1.3079999999999998,0.08699999999999619,0.0070000000000014495,1.7250000000000005,0.1639999999999997,1.1100000000000003
1440209.01,1445209.01,1450209.01,6.897,3.921,0.0,0.0,5.525115978154135,0.0990000000000002,0.48400000000000176,0.1839999999999975,0.0070000000000014495,4.6,2.504999999999999,0.1639999999999997
