Start,Border,End,Valence,Arousal,Valence Diff,Arousal Diff,Score,GSR_Diff,BVP_Diff,RSP_Diff,SKT_Diff,EMG_ZYGO_Diff,EMG_CORU_Diff,EMG_TRAP_Diff
849084,854084,859084,5.793,4.402,0.02400000000000002,0.4059999999999997,1.1971149429973664,1.536999999999999,1.985999999999997,0.7259999999999991,0.04499999999999815,0.1639999999999997,0.9859999999999998,1.6020000000000003
854084,859084,864084,5.805,4.392,0.038000000000000256,0.04600000000000026,1.3617826154353003,1.2579999999999991,1.3270000000000053,1.1899999999999977,0.021000000000000796,0.08199999999999985,1.2729999999999997,2.505000000000001
864084,869084,874084,5.846,4.356,0.3309999999999995,0.657,1.122749096477239,0.9029999999999987,0.6980000000000004,0.28999999999999915,0.010999999999999233,0.944,0.0,3.0809999999999995
874084,879084,884084,6.162,3.729,0.0019999999999997797,0.08000000000000007,2.561238592956929,0.8550000000000004,4.650000000000006,0.6490000000000009,0.021000000000000796,2.0119999999999996,0.12300000000000022,0.04100000000000037
879084,884084,889084,6.16,3.779,0.23799999999999955,0.778,1.2175846338958096,0.907,4.552999999999997,1.2679999999999936,0.006999999999997897,0.6579999999999995,1.3549999999999995,0.28699999999999903
979084,984084,989084,4.996,0.696,0.20999999999999996,0.136,1.160555555844414,0.3860000000000028,1.8980000000000032,0.36700000000000443,0.13000000000000256,6.817,2.546999999999999,0.8629999999999995
