Start,Border,End,Valence,Arousal,Valence Diff,Arousal Diff,Score,GSR_Diff,BVP_Diff,RSP_Diff,SKT_Diff,EMG_ZYGO_Diff,EMG_CORU_Diff,EMG_TRAP_Diff
1117751.01,1122751.01,1127751.01,9.5,4.954,0.0,0.0,2.6263065853434804,0.3789999999999978,0.6969999999999956,0.0779999999999994,0.018000000000000682,0.08199999999999985,0.12300000000000022,0.08199999999999985
1122751.01,1127751.01,1132751.01,9.5,4.954,0.0,0.0,2.449445329474794,0.355000000000004,0.23199999999999932,0.01899999999999835,0.0070000000000014495,0.1640000000000006,0.04100000000000037,0.12400000000000055
1172751.01,1177751.01,1182751.01,8.603,5.271,0.10699999999999932,0.03599999999999959,3.5138526959513925,0.9269999999999996,0.00999999999999801,0.0,0.006999999999997897,0.2060000000000004,0.1639999999999997,3.4090000000000007
1177751.01,1182751.01,1187751.01,8.496,5.235,0.10699999999999932,0.03599999999999959,3.6572231149738825,0.8470000000000013,0.3680000000000021,0.43599999999999994,0.021000000000000796,0.1640000000000006,0.12399999999999967,0.1640000000000006
1192751.01,1197751.01,1202751.01,8.505,5.005,0.20999999999999908,0.036000000000000476,21.06375116310121,0.47699999999999676,0.44599999999999795,0.12600000000000122,0.01799999999999713,4.147999999999999,0.24599999999999955,0.20599999999999952
1202751.01,1207751.01,1212751.01,8.352,5.0,0.1720000000000006,0.004999999999999893,2.7216104875346034,0.5910000000000011,0.3879999999999981,0.03900000000000148,0.010999999999999233,0.08199999999999985,0.20499999999999918,0.12299999999999933
1207751.01,1212751.01,1217751.01,8.333,5.0,0.08000000000000007,0.006999999999999673,3.004026730542867,0.5909999999999975,0.12599999999999767,0.08799999999999741,0.01699999999999946,0.2060000000000004,0.08199999999999985,0.1639999999999997
