Start,Border,End,Valence,Arousal,Valence Diff,Arousal Diff,Score,GSR_Diff,BVP_Diff,RSP_Diff,SKT_Diff,EMG_ZYGO_Diff,EMG_CORU_Diff,EMG_TRAP_Diff
1345209.01,1350209.01,1355209.01,5.0,5.0,0.0,0.0,0.6386988605124441,0.09100000000000108,0.1460000000000008,0.7840000000000025,0.0070000000000014495,0.6979999999999995,0.6160000000000005,0.32899999999999974
1450209.01,1455209.01,1460209.01,6.301,3.131,1.101,0.30900000000000016,0.7314383554906139,0.08699999999999974,0.367999999999995,0.028999999999996362,0.0030000000000001137,0.12300000000000022,0.49299999999999944,6.980999999999999
