Start,Border,End,Valence,Arousal,Valence Diff,Arousal Diff,Score,GSR_Diff,BVP_Diff,RSP_Diff,SKT_Diff,EMG_ZYGO_Diff,EMG_CORU_Diff,EMG_TRAP_Diff
1563876.01,1568876.01,1573876.01,5.0,5.0,0.0,0.0,2.950682884169637,0.7759999999999998,0.24199999999999733,0.2610000000000028,0.013999999999999346,0.7800000000000002,0.45099999999999874,2.875
1638876.01,1643876.01,1648876.01,6.265,4.21,0.23500000000000032,0.40700000000000003,3.232551351756828,1.0370000000000008,0.07799999999999585,0.03900000000000148,0.013999999999999346,5.420999999999999,1.395999999999999,1.314
1643876.01,1648876.01,1653876.01,6.785,4.243,0.23899999999999988,0.8200000000000003,4.850089471724587,0.7569999999999979,0.6300000000000026,0.10599999999999454,0.013999999999999346,1.314,0.9859999999999989,0.6150000000000002
1648876.01,1653876.01,1658876.01,6.504,5.03,0.4009999999999998,0.20999999999999996,5.754751337874287,0.2480000000000011,0.242999999999995,0.049000000000006594,0.004000000000001336,5.256999999999999,2.135,0.8209999999999997
