Start,Border,End,Valence,Arousal,Valence Diff,Arousal Diff,Score,GSR_Diff,BVP_Diff,RSP_Diff,SKT_Diff,EMG_ZYGO_Diff,EMG_CORU_Diff,EMG_TRAP_Diff
1087751.01,1092751.01,1097751.01,5.944,4.918,0.944,0.06799999999999962,5.40340883839664,0.18500000000000227,0.7169999999999987,1.4609999999999985,0.07700000000000173,1.6429999999999998,0.6990000000000007,0.2469999999999999
1152751.01,1157751.01,1162751.01,5.286,3.678,0.14500000000000046,0.38800000000000034,3.2269662034717355,0.4460000000000015,3.710000000000001,0.8509999999999991,0.08399999999999963,1.6020000000000003,0.32899999999999974,1.8070000000000004
