Start,Border,End,Valence,Arousal,Valence Diff,Arousal Diff,Score,GSR_Diff,BVP_Diff,RSP_Diff,SKT_Diff,EMG_ZYGO_Diff,EMG_CORU_Diff,EMG_TRAP_Diff
765751.01,770751.01,775751.01,5.0,5.0,0.5990000000000002,0.27700000000000014,3.215047617702401,0.06299999999999972,0.6390000000000029,0.12600000000000122,0.010000000000001563,0.12300000000000022,0.04099999999999948,0.08199999999999985
770751.01,775751.01,780751.01,5.599,4.734,0.8019999999999996,0.45999999999999996,2.936545594480582,0.04699999999999971,1.3659999999999997,1.4329999999999998,0.013999999999999346,0.8209999999999997,1.4780000000000006,0.12300000000000022
815751.01,820751.01,825751.01,6.018,5.896,2.253,0.1850000000000005,1.1128907712828466,0.0039999999999995595,0.6589999999999989,0.5040000000000013,0.003999999999997783,1.149,0.12300000000000022,0.04100000000000037
