Start,Border,End,Valence,Arousal,Valence Diff,Arousal Diff,Score,GSR_Diff,BVP_Diff,RSP_Diff,SKT_Diff,EMG_ZYGO_Diff,EMG_CORU_Diff,EMG_TRAP_Diff
1590334.01,1595334.01,1600334.01,5.0,5.0,0.0,0.0860000000000003,1.6028228188812903,0.02799999999999958,3.0519999999999996,0.20400000000000063,0.0,0.24599999999999955,3.4090000000000007,0.32899999999999974
