Start,Border,End,Valence,Arousal,Valence Diff,Arousal Diff,Score,GSR_Diff,BVP_Diff,RSP_Diff,SKT_Diff,EMG_ZYGO_Diff,EMG_CORU_Diff,EMG_TRAP_Diff
1645334,1650334,1655334,5.036,2.901,0.0,0.16200000000000037,0.6597859990308073,0.6900000000000013,2.4790000000000063,0.5910000000000011,0.0030000000000001137,0.3280000000000003,2.1359999999999992,0.04100000000000037
1660334,1665334,1670334,5.036,2.687,0.0,0.050000000000000266,0.9556045782856006,0.5169999999999995,2.024000000000001,0.13600000000000279,0.004000000000001336,0.08199999999999985,0.8209999999999997,5.789999999999999
1675334,1680334,1685334,5.036,2.634,0.0,0.0,0.8217222430185808,0.15700000000000003,0.21299999999999386,0.16400000000000148,0.018000000000000682,0.08199999999999985,1.6020000000000003,0.41100000000000136
