Start,Border,End,Valence,Arousal,Valence Diff,Arousal Diff,Score,GSR_Diff,BVP_Diff,RSP_Diff,SKT_Diff,EMG_ZYGO_Diff,EMG_CORU_Diff,EMG_TRAP_Diff
486626.01,491626.01,496626.01,5.0,5.0,0.0,0.0,11.09822318806549,0.9980000000000011,2.033999999999999,0.38700000000000045,0.14300000000000068,12.772000000000002,1.3139999999999992,0.5329999999999995
541626.01,546626.01,551626.01,5.636,4.981,0.3200000000000003,0.04800000000000004,2.71173883593788,0.30400000000000027,0.26200000000000045,0.047999999999994714,0.045000000000001705,2.875,0.1639999999999997,0.12299999999999933
591626.01,596626.01,601626.01,5.0,5.0,0.0,0.0,1.6906628984734675,0.12599999999999945,0.8039999999999949,0.06799999999999784,0.05299999999999727,3.408999999999999,0.8209999999999997,0.08199999999999896
