Start,Border,End,Valence,Arousal,Valence Diff,Arousal Diff,Score,GSR_Diff,BVP_Diff,RSP_Diff,SKT_Diff,EMG_ZYGO_Diff,EMG_CORU_Diff,EMG_TRAP_Diff
1595334.01,1600334.01,1605334.01,5.0,5.0,0.0,0.0,0.4907903659101424,0.07900000000000063,0.7070000000000007,1.4810000000000016,0.003999999999997783,0.6559999999999997,1.0270000000000001,2.504999999999999
1625334.01,1630334.01,1635334.01,5.019,4.607,0.7409999999999997,1.154,0.9609234252172948,0.17799999999999905,0.6980000000000004,0.4549999999999983,0.004000000000001336,0.45199999999999996,0.45199999999999996,0.04099999999999948
1630334.01,1635334.01,1640334.01,4.259,3.846,1.2570000000000001,0.9160000000000004,0.6004497223054575,0.07499999999999929,0.232999999999997,0.04899999999999949,0.011000000000002785,0.3689999999999998,0.04099999999999859,0.7810000000000006
