Start,Border,End,Valence,Arousal,Valence Diff,Arousal Diff,Score,GSR_Diff,BVP_Diff,RSP_Diff,SKT_Diff,EMG_ZYGO_Diff,EMG_CORU_Diff,EMG_TRAP_Diff
1154209.01,1159209.01,1164209.01,4.986,1.506,0.0,0.05400000000000005,3.973150966301668,0.01899999999999835,0.4649999999999963,0.6099999999999994,0.0070000000000014495,0.6160000000000005,0.1639999999999997,1.3149999999999995
1164209.01,1169209.01,1174209.01,4.986,1.494,0.0,0.0,4.211529328682516,0.7139999999999986,1.1039999999999992,0.45500000000000185,0.013999999999999346,0.4109999999999996,0.6970000000000001,0.7399999999999993
