Start,Border,End,Valence,Arousal,Valence Diff,Arousal Diff,Score,GSR_Diff,BVP_Diff,RSP_Diff,SKT_Diff,EMG_ZYGO_Diff,EMG_CORU_Diff,EMG_TRAP_Diff
1330209.01,1335209.01,1340209.01,5.0,5.0,0.0,0.0,2.1270138017689177,0.2640000000000029,1.6659999999999968,0.1939999999999955,0.010999999999999233,0.08200000000000074,0.9039999999999999,3.902000000000001
1370209.01,1375209.01,1380209.01,6.418,3.474,1.5970000000000004,0.4690000000000003,2.135187393632437,0.054999999999999716,0.12600000000000477,0.13600000000000279,0.011000000000002785,0.32899999999999974,1.4370000000000012,0.1639999999999997
