Start,Border,End,Valence,Arousal,Valence Diff,Arousal Diff,Score,GSR_Diff,BVP_Diff,RSP_Diff,SKT_Diff,EMG_ZYGO_Diff,EMG_CORU_Diff,EMG_TRAP_Diff
1325209.01,1330209.01,1335209.01,5.0,5.0,0.0,0.0,2.565077356495551,0.36299999999999955,0.5619999999999976,1.3939999999999984,0.030999999999998806,1.2729999999999997,0.2869999999999999,0.20500000000000007
1330209.01,1335209.01,1340209.01,5.0,5.0,0.0,0.0,2.125095781225088,0.1700000000000017,0.3200000000000003,6.088999999999999,0.01099999999999568,3.942,0.370000000000001,1.3149999999999995
1335209.01,1340209.01,1345209.01,5.0,5.0,0.0,0.0,5.926397799029328,0.4579999999999984,1.9369999999999976,0.3290000000000006,0.016999999999995907,0.4110000000000005,0.6979999999999995,0.3700000000000001
1395209.01,1400209.01,1405209.01,5.451,4.5,0.02799999999999958,0.3149999999999995,1.965122209826275,0.272000000000002,1.4919999999999973,1.006999999999998,0.13300000000000267,0.1639999999999997,0.12299999999999933,0.16499999999999915
