Start,Border,End,Valence,Arousal,Valence Diff,Arousal Diff,Score,GSR_Diff,BVP_Diff,RSP_Diff,SKT_Diff,EMG_ZYGO_Diff,EMG_CORU_Diff,EMG_TRAP_Diff
617084.01,622084.01,627084.01,5.0,5.035,0.0,0.03500000000000014,2.3458605218262485,1.0330000000000013,0.5720000000000027,0.12599999999999767,0.03900000000000148,0.28800000000000026,0.6170000000000009,0.12399999999999967
627084.01,632084.01,637084.01,5.0,5.035,0.0,0.0,1.591990997477815,1.2419999999999973,1.4050000000000011,0.14500000000000313,0.05900000000000105,0.04100000000000037,0.6150000000000002,0.7399999999999993
