Start,Border,End,Valence,Arousal,Valence Diff,Arousal Diff,Score,GSR_Diff,BVP_Diff,RSP_Diff,SKT_Diff,EMG_ZYGO_Diff,EMG_CORU_Diff,EMG_TRAP_Diff
1330209.01,1335209.01,1340209.01,5.0,5.0,0.23000000000000043,1.5379999999999998,2.250234877446867,0.012000000000000455,0.45599999999999596,1.3259999999999934,0.021000000000000796,0.04099999999999948,1.1499999999999995,0.7799999999999994
1355209.01,1360209.01,1365209.01,4.994,6.002,0.0,0.0,2.9491787711547808,0.5,0.13600000000000279,0.030000000000001137,0.021000000000000796,1.8479999999999999,0.20500000000000007,0.4109999999999996
1410209.01,1415209.01,1420209.01,5.881,6.359,0.0,0.01699999999999946,2.381489442238788,0.3829999999999991,0.4550000000000054,0.15500000000000114,0.021000000000000796,8.173000000000002,0.2469999999999999,0.7389999999999999
1420209.01,1425209.01,1430209.01,5.881,6.375,0.0,0.0030000000000001137,4.6055695476993215,0.42100000000000115,0.1839999999999975,0.1750000000000007,0.010000000000001563,8.542000000000002,0.04100000000000037,0.6569999999999991
