Start,Border,End,Valence,Arousal,Valence Diff,Arousal Diff,Score,GSR_Diff,BVP_Diff,RSP_Diff,SKT_Diff,EMG_ZYGO_Diff,EMG_CORU_Diff,EMG_TRAP_Diff
1129209,1134209,1139209,6.055,3.223,0.018000000000000682,0.09399999999999986,1.1961396774938318,1.663999999999998,9.831000000000003,1.1139999999999972,0.18200000000000216,0.12300000000000022,0.04099999999999948,0.04100000000000037
1154209,1159209,1164209,4.93,0.659,0.9390000000000001,0.602,1.5594670530049588,1.631999999999998,2.7220000000000013,1.2000000000000028,0.25200000000000244,0.12299999999999933,0.4930000000000003,0.5339999999999989
1159209,1164209,1169209,5.08,0.65,0.15000000000000036,0.013000000000000012,1.1995098565409346,1.8490000000000002,1.8979999999999961,0.570999999999998,0.18299999999999983,0.08199999999999985,0.45199999999999996,0.3280000000000012
1194209,1199209,1204209,4.988,0.811,0.0029999999999992255,0.0,1.3165618169096631,1.2020000000000017,0.028999999999996362,0.04899999999999949,0.09100000000000108,0.12300000000000022,0.24600000000000044,2.546000000000001
