Start,Border,End,Valence,Arousal,Valence Diff,Arousal Diff,Score,GSR_Diff,BVP_Diff,RSP_Diff,SKT_Diff,EMG_ZYGO_Diff,EMG_CORU_Diff,EMG_TRAP_Diff
271501.01,276501.01,281501.01,6.573,3.996,0.9130000000000003,0.5329999999999999,0.8121232482194005,0.2530000000000001,4.213000000000001,0.24199999999999733,0.021000000000000796,0.20500000000000007,0.9039999999999999,0.3290000000000006
316501.01,321501.01,326501.01,6.067,2.475,1.8709999999999996,1.258,0.9706237304574642,0.23699999999999832,1.1139999999999972,0.3780000000000001,0.02499999999999858,0.0,0.41000000000000014,1.1500000000000004
321501.01,326501.01,331501.01,4.166,3.733,2.8080000000000003,0.02300000000000013,1.0485039573448032,0.26099999999999923,2.3730000000000047,1.4810000000000016,0.028999999999999915,0.5339999999999998,0.24600000000000044,0.9849999999999994
