Start,Border,End,Valence,Arousal,Valence Diff,Arousal Diff,Score,GSR_Diff,BVP_Diff,RSP_Diff,SKT_Diff,EMG_ZYGO_Diff,EMG_CORU_Diff,EMG_TRAP_Diff
246501.01,251501.01,256501.01,5.0,5.0,0.0,0.0,1.144458688777402,0.4140000000000015,1.2489999999999952,0.20399999999999707,0.0070000000000014495,0.08199999999999985,0.1639999999999997,0.2869999999999999
271501.01,276501.01,281501.01,5.0,5.209,0.0,0.0,1.1955206396279874,0.33899999999999864,0.7260000000000062,0.06800000000000139,0.0,0.12300000000000022,0.12300000000000022,1.6829999999999998
281501.01,286501.01,291501.01,5.0,5.209,0.0,0.0,1.031173639664914,0.375,1.3950000000000031,0.14499999999999957,0.0,0.1639999999999997,0.20500000000000007,1.5599999999999996
286501.01,291501.01,296501.01,5.0,5.209,0.0,0.0,0.9369002874553296,0.2959999999999994,1.2109999999999985,0.28100000000000236,0.006999999999997897,0.36900000000000066,0.4510000000000005,3.6960000000000006
