Start,Border,End,Valence,Arousal,Valence Diff,Arousal Diff,Score,GSR_Diff,BVP_Diff,RSP_Diff,SKT_Diff,EMG_ZYGO_Diff,EMG_CORU_Diff,EMG_TRAP_Diff
1967792.01,1972792.01,1977792.01,5.036,4.092,0.0,0.12599999999999945,1.022206612018474,0.48499999999999943,0.20400000000000063,0.21300000000000097,0.011000000000002785,4.271,0.2869999999999999,0.6979999999999986
1972792.01,1977792.01,1982792.01,5.036,4.081,0.0,0.010999999999999233,0.5123977310195728,0.36599999999999966,0.0870000000000033,0.4649999999999963,0.004000000000001336,0.04100000000000037,0.4930000000000003,1.1910000000000007
2017792.01,2022792.01,2027792.01,4.924,3.851,0.006999999999999673,0.14000000000000012,0.5343512670334433,0.5010000000000012,2.9640000000000057,0.7349999999999994,0.027999999999998693,0.6979999999999995,0.20599999999999952,0.24600000000000044
