Start,Border,End,Valence,Arousal,Valence Diff,Arousal Diff,Score,GSR_Diff,BVP_Diff,RSP_Diff,SKT_Diff,EMG_ZYGO_Diff,EMG_CORU_Diff,EMG_TRAP_Diff
1642209.01,1647209.01,1652209.01,5.0,5.0,0.0,0.0,1.7929194437388651,0.3310000000000013,0.6000000000000014,3.1169999999999973,0.03100000000000236,0.4509999999999996,0.6979999999999995,0.1640000000000006
1647209.01,1652209.01,1657209.01,5.0,5.0,0.0,0.0,1.351427213689983,0.32699999999999996,1.2879999999999967,1.131999999999998,0.018000000000000682,0.16500000000000004,1.3559999999999999,0.492
1712209.01,1717209.01,1722209.01,3.051,3.654,0.0,0.007000000000000117,1.2446882135417388,0.11900000000000155,0.6589999999999989,0.5619999999999976,0.006999999999997897,0.0,0.45199999999999996,0.617
