Start,Border,End,Valence,Arousal,Valence Diff,Arousal Diff,Score,GSR_Diff,BVP_Diff,RSP_Diff,SKT_Diff,EMG_ZYGO_Diff,EMG_CORU_Diff,EMG_TRAP_Diff
1410209.01,1415209.01,1420209.01,5.0,5.0,0.0,0.0,0.5951612368338972,0.532,1.1240000000000023,1.1999999999999957,0.07000000000000028,0.12299999999999933,0.7799999999999994,0.32899999999999974
