Start,Border,End,Valence,Arousal,Valence Diff,Arousal Diff,Score,GSR_Diff,BVP_Diff,RSP_Diff,SKT_Diff,EMG_ZYGO_Diff,EMG_CORU_Diff,EMG_TRAP_Diff
1655792.01,1660792.01,1665792.01,5.087,5.0,0.6310000000000002,0.11099999999999977,4.186805779424439,2.1479999999999997,0.6779999999999973,0.028999999999999915,0.04899999999999949,0.04100000000000037,0.7800000000000011,0.32799999999998875
