Start,Border,End,Valence,Arousal,Valence Diff,Arousal Diff,Score,GSR_Diff,BVP_Diff,RSP_Diff,SKT_Diff,EMG_ZYGO_Diff,EMG_CORU_Diff,EMG_TRAP_Diff
271501,276501,281501,6.672,5.485,0.5110000000000001,0.1070000000000002,6.9255530012356505,0.4499999999999993,0.5230000000000032,0.7650000000000006,0.028999999999999915,6.447,1.2319999999999993,2.381999999999999
281501,286501,291501,7.39,5.267,0.26399999999999935,0.27500000000000036,4.144317564113234,0.44099999999999895,1.5790000000000006,0.48400000000000176,0.00999999999999801,6.242,0.5749999999999993,2.7929999999999993
