Start,Border,End,Valence,Arousal,Valence Diff,Arousal Diff,Score,GSR_Diff,BVP_Diff,RSP_Diff,SKT_Diff,EMG_ZYGO_Diff,EMG_CORU_Diff,EMG_TRAP_Diff
1588876.01,1593876.01,1598876.01,6.868,4.995,2.369999999999999,0.5499999999999998,6.877612142738933,0.15399999999999814,1.0549999999999997,1.1900000000000048,0.04899999999999949,3.8600000000000003,5.093,0.1639999999999997
1668876.01,1673876.01,1678876.01,8.754,5.876,0.609,0.11899999999999977,3.453411159489153,0.3230000000000004,0.7649999999999935,0.020000000000003126,0.010999999999999233,1.0270000000000001,0.5750000000000002,0.5340000000000007
1713876.01,1718876.01,1723876.01,9.429,5.292,0.2699999999999996,0.33000000000000007,4.878300972630085,0.9779999999999998,0.125,0.6379999999999981,0.0519999999999996,3.449,0.3280000000000003,0.45200000000000085
1718876.01,1723876.01,1728876.01,9.427,5.95,0.002000000000000668,0.6829999999999998,3.1819848572736054,1.6559999999999988,1.3460000000000036,0.10600000000000165,0.04200000000000159,3.7780000000000005,3.4910000000000005,0.2469999999999999
1738876.01,1743876.01,1748876.01,9.285,5.822,0.0,0.06300000000000061,3.019078972868719,1.096,1.0749999999999957,1.0360000000000014,0.05299999999999727,1.3550000000000004,0.08199999999999985,0.9040000000000008
