Start,Border,End,Valence,Arousal,Valence Diff,Arousal Diff,Score,GSR_Diff,BVP_Diff,RSP_Diff,SKT_Diff,EMG_ZYGO_Diff,EMG_CORU_Diff,EMG_TRAP_Diff
538501.01,543501.01,548501.01,5.0,5.0,0.06500000000000039,0.0,0.6042682847644439,0.8629999999999995,0.0870000000000033,0.5030000000000001,0.006999999999997897,0.20500000000000007,0.04100000000000037,0.24599999999999866
553501.01,558501.01,563501.01,5.0,5.0,0.06500000000000039,0.01499999999999968,0.8331608078041544,0.8789999999999996,0.44600000000000506,0.28000000000000114,0.01699999999999946,0.16500000000000004,0.4110000000000005,0.41000000000000014
558501.01,563501.01,568501.01,5.0,5.0,0.0,0.0,0.8362638280784624,0.051000000000000156,2.983000000000004,0.6389999999999958,0.020999999999997243,0.12299999999999933,0.3700000000000001,0.49299999999999855
563501.01,568501.01,573501.01,5.0,5.0,2.2619999999999996,0.025000000000000355,1.82746464211125,0.14500000000000135,0.07800000000000296,0.9769999999999968,0.018000000000000682,0.2869999999999999,0.657,0.3290000000000006
678501.01,683501.01,688501.01,7.925,4.934,0.5920000000000005,0.045999999999999375,0.552713987927077,0.8870000000000022,0.3580000000000041,0.18299999999999983,0.010000000000001563,1.0259999999999998,0.04100000000000037,0.1639999999999997
