Start,Border,End,Valence,Arousal,Valence Diff,Arousal Diff,Score,GSR_Diff,BVP_Diff,RSP_Diff,SKT_Diff,EMG_ZYGO_Diff,EMG_CORU_Diff,EMG_TRAP_Diff
231501.01,236501.01,241501.01,5.075,6.069,0.0,0.18200000000000038,0.5431525491983363,0.13800000000000168,0.1739999999999995,1.0350000000000037,0.0030000000000001137,0.45199999999999996,0.1639999999999997,0.24600000000000044
261501.01,266501.01,271501.01,5.02,6.261,0.02200000000000024,0.5069999999999997,0.5287455041441442,0.2640000000000011,0.09600000000000364,1.1609999999999943,0.0,0.3700000000000001,0.20499999999999918,8.748
266501.01,271501.01,276501.01,5.059,6.412,0.03900000000000059,0.24099999999999966,0.5474520748288094,0.25599999999999845,0.12599999999999767,0.3780000000000001,0.0070000000000014495,0.5339999999999998,0.20500000000000007,0.7800000000000002
281501.01,286501.01,291501.01,4.976,6.331,0.1479999999999997,0.8220000000000001,0.8339127690317207,0.08300000000000018,0.3089999999999975,0.28999999999999915,0.004000000000001336,0.8629999999999995,0.2869999999999999,1.6429999999999998
356501.01,361501.01,366501.01,3.853,5.175,1.229,1.3329999999999997,0.4330222207319987,0.06299999999999972,0.6389999999999958,0.6679999999999993,0.00999999999999801,0.12399999999999967,0.28799999999999937,11.212
376501.01,381501.01,386501.01,2.262,6.071,0.0040000000000000036,0.6610000000000005,0.410548720144466,0.1459999999999999,0.4450000000000003,0.8230000000000004,0.0,1.561,0.12300000000000022,0.2469999999999999
