Start,Border,End,Valence,Arousal,Valence Diff,Arousal Diff,Score,GSR_Diff,BVP_Diff,RSP_Diff,SKT_Diff,EMG_ZYGO_Diff,EMG_CORU_Diff,EMG_TRAP_Diff
1563876.01,1568876.01,1573876.01,5.0,5.077,0.17499999999999982,0.774,5.998534683254999,2.610000000000001,1.4429999999999978,0.16499999999999915,0.03900000000000148,5.955000000000001,0.5749999999999993,3.2039999999999997
1568876.01,1573876.01,1578876.01,5.175,5.852,0.008000000000000007,0.9020000000000001,4.462738052655423,0.03999999999999915,3.236000000000004,0.2909999999999968,0.04200000000000159,3.5310000000000006,0.7799999999999994,0.7799999999999994
1573876.01,1578876.01,1583876.01,4.992,5.979,0.11099999999999977,0.09499999999999975,4.029256014846352,0.019999999999999574,4.241999999999997,1.1329999999999956,0.00999999999999801,1.3960000000000008,0.12399999999999967,0.9030000000000005
1693876.01,1698876.01,1703876.01,5.829,6.143,0.12099999999999955,0.7730000000000006,4.283183031618316,0.28000000000000114,0.20300000000000296,1.1910000000000025,0.06300000000000239,1.479,1.1910000000000007,2.6279999999999992
1703876.01,1708876.01,1713876.01,5.485,6.642,0.3069999999999995,0.1750000000000007,5.972117416626849,0.3119999999999976,0.7260000000000062,0.4750000000000014,0.055999999999997385,24.517000000000003,0.5339999999999998,2.6279999999999992
