Start,Border,End,Valence,Arousal,Valence Diff,Arousal Diff,Score,GSR_Diff,BVP_Diff,RSP_Diff,SKT_Diff,EMG_ZYGO_Diff,EMG_CORU_Diff,EMG_TRAP_Diff
351501.01,356501.01,361501.01,5.165,5.369,0.0,0.040000000000000036,0.6777823449212265,0.016000000000000014,0.15500000000000114,0.1460000000000008,0.0070000000000014495,0.7400000000000002,1.2320000000000002,0.0
361501.01,366501.01,371501.01,5.165,5.364,0.04699999999999971,0.22100000000000009,0.7279315455252435,0.07500000000000107,0.6200000000000045,1.2590000000000003,0.0070000000000014495,0.6159999999999997,1.4780000000000006,0.24599999999999955
366501.01,371501.01,376501.01,5.212,5.585,0.15000000000000036,0.33999999999999986,1.0442181708102651,0.13400000000000034,0.2220000000000013,0.07699999999999818,0.0,1.2319999999999993,0.7389999999999999,0.28799999999999937
381501.01,386501.01,391501.01,5.443,6.025,0.19200000000000017,0.25700000000000056,2.501041124999842,0.015000000000000568,0.2809999999999988,0.8140000000000001,0.010000000000001563,2.3,1.2319999999999993,0.0
396501.01,401501.01,406501.01,5.159,5.79,0.057000000000000384,0.25399999999999956,3.0041078267700385,0.09799999999999898,0.6780000000000044,0.38700000000000045,0.010999999999999233,6.6530000000000005,1.766,0.0
