Start,Border,End,Valence,Arousal,Valence Diff,Arousal Diff,Score,GSR_Diff,BVP_Diff,RSP_Diff,SKT_Diff,EMG_ZYGO_Diff,EMG_CORU_Diff,EMG_TRAP_Diff
1157293.01,1162293.01,1167293.01,6.208,5.198,0.20900000000000052,0.011999999999999567,3.4843493103538115,0.4339999999999975,0.6589999999999989,0.9769999999999968,0.028000000000002245,2.628000000000001,0.1639999999999997,0.5339999999999989
1162293.01,1167293.01,1172293.01,6.386,5.21,0.4710000000000001,0.07899999999999974,2.3856859367118712,1.8770000000000024,0.10699999999999932,0.7549999999999955,0.004000000000001336,1.4380000000000006,0.2469999999999999,4.682000000000002
1217293.01,1222293.01,1227293.01,6.238,6.113,0.1509999999999998,0.17900000000000027,3.7747781202024537,0.4299999999999997,0.357999999999997,0.01899999999999835,0.0030000000000001137,2.5470000000000006,0.08200000000000074,7.474
