Start,Border,End,Valence,Arousal,Valence Diff,Arousal Diff,Score,GSR_Diff,BVP_Diff,RSP_Diff,SKT_Diff,EMG_ZYGO_Diff,EMG_CORU_Diff,EMG_TRAP_Diff
832168.01,837168.01,842168.01,6.488,5.29,0.011999999999999567,0.1589999999999998,1.8835672704846809,0.3000000000000007,3.6229999999999976,0.12600000000000477,0.021000000000000796,0.657,0.24599999999999955,0.0
907168.01,912168.01,917168.01,5.33,4.958,0.39399999999999924,0.08199999999999985,3.3402051250414435,0.10300000000000153,3.1189999999999998,0.13600000000000279,0.004000000000001336,7.022,0.6989999999999998,0.12300000000000022
917168.01,922168.01,927168.01,6.046,5.011,0.7670000000000003,0.0030000000000001137,2.078420455942592,0.2129999999999974,0.7849999999999966,0.13600000000000279,0.0070000000000014495,4.846,0.04099999999999948,0.040000000000000036
922168.01,927168.01,932168.01,6.476,5.014,0.4299999999999997,0.02200000000000024,2.2083173271840773,0.3069999999999986,4.600999999999999,0.06799999999999784,0.010000000000001563,4.148000000000001,1.1909999999999998,0.28799999999999937
947168.01,952168.01,957168.01,5.193,5.0,0.40000000000000036,0.022999999999999687,1.6172133323585485,0.2480000000000011,1.3860000000000028,1.0750000000000028,0.045999999999999375,3.9010000000000007,1.601,0.12400000000000055
