Start,Border,End,Valence,Arousal,Valence Diff,Arousal Diff,Score,GSR_Diff,BVP_Diff,RSP_Diff,SKT_Diff,EMG_ZYGO_Diff,EMG_CORU_Diff,EMG_TRAP_Diff
1042293,1047293,1052293,4.933,3.704,0.019000000000000128,1.129,0.6705194191695445,0.10300000000000153,0.7650000000000006,0.03900000000000148,0.0030000000000001137,0.4509999999999996,0.2869999999999999,1.108999999999999
1117293,1122293,1127293,5.696,4.291,0.0,0.055000000000000604,0.9752303161455108,0.10699999999999932,0.21300000000000097,0.10699999999999932,0.006999999999997897,1.9709999999999992,0.6159999999999997,0.6980000000000004
1142293,1147293,1152293,5.6,4.967,0.5729999999999995,0.33999999999999986,0.7997181013916338,0.1650000000000027,0.24199999999999733,0.0,0.004000000000001336,1.5599999999999996,0.28799999999999937,0.5759999999999996
1152293,1157293,1162293,6.374,4.918,0.0,0.004999999999999893,0.736077780396766,0.23600000000000065,1.3470000000000013,0.5420000000000016,0.006999999999997897,1.3549999999999995,0.24599999999999955,0.32899999999999974
1202293,1207293,1212293,5.709,5.414,0.031000000000000583,0.8389999999999995,0.8276472562351262,0.015999999999998238,0.22300000000000608,0.06799999999999784,0.013999999999999346,1.3559999999999999,0.08199999999999985,1.3130000000000006
