Start,Border,End,Valence,Arousal,Valence Diff,Arousal Diff,Score,GSR_Diff,BVP_Diff,RSP_Diff,SKT_Diff,EMG_ZYGO_Diff,EMG_CORU_Diff,EMG_TRAP_Diff
1345209.01,1350209.01,1355209.01,5.048,5.99,1.5220000000000002,0.258,2.540130632093105,0.8509999999999991,0.8520000000000039,0.33800000000000097,0.035000000000003695,0.08300000000000018,0.12300000000000022,0.04100000000000037
1485209.01,1490209.01,1495209.01,6.624,5.663,0.2190000000000003,0.20199999999999996,2.890592145226828,0.3979999999999997,0.8619999999999948,0.22299999999999898,0.06299999999999528,0.6989999999999998,0.4930000000000003,0.04100000000000037
1490209.01,1495209.01,1500209.01,6.896,5.539,0.19200000000000017,0.12400000000000055,6.3483714605899735,1.017999999999999,0.4070000000000036,1.945999999999998,0.06700000000000017,0.7400000000000002,0.9859999999999998,0.45199999999999996
