Start,Border,End,Valence,Arousal,Valence Diff,Arousal Diff,Score,GSR_Diff,BVP_Diff,RSP_Diff,SKT_Diff,EMG_ZYGO_Diff,EMG_CORU_Diff,EMG_TRAP_Diff
1738876.01,1743876.01,1748876.01,6.309,5.096,0.0129999999999999,0.10599999999999987,5.632759458843797,0.6000000000000014,0.3780000000000001,0.15500000000000114,0.00999999999999801,0.3689999999999998,1.6420000000000012,8.131
