Start,Border,End,Valence,Arousal,Valence Diff,Arousal Diff,Score,GSR_Diff,BVP_Diff,RSP_Diff,SKT_Diff,EMG_ZYGO_Diff,EMG_CORU_Diff,EMG_TRAP_Diff
2146001.01,2151001.01,2156001.01,8.296,5.065,3.9320000000000004,0.6900000000000004,5.887562506901335,2.2279999999999944,2.2759999999999962,1.5579999999999998,0.010000000000001563,14.004,0.04099999999999948,0.08199999999999985
2161001.01,2166001.01,2171001.01,9.12,5.327,0.11099999999999888,0.18200000000000038,11.597832944062306,0.5989999999999966,2.4510000000000005,0.2909999999999968,0.053000000000000824,26.654,0.45199999999999996,1.4779999999999998
2166001.01,2171001.01,2176001.01,9.12,5.327,0.03500000000000014,0.0129999999999999,5.332253284423034,1.368000000000002,2.033999999999999,0.16499999999999915,0.07000000000000028,31.580999999999996,17.084,3.942
