Start,Border,End,Valence,Arousal,Valence Diff,Arousal Diff,Score,GSR_Diff,BVP_Diff,RSP_Diff,SKT_Diff,EMG_ZYGO_Diff,EMG_CORU_Diff,EMG_TRAP_Diff
2146001.01,2151001.01,2156001.01,5.575,4.839,0.8659999999999997,0.0519999999999996,6.568530749711899,2.113999999999997,1.2019999999999982,1.5290000000000035,0.010999999999999233,0.24600000000000044,0.08199999999999985,2.8339999999999996
2156001.01,2161001.01,2166001.01,5.691,4.832,0.08800000000000008,0.10699999999999932,3.68246684973694,2.0459999999999994,0.2910000000000039,1.8970000000000056,0.03500000000000014,4.065999999999999,0.04100000000000037,0.8629999999999995
2191001.01,2196001.01,2201001.01,5.009,5.982,0.5589999999999993,0.03599999999999959,3.9481142860704064,0.5240000000000009,0.1840000000000046,0.20300000000000296,0.010999999999999233,6.119000000000001,1.109,3.2029999999999994
2236001.01,2241001.01,2246001.01,5.784,5.901,0.6539999999999999,0.028999999999999915,3.105925543129034,0.8120000000000012,0.16400000000000148,0.1840000000000046,0.010999999999999233,0.9039999999999999,0.2869999999999999,1.5190000000000001
2246001.01,2251001.01,2256001.01,7.3,6.427,1.029,0.22499999999999964,3.642560973982718,0.7729999999999997,0.4170000000000016,1.3360000000000056,0.0,1.6840000000000002,0.24599999999999955,0.2870000000000008
2276001.01,2281001.01,2286001.01,7.331,6.104,0.2289999999999992,0.1849999999999996,3.229010759126237,0.9540000000000006,0.3780000000000001,0.1739999999999995,0.013999999999999346,11.089000000000002,0.0,0.657
2281001.01,2286001.01,2291001.01,7.56,5.931,0.2289999999999992,0.17300000000000004,4.081273487724141,1.0330000000000013,0.3200000000000003,0.4160000000000039,0.0070000000000014495,9.117,0.0,5.009999999999998
