Start,Border,End,Valence,Arousal,Valence Diff,Arousal Diff,Score,GSR_Diff,BVP_Diff,RSP_Diff,SKT_Diff,EMG_ZYGO_Diff,EMG_CORU_Diff,EMG_TRAP_Diff
2281001.01,2286001.01,2291001.01,6.831,5.767,0.2029999999999994,0.18700000000000028,3.5338791199528394,0.031000000000000583,0.42600000000000193,1.4140000000000015,0.03100000000000236,8.953,2.135,0.657
2301001.01,2306001.01,2311001.01,6.145,5.935,0.13400000000000034,0.13099999999999934,3.32689892672473,0.07099999999999973,0.3680000000000021,0.5609999999999999,0.020999999999997243,10.636000000000001,1.7240000000000002,2.0540000000000003
2321001.01,2326001.01,2331001.01,6.535,5.885,0.242,0.027000000000000135,4.41671886185836,0.05900000000000016,0.8719999999999999,1.0360000000000014,0.03100000000000236,2.6290000000000013,3.2439999999999998,0.9030000000000005
