Start,Border,End,Valence,Arousal,Valence Diff,Arousal Diff,Score,GSR_Diff,BVP_Diff,RSP_Diff,SKT_Diff,EMG_ZYGO_Diff,EMG_CORU_Diff,EMG_TRAP_Diff
1752209.01,1757209.01,1762209.01,5.95,5.08,0.6869999999999994,0.07599999999999962,9.368285750979403,0.504999999999999,0.0870000000000033,0.020000000000003126,0.006999999999997897,20.082,0.08199999999999985,0.1639999999999997
1807209.01,1812209.01,1817209.01,7.178,5.675,0.0019999999999997797,0.0019999999999997797,26.80465233423473,0.6110000000000007,0.7650000000000006,0.9679999999999964,0.006999999999997897,2.2170000000000005,0.4109999999999996,0.12299999999999933
1812209.01,1817209.01,1822209.01,7.178,5.677,0.9109999999999996,0.4239999999999995,7.918652331837466,0.5089999999999968,0.08699999999999619,0.4350000000000023,0.0030000000000001137,1.8070000000000004,0.1639999999999997,0.20599999999999952
