Start,Border,End,Valence,Arousal,Valence Diff,Arousal Diff,Score,GSR_Diff,BVP_Diff,RSP_Diff,SKT_Diff,EMG_ZYGO_Diff,EMG_CORU_Diff,EMG_TRAP_Diff
221501,226501,231501,5.166,5.732,0.01499999999999968,0.5890000000000004,2.078839617377671,2.7749999999999986,1.686,0.6580000000000013,0.14700000000000557,0.20499999999999918,0.24599999999999955,0.0
371501,376501,381501,6.603,5.404,0.25399999999999956,1.3579999999999997,6.769679150858886,1.1869999999999994,0.7169999999999987,0.6679999999999993,0.04899999999999949,7.597000000000001,0.1639999999999997,0.12299999999999933
376501,381501,386501,6.909,5.96,0.020999999999999908,0.3620000000000001,5.576333662961938,1.5969999999999995,5.704999999999998,0.3680000000000021,0.03200000000000358,4.2299999999999995,0.657,4.846
381501,386501,391501,6.624,5.766,0.2649999999999997,0.19399999999999995,2.932628714457357,0.3150000000000013,7.439,0.020000000000003126,0.027999999999998693,9.815000000000001,0.12400000000000055,0.41000000000000014
