Start,Border,End,Valence,Arousal,Valence Diff,Arousal Diff,Score,GSR_Diff,BVP_Diff,RSP_Diff,SKT_Diff,EMG_ZYGO_Diff,EMG_CORU_Diff,EMG_TRAP_Diff
2146001.01,2151001.01,2156001.01,5.0,5.0,2.0149999999999997,0.07399999999999984,3.099401739569243,0.9460000000000015,1.4619999999999962,0.1939999999999955,0.013999999999999346,2.915,0.45199999999999996,0.08199999999999985
2196001.01,2201001.01,2206001.01,6.555,5.253,0.3700000000000001,0.18200000000000038,2.021335661547827,0.27199999999999847,0.6970000000000027,0.357999999999997,0.011000000000002785,0.04099999999999948,0.20500000000000007,0.0
2246001.01,2251001.01,2256001.01,5.0,5.0,0.031000000000000583,0.08399999999999963,3.503061376485444,0.17800000000000082,2.381999999999998,0.33899999999999864,0.004000000000001336,0.9859999999999998,0.1640000000000006,1.9719999999999995
2301001.01,2306001.01,2311001.01,6.444,5.641,0.4349999999999996,0.12399999999999967,1.9387148117125284,0.054999999999999716,1.588000000000001,0.6770000000000067,0.010000000000001563,2.628,0.12300000000000022,0.6979999999999995
