Start,Border,End,Valence,Arousal,Valence Diff,Arousal Diff,Score,GSR_Diff,BVP_Diff,RSP_Diff,SKT_Diff,EMG_ZYGO_Diff,EMG_CORU_Diff,EMG_TRAP_Diff
515168.01,520168.01,525168.01,5.439,6.361,0.1719999999999997,0.2840000000000007,2.948972988301017,2.5189999999999984,0.804000000000002,0.5230000000000032,0.021000000000000796,1.1899999999999995,1.0269999999999992,0.041999999999999815
535168.01,540168.01,545168.01,5.115,6.647,0.0990000000000002,0.22799999999999976,3.5899281480086205,0.1769999999999996,0.5429999999999993,1.8000000000000043,0.04899999999999949,5.215999999999999,1.8069999999999995,0.12399999999999967
570168.01,575168.01,580168.01,4.848,7.361,0.6899999999999995,0.07899999999999974,3.796023690747253,3.9579999999999984,1.4819999999999993,1.1030000000000015,0.04899999999999949,5.873,1.314,0.08199999999999985
635168.01,640168.01,645168.01,4.809,6.964,0.6559999999999997,0.03599999999999959,5.087327163802555,2.451999999999998,0.8910000000000053,0.5720000000000027,0.018000000000000682,4.2299999999999995,1.274,0.49299999999999944
640168.01,645168.01,650168.01,5.444,6.941,0.8239999999999998,0.02999999999999936,3.241991030587947,1.1000000000000014,1.3659999999999997,0.6490000000000009,0.0030000000000001137,3.245,0.04100000000000037,0.04100000000000037
