Start,Border,End,Valence,Arousal,Valence Diff,Arousal Diff,Score,GSR_Diff,BVP_Diff,RSP_Diff,SKT_Diff,EMG_ZYGO_Diff,EMG_CORU_Diff,EMG_TRAP_Diff
1924459.01,1929459.01,1934459.01,1.386,8.267,3.3529999999999998,2.000000000000001,3.8349767322868367,4.577999999999999,0.15500000000000114,1.4620000000000033,0.04200000000000159,0.657,1.0670000000000002,0.6160000000000005
1929459.01,1934459.01,1939459.01,1.628,8.406,0.17699999999999982,0.3470000000000013,3.450994967159997,6.071999999999999,1.0650000000000048,1.6260000000000048,0.02499999999999858,0.1640000000000006,0.9440000000000008,0.04100000000000037
1984459.01,1989459.01,1994459.01,0.847,8.94,1.0190000000000001,0.6620000000000008,3.560867208401704,3.161999999999999,2.2949999999999946,1.1709999999999994,0.013999999999999346,0.6150000000000002,1.5610000000000008,0.41000000000000014
