Start,Border,End,Valence,Arousal,Valence Diff,Arousal Diff,Score,GSR_Diff,BVP_Diff,RSP_Diff,SKT_Diff,EMG_ZYGO_Diff,EMG_CORU_Diff,EMG_TRAP_Diff
820751.01,825751.01,830751.01,5.0,5.0,0.54,0.9160000000000004,7.367706276410741,15.57,0.7749999999999986,0.16499999999999915,0.03200000000000003,8.583,1.3150000000000004,0.24599999999999955
825751.01,830751.01,835751.01,4.46,5.916,0.7679999999999998,1.1429999999999998,6.542113457226226,15.537999999999997,0.2220000000000013,0.19400000000000261,0.030999999999998806,2.628,0.32899999999999974,0.1639999999999997
875751.01,880751.01,885751.01,4.996,5.073,0.9959999999999996,0.8600000000000003,7.007771489565137,4.755000000000003,2.4599999999999937,0.01899999999999835,0.02400000000000091,2.218,2.3819999999999997,0.04099999999999948
