Start,Border,End,Valence,Arousal,Valence Diff,Arousal Diff,Score,GSR_Diff,BVP_Diff,RSP_Diff,SKT_Diff,EMG_ZYGO_Diff,EMG_CORU_Diff,EMG_TRAP_Diff
2189584.01,2194584.01,2199584.01,4.526,7.136,1.593,0.9859999999999998,1.1602636290113195,3.6159999999999997,2.1699999999999946,0.6679999999999993,0.0030000000000001137,0.7389999999999999,0.2469999999999999,0.28699999999999903
2194584.01,2199584.01,2204584.01,3.457,7.358,1.0799999999999996,0.2270000000000003,2.5271712919987483,3.2450000000000045,0.6980000000000004,0.7650000000000006,0.021000000000000796,0.7389999999999999,0.45199999999999996,4.763999999999999
2284584.01,2289584.01,2294584.01,2.614,8.039,0.7429999999999999,0.5490000000000004,1.5884590636665772,0.5679999999999978,1.2010000000000005,0.5230000000000032,0.0,0.6980000000000004,1.314,10.636000000000001
