Start,Border,End,Valence,Arousal,Valence Diff,Arousal Diff,Score,GSR_Diff,BVP_Diff,RSP_Diff,SKT_Diff,EMG_ZYGO_Diff,EMG_CORU_Diff,EMG_TRAP_Diff
2174584.01,2179584.01,2184584.01,1.695,8.687,2.567,0.8139999999999992,7.714233567531796,10.861000000000004,3.206000000000003,0.07700000000000173,0.020999999999997243,0.9849999999999994,1.190999999999999,2.012999999999991
2179584.01,2184584.01,2189584.01,1.511,8.713,0.06899999999999995,0.2240000000000002,6.88708885975012,9.375,1.588000000000001,0.2129999999999974,0.03900000000000148,1.5190000000000001,1.027000000000001,3.3670000000000044
2184584.01,2189584.01,2194584.01,1.764,8.463,0.32400000000000007,0.09699999999999953,6.23904536392331,6.016999999999996,0.9299999999999997,0.06800000000000139,0.04200000000000159,0.9039999999999999,1.561,2.669000000000011
