Start,Border,End,Valence,Arousal,Valence Diff,Arousal Diff,Score,GSR_Diff,BVP_Diff,RSP_Diff,SKT_Diff,EMG_ZYGO_Diff,EMG_CORU_Diff,EMG_TRAP_Diff
780293.01,785293.01,790293.01,0.5,9.017,1.9769999999999999,0.9939999999999998,4.777225221779871,7.324999999999996,0.33899999999999864,1.7519999999999953,0.010999999999999233,0.4109999999999996,0.3290000000000006,3.0809999999999995
785293.01,790293.01,795293.01,1.842,7.837,0.18999999999999995,0.27399999999999913,7.161730394011924,10.605,1.1720000000000041,0.8129999999999988,0.0070000000000014495,0.0,0.040000000000000036,1.5199999999999996
890293.01,895293.01,900293.01,2.89,7.386,1.043,0.7469999999999999,6.632738245644141,0.9660000000000011,1.4329999999999998,1.2780000000000022,0.021000000000000796,0.3280000000000003,0.2469999999999999,0.7810000000000006
910293.01,915293.01,920293.01,1.751,7.985,0.23399999999999999,0.2160000000000002,4.968989732325359,0.830999999999996,0.19299999999999784,0.3290000000000006,0.038000000000000256,0.20599999999999952,0.16500000000000004,4.230999999999999
