Start,Border,End,Valence,Arousal,Valence Diff,Arousal Diff,Score,GSR_Diff,BVP_Diff,RSP_Diff,SKT_Diff,EMG_ZYGO_Diff,EMG_CORU_Diff,EMG_TRAP_Diff
2189584.01,2194584.01,2199584.01,4.143,9.008,2.6590000000000003,2.154,7.076650164708567,7.289999999999999,1.2590000000000003,1.3159999999999954,0.03500000000000014,12.073999999999998,1.1909999999999998,0.3689999999999998
2194584.01,2199584.01,2204584.01,1.972,9.5,1.6889999999999996,0.125,5.1932811342938,4.727,0.357999999999997,0.794000000000004,0.01699999999999946,2.176,0.20599999999999952,0.08199999999999985
2224584.01,2229584.01,2234584.01,3.021,7.297,0.4450000000000003,1.25,6.005821745466019,3.7139999999999986,0.6099999999999994,1.0459999999999994,0.04899999999999949,0.16500000000000004,0.28800000000000114,1.766
2244584.01,2249584.01,2254584.01,3.304,6.763,1.4360000000000002,2.3049999999999997,5.89362013639101,3.5599999999999987,1.4140000000000015,0.7839999999999989,0.055999999999997385,38.357,1.1500000000000004,0.24600000000000044
2249584.01,2254584.01,2259584.01,1.607,9.154,1.0059999999999998,1.9190000000000005,6.275865715997449,2.8659999999999997,0.6780000000000044,1.1029999999999944,0.04899999999999949,3.1630000000000003,1.1500000000000004,0.657
