Start,Border,End,Valence,Arousal,Valence Diff,Arousal Diff,Score,GSR_Diff,BVP_Diff,RSP_Diff,SKT_Diff,EMG_ZYGO_Diff,EMG_CORU_Diff,EMG_TRAP_Diff
1380209.01,1385209.01,1390209.01,0.5,7.99,3.376,3.3610000000000007,5.384142479175703,2.0189999999999992,1.161999999999999,1.471,0.0,0.6989999999999998,3.0389999999999997,6.571
1440209.01,1445209.01,1450209.01,0.5,8.586,0.802,1.7839999999999998,7.283321116252145,3.504999999999999,1.4819999999999993,0.4259999999999948,0.0,1.1499999999999995,1.561,0.24599999999999955
1450209.01,1455209.01,1460209.01,0.862,8.043,0.362,0.5370000000000008,12.938076984661656,1.2850000000000001,1.006999999999998,0.232999999999997,0.004000000000001336,0.6159999999999997,0.8630000000000004,0.20500000000000007
