Start,Border,End,Valence,Arousal,Valence Diff,Arousal Diff,Score,GSR_Diff,BVP_Diff,RSP_Diff,SKT_Diff,EMG_ZYGO_Diff,EMG_CORU_Diff,EMG_TRAP_Diff
582084.01,587084.01,592084.01,3.338,9.5,0.2320000000000002,3.1189999999999998,6.952640726625142,4.0809999999999995,0.14500000000000313,0.5609999999999999,0.0030000000000001137,5.996,1.1909999999999998,1.8069999999999995
587084.01,592084.01,597084.01,5.207,9.248,1.604,0.09600000000000009,7.089433491359129,6.58,0.25200000000000244,3.6199999999999974,0.010999999999999233,0.3700000000000001,0.08200000000000074,2.998000000000001
