Start,Border,End,Valence,Arousal,Valence Diff,Arousal Diff,Score,GSR_Diff,BVP_Diff,RSP_Diff,SKT_Diff,EMG_ZYGO_Diff,EMG_CORU_Diff,EMG_TRAP_Diff
1040876.01,1045876.01,1050876.01,4.851,5.62,0.036000000000000476,0.29000000000000004,1.067034361557888,0.14199999999999946,1.1909999999999954,0.38700000000000045,0.003999999999997783,0.41000000000000014,0.12300000000000022,10.308
1045876.01,1050876.01,1055876.01,4.848,5.702,0.0030000000000001137,0.28000000000000025,1.7418110471342327,0.09500000000000064,0.37700000000000244,0.2809999999999988,0.010000000000001563,0.3700000000000001,0.12300000000000022,0.12300000000000022
1050876.01,1055876.01,1060876.01,4.848,5.9,0.11000000000000032,0.6360000000000001,2.6319837667247485,0.008000000000000895,0.7069999999999936,0.19299999999999784,0.0070000000000014495,0.3290000000000006,0.20499999999999918,0.20500000000000007
1090876.01,1095876.01,1100876.01,5.041,7.363,0.20999999999999996,0.5139999999999993,0.97949637612754,1.0570000000000004,0.5230000000000032,0.26200000000000045,0.010999999999999233,0.0,0.08300000000000018,4.599
