Start,Border,End,Valence,Arousal,Valence Diff,Arousal Diff,Score,GSR_Diff,BVP_Diff,RSP_Diff,SKT_Diff,EMG_ZYGO_Diff,EMG_CORU_Diff,EMG_TRAP_Diff
1365209.01,1370209.01,1375209.01,5.009,5.62,0.0259999999999998,0.7629999999999999,3.356795355930478,0.1850000000000005,0.4750000000000014,0.9099999999999966,0.028000000000002245,0.7800000000000002,2.6289999999999996,0.28799999999999937
1380209.01,1385209.01,1390209.01,4.988,6.015,1.1790000000000003,1.0430000000000001,3.916918354116348,1.9239999999999995,0.10599999999999454,0.09599999999999653,0.045000000000001705,0.20500000000000007,1.109,0.12299999999999933
1395209.01,1400209.01,1405209.01,3.266,6.903,0.577,0.12399999999999967,2.054569457046932,0.20899999999999963,1.8599999999999994,0.7550000000000026,0.05600000000000094,0.0,0.20500000000000007,0.04100000000000037
1435209.01,1440209.01,1445209.01,4.943,5.878,0.8419999999999996,0.984,2.654517976060232,0.7889999999999997,0.1939999999999955,1.1430000000000007,0.055999999999997385,0.4109999999999996,0.738999999999999,0.040000000000000036
