Start,Border,End,Valence,Arousal,Valence Diff,Arousal Diff,Score,GSR_Diff,BVP_Diff,RSP_Diff,SKT_Diff,EMG_ZYGO_Diff,EMG_CORU_Diff,EMG_TRAP_Diff
1869001.01,1874001.01,1879001.01,3.907,6.481,0.2160000000000002,0.16300000000000026,5.474819656426536,4.183,0.6880000000000024,0.23199999999999932,0.07700000000000173,0.5750000000000002,0.8209999999999997,0.28800000000000026
1884001.01,1889001.01,1894001.01,2.705,7.439,1.3290000000000002,1.3210000000000006,5.9852242642878615,4.6129999999999995,0.3100000000000023,0.2710000000000008,0.07400000000000162,0.8209999999999997,0.6980000000000004,0.0420000000000007
1939001.01,1944001.01,1949001.01,3.299,8.006,0.4700000000000002,0.32200000000000006,6.583429662197471,2.8500000000000014,0.029000000000003467,0.21300000000000097,0.08099999999999952,2.505,1.2729999999999997,0.0
