Start,Border,End,Valence,Arousal,Valence Diff,Arousal Diff,Score,GSR_Diff,BVP_Diff,RSP_Diff,SKT_Diff,EMG_ZYGO_Diff,EMG_CORU_Diff,EMG_TRAP_Diff
1085876.01,1090876.01,1095876.01,0.731,9.5,2.4530000000000003,0.9429999999999996,5.316464671665797,1.072,0.8039999999999949,0.18400000000000105,0.004000000000001336,4.436,22.095,0.20500000000000007
1090876.01,1095876.01,1100876.01,0.961,9.5,0.23099999999999998,0.0,4.39144975905583,2.4240000000000004,0.04800000000000182,0.047999999999998266,0.013999999999999346,4.189,3.5730000000000004,0.0
1145876.01,1150876.01,1155876.01,0.5,9.5,0.367,1.6420000000000003,5.911791440189955,3.386000000000001,0.5030000000000001,1.064,0.0,0.657,0.3280000000000003,0.1639999999999997
