Start,Border,End,Valence,Arousal,Valence Diff,Arousal Diff,Score,GSR_Diff,BVP_Diff,RSP_Diff,SKT_Diff,EMG_ZYGO_Diff,EMG_CORU_Diff,EMG_TRAP_Diff
2189584.01,2194584.01,2199584.01,3.604,7.021,0.1379999999999999,1.1469999999999994,5.621057432487601,6.099,0.3299999999999983,1.5679999999999978,0.020999999999997243,3.7779999999999996,0.9850000000000003,8.378
2244584.01,2249584.01,2254584.01,2.887,6.185,0.21899999999999986,0.7599999999999998,5.420515438587964,4.222999999999999,0.09700000000000131,2.9140000000000015,0.013999999999999346,1.9719999999999995,0.45199999999999996,8.542000000000002
2249584.01,2254584.01,2259584.01,2.918,6.879,0.23899999999999988,0.8250000000000002,6.184170680662813,4.561999999999998,0.21300000000000097,1.296999999999997,0.013999999999999346,1.931,0.28699999999999903,10.267
2254584.01,2259584.01,2264584.01,2.648,7.01,0.38500000000000023,0.27800000000000047,5.011103009737219,1.8649999999999949,0.6000000000000014,4.753,0.02400000000000091,0.9039999999999999,0.3290000000000006,3.613999999999999
2264584.01,2269584.01,2274584.01,2.336,7.104,0.48099999999999987,0.26400000000000023,11.591034879854952,1.4310000000000045,1.152000000000001,1.4710000000000036,0.004000000000001336,0.6980000000000004,0.04099999999999948,2.67
