Start,Border,End,Valence,Arousal,Valence Diff,Arousal Diff,Score,GSR_Diff,BVP_Diff,RSP_Diff,SKT_Diff,EMG_ZYGO_Diff,EMG_CORU_Diff,EMG_TRAP_Diff
1415209.01,1420209.01,1425209.01,5.0,5.0,0.4270000000000005,0.2550000000000008,24.927760941191785,1.632000000000005,0.4549999999999983,0.03900000000000148,0.010999999999999233,0.04100000000000037,0.12300000000000022,4.271000000000003
1440209.01,1445209.01,1450209.01,5.039,8.215,0.057000000000000384,0.4169999999999998,4.948407511049992,9.734000000000002,0.6199999999999974,0.4940000000000033,0.018000000000000682,1.9719999999999995,1.2320000000000002,8.501
1450209.01,1455209.01,1460209.01,5.054,6.577,0.04499999999999993,0.13200000000000056,5.2861054785354895,1.860999999999997,1.8019999999999996,0.5810000000000031,0.0070000000000014495,1.8069999999999995,0.3280000000000003,6.036999999999999
