Start,Border,End,Valence,Arousal,Valence Diff,Arousal Diff,Score,GSR_Diff,BVP_Diff,RSP_Diff,SKT_Diff,EMG_ZYGO_Diff,EMG_CORU_Diff,EMG_TRAP_Diff
1130876.01,1135876.01,1140876.01,1.128,7.927,0.052000000000000046,1.2059999999999995,5.367505054705385,3.4140000000000015,6.236999999999995,0.28000000000000114,0.0519999999999996,0.41000000000000014,0.20500000000000007,2.423
1140876.01,1145876.01,1150876.01,1.128,7.927,0.6279999999999999,1.5730000000000004,4.833516679271074,5.988999999999997,0.367999999999995,0.47399999999999665,0.03200000000000358,1.6829999999999998,0.6979999999999986,1.272999999999998
1155876.01,1160876.01,1165876.01,0.5,9.5,0.0,0.0,4.355073291710582,1.4029999999999987,2.344000000000001,1.588000000000001,0.09799999999999898,0.5339999999999998,0.4920000000000009,1.395999999999999
1200876.01,1205876.01,1210876.01,0.5,9.5,0.0,0.0,5.16565810328602,1.2310000000000016,3.273999999999994,1.3059999999999974,0.12599999999999767,2.6689999999999996,0.9440000000000008,0.7799999999999994
