Start,Border,End,Valence,Arousal,Valence Diff,Arousal Diff,Score,GSR_Diff,BVP_Diff,RSP_Diff,SKT_Diff,EMG_ZYGO_Diff,EMG_CORU_Diff,EMG_TRAP_Diff
276501.01,281501.01,286501.01,4.322,7.382,0.22999999999999954,1.7810000000000006,7.987564198386003,3.1849999999999987,2.7120000000000033,0.5510000000000019,0.02499999999999858,0.1640000000000006,0.0,0.12299999999999933
286501.01,291501.01,296501.01,3.933,8.441,1.0620000000000003,0.058999999999999275,7.293846754790253,1.3870000000000005,1.5690000000000026,0.03800000000000381,0.0,0.08199999999999985,0.2060000000000004,0.20500000000000007
306501.01,311501.01,316501.01,3.619,8.311,0.04899999999999993,1.5189999999999992,11.561424978931823,0.875,1.016999999999996,0.5230000000000032,0.0070000000000014495,1.8069999999999995,0.2869999999999999,0.3290000000000006
