Start,Border,End,Valence,Arousal,Valence Diff,Arousal Diff,Score,GSR_Diff,BVP_Diff,RSP_Diff,SKT_Diff,EMG_ZYGO_Diff,EMG_CORU_Diff,EMG_TRAP_Diff
785293.01,790293.01,795293.01,1.331,8.415,0.038000000000000034,0.12900000000000134,6.374507577026624,11.011,2.4990000000000023,0.8810000000000002,0.0070000000000014495,3.7380000000000004,0.0,0.657
790293.01,795293.01,800293.01,1.387,8.655,0.499,0.25700000000000145,6.287327990313079,3.8359999999999985,2.024000000000001,1.006999999999998,0.003999999999997783,0.5750000000000002,0.08199999999999985,8.870000000000001
830293.01,835293.01,840293.01,1.558,7.002,0.04400000000000004,0.0699999999999994,5.409809305862236,3.469000000000001,0.0,0.8419999999999987,0.021000000000000796,0.6160000000000005,0.3689999999999998,0.4510000000000005
