Start,Border,End,Valence,Arousal,Valence Diff,Arousal Diff,Score,GSR_Diff,BVP_Diff,RSP_Diff,SKT_Diff,EMG_ZYGO_Diff,EMG_CORU_Diff,EMG_TRAP_Diff
1068459.01,1073459.01,1078459.01,6.05,4.554,1.0069999999999997,0.44599999999999973,7.0215929357282185,0.2209999999999983,2.857999999999997,0.4070000000000036,0.017000000000003013,10.103000000000002,5.545000000000001,0.3700000000000001
1073459.01,1078459.01,1083459.01,6.007,4.554,0.04600000000000026,0.08499999999999996,6.281618097173146,0.2919999999999998,0.134999999999998,2.159000000000006,0.018000000000000682,0.3700000000000001,0.28800000000000026,0.08199999999999985
1078459.01,1083459.01,1088459.01,6.004,4.469,0.6440000000000001,0.07299999999999951,0.5677483054079553,0.016000000000000014,1.5309999999999988,0.7259999999999991,0.003999999999997783,9.775,5.421,0.45199999999999996
