Start,Border,End,Valence,Arousal,Valence Diff,Arousal Diff,Score,GSR_Diff,BVP_Diff,RSP_Diff,SKT_Diff,EMG_ZYGO_Diff,EMG_CORU_Diff,EMG_TRAP_Diff
1685959.01,1690959.01,1695959.01,6.187,4.073,0.07099999999999973,0.4289999999999998,0.790566471800691,0.2919999999999998,0.04800000000000182,0.7549999999999955,0.004000000000001336,0.08199999999999985,0.3290000000000006,0.041999999999999815
1690959.01,1695959.01,1700959.01,6.258,3.619,0.585,1.1610000000000005,0.6524363929722828,0.22499999999999964,0.7560000000000002,0.26200000000000045,0.010000000000001563,0.5749999999999993,0.12400000000000055,0.12300000000000022
1760959.01,1765959.01,1770959.01,6.099,3.161,0.18599999999999994,0.7120000000000002,2.219062964954874,0.22900000000000098,0.3300000000000054,0.28999999999999915,0.0,0.7389999999999999,0.040000000000000036,6.94
1765959.01,1770959.01,1775959.01,5.913,3.873,0.7080000000000002,1.1640000000000001,1.153927489271292,0.30799999999999983,0.7650000000000006,0.47400000000000375,0.0070000000000014495,0.45199999999999996,0.12300000000000022,2.7510000000000003
