Start,Border,End,Valence,Arousal,Valence Diff,Arousal Diff,Score,GSR_Diff,BVP_Diff,RSP_Diff,SKT_Diff,EMG_ZYGO_Diff,EMG_CORU_Diff,EMG_TRAP_Diff
624584.01,629584.01,634584.01,5.0,5.0,0.0,0.0,7.480056452647711,0.6630000000000003,2.5760000000000005,0.06700000000000017,0.0519999999999996,50.596000000000004,3.818999999999999,0.6979999999999933
