Start,Border,End,Valence,Arousal,Valence Diff,Arousal Diff,Score,GSR_Diff,BVP_Diff,RSP_Diff,SKT_Diff,EMG_ZYGO_Diff,EMG_CORU_Diff,EMG_TRAP_Diff
2199834.01,2204834.01,2209834.01,5.144,4.226,0.08900000000000041,1.0860000000000003,2.452792703722618,0.1180000000000021,2.043999999999997,0.3189999999999955,0.02499999999999858,19.672,9.404,0.041999999999999815
2204834.01,2209834.01,2214834.01,4.911,3.963,0.27000000000000046,0.246,2.488698015552288,0.07500000000000284,0.10600000000000165,0.9679999999999964,0.025000000000005684,0.7389999999999999,0.4109999999999996,0.1639999999999997
