Start,Border,End,Valence,Arousal,Valence Diff,Arousal Diff,Score,GSR_Diff,BVP_Diff,RSP_Diff,SKT_Diff,EMG_ZYGO_Diff,EMG_CORU_Diff,EMG_TRAP_Diff
1653001.01,1658001.01,1663001.01,5.716,5.1,0.0,0.0,3.865544293000988,0.04299999999999926,3.6810000000000045,0.1840000000000046,0.060000000000002274,7.68,0.45200000000000085,1.479
1663001.01,1668001.01,1673001.01,5.716,5.1,0.0,0.0,3.084793005154199,0.5050000000000026,1.4909999999999997,0.1739999999999995,0.0799999999999983,5.339,0.20500000000000007,1.2729999999999997
1678001.01,1683001.01,1688001.01,5.44,5.103,0.01499999999999968,0.0030000000000001137,2.4955542210298054,0.6110000000000042,4.116,0.0,0.15800000000000125,2.2590000000000003,0.0420000000000007,0.0
