Start,Border,End,Valence,Arousal,Valence Diff,Arousal Diff,Score,GSR_Diff,BVP_Diff,RSP_Diff,SKT_Diff,EMG_ZYGO_Diff,EMG_CORU_Diff,EMG_TRAP_Diff
2309834.01,2314834.01,2319834.01,6.061,4.824,0.01100000000000012,0.07200000000000006,4.903328268344408,3.1020000000000003,0.3009999999999948,1.8590000000000018,0.0070000000000014495,16.017,0.1640000000000006,0.32899999999999974
2314834.01,2319834.01,2324834.01,6.072,4.824,0.1070000000000002,0.1900000000000004,5.176750551050661,0.0870000000000033,1.1529999999999987,0.038000000000000256,0.021000000000000796,3.1629999999999985,3.409,0.8620000000000001
2319834.01,2324834.01,2329834.01,5.954,5.014,0.41500000000000004,0.19399999999999995,8.595372851382475,1.2700000000000031,0.17499999999999716,0.6490000000000009,0.02400000000000091,18.726999999999997,0.3280000000000003,0.8629999999999995
