Start,Border,End,Valence,Arousal,Valence Diff,Arousal Diff,Score,GSR_Diff,BVP_Diff,RSP_Diff,SKT_Diff,EMG_ZYGO_Diff,EMG_CORU_Diff,EMG_TRAP_Diff
794709,799709,804709,5.0,5.0,0.0,0.0,0.5926849275441626,0.2599999999999998,0.9489999999999981,0.6780000000000044,0.028000000000002245,22.546,12.360999999999997,1.3149999999999995
899709,904709,909709,6.894,5.056,0.052999999999999936,0.18299999999999983,0.5457626661273431,0.5869999999999997,3.5159999999999982,0.1839999999999975,0.08800000000000097,0.04100000000000037,0.08200000000000074,0.4109999999999996
914709,919709,924709,6.888,5.461,0.16300000000000026,0.21799999999999997,0.7011417584611124,0.22100000000000009,1.985999999999997,0.00999999999999801,0.08800000000000097,0.3290000000000006,0.5340000000000007,3.327
919709,924709,929709,7.051,5.696,0.09799999999999986,0.8179999999999996,1.452483677343682,0.43799999999999883,2.2660000000000053,0.9200000000000017,0.0920000000000023,0.2869999999999999,0.657,4.600000000000001
