Start,Border,End,Valence,Arousal,Valence Diff,Arousal Diff,Score,GSR_Diff,BVP_Diff,RSP_Diff,SKT_Diff,EMG_ZYGO_Diff,EMG_CORU_Diff,EMG_TRAP_Diff
535251.01,540251.01,545251.01,6.749,4.944,0.016000000000000014,0.04300000000000015,0.9844195719433996,0.6269999999999953,0.8520000000000039,0.2610000000000028,0.014000000000002899,0.04099999999999948,0.3699999999999992,1.5199999999999996
590251.01,595251.01,600251.01,6.77,5.185,0.03199999999999914,1.04,0.978634256423943,0.6630000000000003,0.6580000000000013,0.4170000000000016,0.027999999999998693,0.04099999999999948,0.9859999999999989,0.41000000000000014
