Start,Border,End,Valence,Arousal,Valence Diff,Arousal Diff,Score,GSR_Diff,BVP_Diff,RSP_Diff,SKT_Diff,EMG_ZYGO_Diff,EMG_CORU_Diff,EMG_TRAP_Diff
1621626.01,1626626.01,1631626.01,5.0,5.0,0.07800000000000029,1.4460000000000002,9.111460526130006,0.15799999999999947,0.8719999999999999,0.33000000000000185,0.003999999999997783,3.8609999999999998,0.6159999999999997,2.3819999999999997
1626626.01,1631626.01,1636626.01,5.078,3.554,0.07800000000000029,1.5030000000000001,2.334529163967832,0.031000000000000583,0.5030000000000001,0.8509999999999991,0.0030000000000001137,0.12300000000000022,0.28800000000000026,3.6960000000000015
1631626.01,1636626.01,1641626.01,5.078,3.497,0.0,0.05699999999999994,1.5275127823813173,0.29999999999999893,0.2710000000000008,0.05799999999999983,0.010000000000001563,3.778999999999999,0.6979999999999995,1.971
1701626.01,1706626.01,1711626.01,5.078,3.488,0.0,0.0,1.307803141175497,0.07900000000000063,0.9979999999999976,0.20299999999999585,0.006999999999997897,0.08199999999999985,0.04100000000000037,1.3549999999999986
