Start,Border,End,Valence,Arousal,Valence Diff,Arousal Diff,Score,GSR_Diff,BVP_Diff,RSP_Diff,SKT_Diff,EMG_ZYGO_Diff,EMG_CORU_Diff,EMG_TRAP_Diff
1088459.01,1093459.01,1098459.01,5.026,3.932,0.0,0.04499999999999993,12.486548497893455,3.1069999999999993,1.3269999999999982,0.37699999999999534,0.006999999999997897,2.4639999999999995,0.20500000000000007,2.3009999999999984
