Start,Border,End,Valence,Arousal,Valence Diff,Arousal Diff,Score,GSR_Diff,BVP_Diff,RSP_Diff,SKT_Diff,EMG_ZYGO_Diff,EMG_CORU_Diff,EMG_TRAP_Diff
1058459.01,1063459.01,1068459.01,5.0,5.038,0.0,0.0,6.14648572815436,2.613999999999997,0.4750000000000014,3.842000000000006,0.11599999999999966,3.6960000000000006,0.9449999999999994,2.792
1068459.01,1073459.01,1078459.01,5.0,5.0,0.2599999999999998,0.8949999999999996,2.6012212333301266,1.222999999999999,0.6969999999999956,0.14500000000000313,0.06999999999999673,0.3290000000000006,0.12299999999999933,1.027000000000001
1088459.01,1093459.01,1098459.01,5.632,4.353,0.006000000000000227,0.266,2.902317855116107,0.6189999999999998,3.817,0.804000000000002,0.006999999999997897,1.149,0.12399999999999967,4.0249999999999995
1093459.01,1098459.01,1103459.01,5.632,4.462,0.004000000000000448,0.16699999999999982,2.570467663371466,0.4809999999999981,3.1000000000000014,0.15499999999999403,0.030999999999998806,0.6979999999999995,0.08300000000000018,0.28799999999999937
1158459.01,1163459.01,1168459.01,5.304,4.681,0.07900000000000063,0.11899999999999977,3.193856915404007,0.12199999999999989,2.6640000000000015,0.232999999999997,0.018000000000000682,0.3280000000000003,0.5339999999999998,4.188
