Start,Border,End,Valence,Arousal,Valence Diff,Arousal Diff,Score,GSR_Diff,BVP_Diff,RSP_Diff,SKT_Diff,EMG_ZYGO_Diff,EMG_CORU_Diff,EMG_TRAP_Diff
1382876.01,1387876.01,1392876.01,5.0,5.0,0.0,0.0,1.3599372405902748,0.16600000000000037,0.15500000000000114,0.07699999999999818,0.006999999999997897,0.1639999999999997,0.3700000000000001,4.189
1387876.01,1392876.01,1397876.01,5.0,5.0,0.0,0.0,1.0824442704264785,0.011000000000001009,0.8519999999999968,0.25099999999999767,0.00999999999999801,0.28800000000000026,0.7399999999999993,0.2469999999999999
