Start,Border,End,Valence,Arousal,Valence Diff,Arousal Diff,Score,GSR_Diff,BVP_Diff,RSP_Diff,SKT_Diff,EMG_ZYGO_Diff,EMG_CORU_Diff,EMG_TRAP_Diff
226501.01,231501.01,236501.01,4.973,3.524,0.06100000000000083,1.2109999999999999,1.5188192348547782,0.0030000000000001137,0.4070000000000036,0.48400000000000176,0.003999999999997783,0.2469999999999999,5.379,12.116
266501.01,271501.01,276501.01,5.0,5.184,0.18200000000000038,0.8769999999999998,1.0284414025480708,0.08199999999999985,0.5819999999999936,1.0840000000000032,0.015000000000000568,7.1049999999999995,0.6569999999999983,4.189000000000001
276501.01,281501.01,286501.01,4.984,5.804,0.14400000000000013,0.27700000000000014,1.367548109603069,0.0519999999999996,1.181999999999995,1.2000000000000028,0.015000000000000568,6.653,4.353,1.1090000000000009
341501.01,346501.01,351501.01,4.864,5.563,0.001000000000000334,0.22200000000000042,1.5777365031748392,0.02400000000000002,1.1920000000000002,1.1230000000000047,0.0,4.189,4.763,1.1500000000000004
