Start,Border,End,Valence,Arousal,Valence Diff,Arousal Diff,Score,GSR_Diff,BVP_Diff,RSP_Diff,SKT_Diff,EMG_ZYGO_Diff,EMG_CORU_Diff,EMG_TRAP_Diff
1921084.01,1926084.01,1931084.01,5.0,5.0,0.0,0.0,1.082702813892046,0.9380000000000024,1.9469999999999956,0.06799999999999784,0.004000000000001336,6.694999999999999,1.0680000000000005,0.8629999999999995
2056084.01,2061084.01,2066084.01,5.903,5.709,0.23899999999999988,0.33199999999999985,1.1475488650712256,0.5799999999999983,1.2980000000000018,2.9330000000000034,0.0070000000000014495,0.4110000000000005,0.7389999999999999,1.1500000000000004
