Start,Border,End,Valence,Arousal,Valence Diff,Arousal Diff,Score,GSR_Diff,BVP_Diff,RSP_Diff,SKT_Diff,EMG_ZYGO_Diff,EMG_CORU_Diff,EMG_TRAP_Diff
1726626,1731626,1736626,4.189,4.36,0.006999999999999673,0.26900000000000013,6.858995038813548,0.7129999999999974,0.8620000000000019,1.2199999999999989,0.0070000000000014495,3.6960000000000006,0.7389999999999999,4.4350000000000005
