Window,Mean Valence,Max Valence,Min Valence,Median Valence,Mean Arousal,Max Arousal,Min Arousal,Median Arousal
1,5.0,5.0,5.0,5.0,5.0,5.0,5.0,5.0
2,5.002159203980099,5.031,5.0,5.0,5.036353233830845,5.51,5.0,5.0
3,5.943169154228856,6.07,5.893,5.911,4.385258706467662,4.561,4.267,4.329
4,5.553095477386936,5.693,5.499,5.514,4.540221105527638,4.675,4.364,4.573
