Window,Mean Valence,Max Valence,Min Valence,Median Valence,Mean Arousal,Max Arousal,Min Arousal,Median Arousal
1,5.037915422885573,5.048,4.992,5.048,3.429751243781094,3.439,3.416,3.431
2,4.556557213930348,4.585,4.555,4.555,3.5059999999999993,3.506,3.506,3.506
3,5.103388059701493,5.106,5.103,5.103,2.917990049751243,2.996,2.901,2.901
