Window,Mean Valence,Max Valence,Min Valence,Median Valence,Mean Arousal,Max Arousal,Min Arousal,Median Arousal
1,5.926696517412935,6.169,5.601,5.945,2.958611940298507,3.26,2.746,2.859
2,5.43887064676617,5.505,5.426,5.43,2.7157014925373133,2.817,2.699,2.706
3,5.380114427860695,5.43,5.216,5.426,2.968487562189055,3.629,2.699,2.817
4,5.253621890547264,5.426,5.002,5.216,3.3995074626865667,3.629,2.817,3.585
5,5.0803233830845755,5.216,4.964,5.047,3.519034825870647,3.629,3.286,3.511
