Window,Mean Valence,Max Valence,Min Valence,Median Valence,Mean Arousal,Max Arousal,Min Arousal,Median Arousal
1,5.013452554744526,5.131,4.885,4.988,2.99863503649635,4.675,2.06,2.766
2,5.017999999999999,5.018,5.018,5.018,2.009591240875912,2.023,1.948,2.023
3,5.018,5.018,5.018,5.018,2.0656449275362316,2.133,2.023,2.023
4,5.017999999999999,5.018,5.018,5.018,2.138452554744526,2.143,2.114,2.143
5,5.017999999999999,5.018,5.018,5.018,2.1039999999999996,2.104,2.104,2.104
