Window,Mean Valence,Max Valence,Min Valence,Median Valence,Mean Arousal,Max Arousal,Min Arousal,Median Arousal
1,4.9624477611940305,5.0,4.695,5.0,5.0256965174129355,5.22,5.0,5.0
2,5.225293532338308,5.351,5.05,5.237,4.143,4.238,4.095,4.095
3,5.400970149253731,5.526,5.382,5.385,3.5384825870646774,3.698,3.499,3.521
