Window,Mean Valence,Max Valence,Min Valence,Median Valence,Mean Arousal,Max Arousal,Min Arousal,Median Arousal
1,4.95912,5.023,4.911,4.949,4.772235,5.0,4.615,4.678
2,5.067,5.067,5.067,5.067,4.416562189054726,4.486,4.34,4.417
3,5.067,5.067,5.067,5.067,4.308825870646767,4.34,4.223,4.34
4,5.221000000000001,5.221,5.221,5.221,3.7630497512437815,3.78,3.731,3.772
5,5.179915422885572,5.221,5.11,5.221,3.68012935323383,3.696,3.66,3.69
6,5.195249999999999,5.211,5.069,5.211,3.393999999999999,3.394,3.394,3.394
