Window,Mean Valence,Max Valence,Min Valence,Median Valence,Mean Arousal,Max Arousal,Min Arousal,Median Arousal
1,5.897274111675126,6.147,5.687,5.945,3.827868020304569,4.113,3.42,3.794
2,6.237919191919191,6.668,5.944,6.126,4.400747474747474,5.642,3.625,4.074
3,6.707005181347149,7.107,6.648,6.665,5.492963730569947,5.628,5.281,5.515
