Window,Mean Valence,Max Valence,Min Valence,Median Valence,Mean Arousal,Max Arousal,Min Arousal,Median Arousal
1,5.026656716417912,5.057,5.0,5.0,4.749383084577114,5.0,4.58,4.688
2,5.034860696517412,5.053,4.851,5.053,3.0466815920398003,3.26,2.973,3.014
3,5.106840796019902,5.118,5.091,5.118,3.4605373134328357,3.702,3.368,3.434
4,5.118000000000001,5.118,5.118,5.118,3.6172089552238806,3.761,3.415,3.702
5,5.072661691542289,5.118,5.063,5.063,3.8399751243781095,3.866,3.761,3.861
