Window,Mean Valence,Max Valence,Min Valence,Median Valence,Mean Arousal,Max Arousal,Min Arousal,Median Arousal
1,5.0,5.0,5.0,5.0,5.0,5.0,5.0,5.0
2,5.007353233830846,5.229,5.0,5.0,4.979621890547263,5.0,4.562,5.0
3,5.19757,5.463,5.0,5.221500000000001,4.61872,5.0,4.191,4.5705
