Window,Mean Valence,Max Valence,Min Valence,Median Valence,Mean Arousal,Max Arousal,Min Arousal,Median Arousal
1,5.285495,5.593,4.686,5.4315,4.517115,5.0,4.049,4.598
2,4.271875621890547,4.296,4.167,4.296,5.271592039800995,5.322,4.9,5.322
3,5.811507462686569,5.933,5.613,5.822,5.013721393034827,5.014,5.008,5.014
4,5.825482587064677,5.889,5.728,5.822,5.014000000000001,5.014,5.014,5.014
5,4.719761194029851,4.818,4.549,4.734,5.025169154228855,5.092,5.0,5.016
6,5.206761194029852,6.379,4.226,5.0,4.827611940298507,5.187,4.474,4.871
