Window,Mean Valence,Max Valence,Min Valence,Median Valence,Mean Arousal,Max Arousal,Min Arousal,Median Arousal
1,5.718228855721393,6.74,5.0,5.0,5.072114427860696,5.183,5.0,5.0
2,5.058,5.058,5.058,5.058,4.128,4.128,4.128,4.128
3,6.103695,6.654,5.058,6.392,4.1289,4.166,4.047,4.128
