Window,Mean Valence,Max Valence,Min Valence,Median Valence,Mean Arousal,Max Arousal,Min Arousal,Median Arousal
1,6.319213930348259,6.36,6.277,6.335,4.871000000000002,4.871,4.871,4.871
2,6.36,6.36,6.36,6.36,4.871000000000002,4.871,4.871,4.871
3,6.390771144278608,6.661,6.322,6.341,4.889930348258708,4.952,4.871,4.871
4,5.909567164179104,5.91,5.899,5.91,5.014159203980101,5.018,5.014,5.014
