Window,Mean Valence,Max Valence,Min Valence,Median Valence,Mean Arousal,Max Arousal,Min Arousal,Median Arousal
1,5.592209999999999,6.433,5.0,5.136,5.011225,5.058,4.961,5.0
2,5.202174129353233,5.266,5.159,5.178,4.045567164179103,4.05,4.031,4.05
3,5.293194029850747,5.316,5.266,5.304,4.0234427860696504,4.05,4.007,4.007
