Window,Mean Valence,Max Valence,Min Valence,Median Valence,Mean Arousal,Max Arousal,Min Arousal,Median Arousal
1,4.969358208955224,5.0,4.935,4.977,4.316860696517412,4.829,4.026,4.105
2,4.979845771144278,5.0,4.935,5.0,4.6816467661691545,4.829,4.105,4.747
3,5.0,5.0,5.0,5.0,4.758661691542289,4.801,4.743,4.747
4,4.9639999999999995,4.964,4.964,4.964,4.552,4.552,4.552,4.552
5,4.964731343283582,4.967,4.964,4.964,4.552,4.552,4.552,4.552
6,4.9729552238805965,5.0,4.964,4.967,4.636218905472637,5.0,4.552,4.552
7,5.6764776119402995,5.694,5.662,5.684,4.536283582089552,4.563,4.512,4.537
