Window,Mean Valence,Max Valence,Min Valence,Median Valence,Mean Arousal,Max Arousal,Min Arousal,Median Arousal
1,4.95543,5.045,4.808,4.949,2.94985,3.322,2.519,2.814
2,5.003,5.003,5.003,5.003,3.171,3.171,3.171,3.171
3,5.003,5.003,5.003,5.003,3.17165671641791,3.174,3.171,3.171
4,5.003,5.003,5.003,5.003,3.1731492537313435,3.174,3.171,3.174
5,5.003,5.003,5.003,5.003,3.1739999999999995,3.174,3.174,3.174
