Window,Mean Valence,Max Valence,Min Valence,Median Valence,Mean Arousal,Max Arousal,Min Arousal,Median Arousal
1,5.009313432835821,5.041,5.0,5.0,4.906985074626865,5.0,4.534,5.0
2,5.038915422885571,5.069,5.0,5.041,4.641149253731343,5.0,4.267,4.534
3,5.039512437810945,5.062,5.029,5.037,3.019228855721393,3.302,2.818,3.001
4,4.866,4.866,4.866,4.866,1.89581,2.12,1.726,1.9505
5,4.866,4.866,4.866,4.866,1.5825273631840795,1.653,1.402,1.593
