Window,Mean Valence,Max Valence,Min Valence,Median Valence,Mean Arousal,Max Arousal,Min Arousal,Median Arousal
1,4.991532338308458,5.0,4.926,5.0,5.042761194029851,5.34,5.0,5.0
2,4.607487562189055,5.0,3.956,4.946,4.786925373134329,5.0,4.425,5.0
3,5.319716417910447,5.957,5.0,5.0,4.914527363184079,5.0,4.738,4.941
4,5.969084577114427,5.983,5.957,5.973,4.806776119402985,4.854,4.799,4.806
5,5.930079601990049,5.983,5.835,5.976,4.875348258706468,4.941,4.806,4.854
