Window,Mean Valence,Max Valence,Min Valence,Median Valence,Mean Arousal,Max Arousal,Min Arousal,Median Arousal
1,4.987537313432837,5.023,4.929,4.983,3.5450497512437815,4.958,2.839,3.335
2,4.982975124378111,5.023,4.977,4.977,2.905835820895523,3.335,2.839,2.86
3,4.941000000000001,4.941,4.941,4.941,2.7670000000000003,2.767,2.767,2.767
