Window,Mean Valence,Max Valence,Min Valence,Median Valence,Mean Arousal,Max Arousal,Min Arousal,Median Arousal
1,5.009278606965173,5.033,5.004,5.004,3.8953880597014936,4.034,3.761,3.907
2,5.002880597014924,5.004,4.993,5.004,3.9668656716417914,4.02,3.861,3.984
3,4.906721393034827,4.993,4.826,4.91,4.037746268656715,4.062,4.02,4.038
4,4.96365671641791,5.089,4.782,5.035,3.7771044776119402,4.062,3.367,3.842
5,4.9523960396039595,4.959,4.949,4.951,3.7525643564356437,3.772,3.731,3.751
6,4.964726368159204,5.069,4.938,4.943,3.670572139303483,3.828,3.142,3.828
7,4.995149253731343,4.998,4.994,4.994,3.3063482587064676,3.313,3.304,3.304
