Window,Mean Valence,Max Valence,Min Valence,Median Valence,Mean Arousal,Max Arousal,Min Arousal,Median Arousal
1,5.3793184079601986,6.777,5.0,5.0,4.903746268656716,5.0,4.657,5.0
2,7.522915422885571,7.572,7.505,7.505,4.985248756218906,5.098,4.622,5.046
3,7.504999999999998,7.505,7.505,7.505,5.1075273631840785,5.181,5.046,5.098
4,7.405870646766169,7.539,7.351,7.351,5.073383084577115,5.108,5.025,5.093
