Window,Mean Valence,Max Valence,Min Valence,Median Valence,Mean Arousal,Max Arousal,Min Arousal,Median Arousal
1,4.999646766169154,5.0,4.929,5.0,5.0007761194029845,5.025,5.0,5.0
2,5.028248756218906,5.07,5.0,5.0,5.128452736318407,5.284,5.0,5.0
3,5.0,5.0,5.0,5.0,5.0,5.0,5.0,5.0
