Window,Mean Valence,Max Valence,Min Valence,Median Valence,Mean Arousal,Max Arousal,Min Arousal,Median Arousal
1,5.082616915422886,5.916,5.0,5.0,5.059492537313433,5.255,5.0,5.057
2,5.467741293532339,5.916,5.0,5.747,5.222532338308457,5.413,5.0,5.255
3,5.0,5.0,5.0,5.0,5.0,5.0,5.0,5.0
4,5.0,5.0,5.0,5.0,5.0,5.0,5.0,5.0
5,5.038626865671642,5.301,5.0,5.0,4.793407960199005,5.0,3.933,5.0
