Window,Mean Valence,Max Valence,Min Valence,Median Valence,Mean Arousal,Max Arousal,Min Arousal,Median Arousal
1,5.859805970149253,5.86,5.857,5.86,5.70920895522388,5.755,5.682,5.705
2,6.199034825870646,6.229,6.18,6.191,5.816945273631841,5.859,5.774,5.81
3,7.175353535353535,7.327,6.916,7.2524999999999995,6.431873737373738,6.477,6.059,6.465
