Window,Mean Valence,Max Valence,Min Valence,Median Valence,Mean Arousal,Max Arousal,Min Arousal,Median Arousal
1,5.037507462686566,5.054,5.035,5.035,3.753,3.753,3.753,3.753
2,5.053860696517414,5.054,5.052,5.054,3.7156169154228853,3.753,3.595,3.753
3,5.052,5.052,5.052,5.052,3.5949999999999998,3.595,3.595,3.595
4,5.052,5.052,5.052,5.052,3.5949999999999998,3.595,3.595,3.595
