Window,Mean Valence,Max Valence,Min Valence,Median Valence,Mean Arousal,Max Arousal,Min Arousal,Median Arousal
1,5.0950497512437805,5.096,5.095,5.095,3.7199999999999998,3.72,3.72,3.72
2,5.095547263681593,5.096,5.095,5.096,3.7202736318407954,3.729,3.72,3.72
