Window,Mean Valence,Max Valence,Min Valence,Median Valence,Mean Arousal,Max Arousal,Min Arousal,Median Arousal
1,6.926000000000001,6.926,6.926,6.926,2.191860696517413,2.2,2.184,2.192
2,6.926000000000001,6.926,6.926,6.926,2.1999999999999997,2.2,2.2,2.2
3,7.054407960199003,7.106,6.93,7.1,2.4230199004975126,2.651,2.09,2.581
4,7.1,7.1,7.1,7.1,2.581,2.581,2.581,2.581
5,7.177199004975125,7.182,7.176,7.176,2.344597014925373,2.36,2.339,2.342
