Window,Mean Valence,Max Valence,Min Valence,Median Valence,Mean Arousal,Max Arousal,Min Arousal,Median Arousal
1,4.989452736318409,5.076,4.85,5.0,4.161825870646767,5.0,3.456,4.006
2,4.9901393034825885,5.062,4.85,5.002,3.538542288557214,4.006,3.456,3.526
3,4.721000000000001,4.721,4.721,4.721,3.4824626865671635,3.486,3.43,3.486
4,4.721000000000001,4.721,4.721,4.721,3.396587064676616,3.43,3.394,3.394
5,4.721000000000001,4.721,4.721,4.721,3.3917164179104473,3.394,3.389,3.394
