Window,Mean Valence,Max Valence,Min Valence,Median Valence,Mean Arousal,Max Arousal,Min Arousal,Median Arousal
1,3.5451990049751245,3.596,3.523,3.533,2.971064676616915,3.026,2.942,2.977
2,3.5812288557213936,3.603,3.533,3.596,2.947810945273632,2.977,2.933,2.942
3,3.277960199004976,3.62,3.145,3.224,3.511064676616915,3.921,2.964,3.434
