Start,Border,End,Valence,Arousal,Valence Diff,Arousal Diff,Score,GSR_Diff,BVP_Diff,RSP_Diff,SKT_Diff,EMG_ZYGO_Diff,EMG_CORU_Diff,EMG_TRAP_Diff
271501.01,276501.01,281501.01,5.0,5.0,1.641,0.07599999999999962,3.5430909398071817,0.11400000000000077,0.5519999999999996,0.5910000000000011,0.0070000000000014495,4.148000000000001,0.7810000000000006,0.3279999999999994
291501.01,296501.01,301501.01,6.972,5.865,0.13000000000000078,0.021999999999999353,3.4459756440447906,0.17799999999999905,0.8520000000000039,1.0070000000000014,0.00999999999999801,2.013,0.08199999999999985,2.956999999999999
381501.01,386501.01,391501.01,3.514,7.408,2.765,0.2839999999999998,3.9814120472360175,0.14899999999999913,0.8620000000000019,0.6099999999999994,0.013999999999999346,10.226999999999999,0.4930000000000003,0.657
