Start,Border,End,Valence,Arousal,Valence Diff,Arousal Diff,Score,GSR_Diff,BVP_Diff,RSP_Diff,SKT_Diff,EMG_ZYGO_Diff,EMG_CORU_Diff,EMG_TRAP_Diff
1628001.01,1633001.01,1638001.01,5.177,6.459,2.189,0.8700000000000001,6.350197338701955,0.0470000000000006,1.7620000000000005,0.029000000000003467,0.00999999999999801,3.161999999999999,0.492,6.982000000000003
1678001.01,1683001.01,1688001.01,5.796,3.531,0.5329999999999995,0.46999999999999975,6.5378009238309485,0.23699999999999832,0.20299999999999585,1.7610000000000028,0.006999999999997897,16.756,0.3699999999999992,9.856000000000002
1718001.01,1723001.01,1728001.01,9.114,5.099,0.27999999999999936,0.32399999999999984,5.631272140295328,0.15800000000000125,1.3660000000000068,1.4129999999999967,0.04900000000000304,0.04100000000000037,0.08199999999999985,0.41000000000000014
