Start,Border,End,Valence,Arousal,Valence Diff,Arousal Diff,Score,GSR_Diff,BVP_Diff,RSP_Diff,SKT_Diff,EMG_ZYGO_Diff,EMG_CORU_Diff,EMG_TRAP_Diff
1706626,1711626,1716626,7.418,5.174,0.2569999999999997,0.1899999999999995,5.152364164270324,1.6359999999999992,1.8589999999999947,0.7549999999999955,0.04899999999999949,0.8220000000000001,0.08199999999999985,3.2029999999999994
1711626,1716626,1721626,7.675,5.364,0.5350000000000001,0.569,7.417021097163821,1.5410000000000004,0.15500000000000114,0.9879999999999995,0.0730000000000004,0.0810000000000004,0.12300000000000022,0.08199999999999896
1741626,1746626,1751626,8.171,6.536,0.3819999999999997,0.22999999999999954,6.135361313951815,3.2180000000000035,0.35900000000000176,2.3999999999999986,0.0659999999999954,23.039,1.0680000000000005,0.08299999999999841
1771626,1776626,1781626,8.393,5.111,0.4919999999999991,1.2650000000000006,4.985947739518188,1.3640000000000043,1.9179999999999993,0.6099999999999994,0.02500000000000213,15.934999999999999,0.45199999999999996,0.41000000000000014
