Start,Border,End,Valence,Arousal,Valence Diff,Arousal Diff,Score,GSR_Diff,BVP_Diff,RSP_Diff,SKT_Diff,EMG_ZYGO_Diff,EMG_CORU_Diff,EMG_TRAP_Diff
1032126.01,1037126.01,1042126.01,5.0,5.0,0.0,0.0,6.074141973003272,4.144000000000002,2.886000000000003,0.39699999999999847,0.23799999999999955,0.08200000000000074,0.08199999999999985,0.20599999999999952
1107126.01,1112126.01,1117126.01,6.484,4.977,1.218,0.12100000000000044,6.985120027397723,12.849000000000004,0.13600000000000279,0.8030000000000044,0.03500000000000014,15.318000000000001,0.08199999999999985,0.04100000000000037
1112126.01,1117126.01,1122126.01,7.702,4.856,1.9800000000000004,0.031000000000000583,5.09225964815935,8.607,0.929000000000002,1.7710000000000008,0.01699999999999946,13.635000000000002,0.2469999999999999,0.08200000000000074
1122126.01,1127126.01,1132126.01,8.464,4.964,0.17199999999999882,0.11300000000000043,6.025742747325994,3.4110000000000014,0.9009999999999962,1.1809999999999974,0.07699999999999818,18.151,0.16500000000000004,0.0
