Start,Border,End,Valence,Arousal,Valence Diff,Arousal Diff,Score,GSR_Diff,BVP_Diff,RSP_Diff,SKT_Diff,EMG_ZYGO_Diff,EMG_CORU_Diff,EMG_TRAP_Diff
1432876,1437876,1442876,6.196,5.016,0.7570000000000006,0.05200000000000049,8.880234783788632,0.9149999999999991,0.134999999999998,0.6769999999999996,0.0070000000000014495,1.9719999999999995,0.5750000000000002,0.4109999999999996
1462876,1467876,1472876,6.67,5.696,0.8079999999999998,0.5819999999999999,11.451778080593105,2.1129999999999995,0.7849999999999966,0.24199999999999733,0.003999999999997783,10.268000000000002,0.04100000000000037,0.20500000000000007
1487876,1492876,1497876,7.508,5.088,0.42300000000000004,0.18399999999999928,6.461422421992995,1.0049999999999955,0.19400000000000261,0.3099999999999987,0.013999999999999346,15.195,0.20500000000000007,0.4109999999999996
