Start,Border,End,Valence,Arousal,Valence Diff,Arousal Diff,Score,GSR_Diff,BVP_Diff,RSP_Diff,SKT_Diff,EMG_ZYGO_Diff,EMG_CORU_Diff,EMG_TRAP_Diff
281501.01,286501.01,291501.01,6.53,4.971,0.7840000000000007,0.02400000000000002,3.5516721541285667,0.7530000000000001,2.490000000000002,0.3200000000000003,0.0,1.642999999999999,0.12300000000000022,0.3689999999999998
286501.01,291501.01,296501.01,6.876,4.979,0.3620000000000001,0.008000000000000007,3.0527528459967783,1.754999999999999,1.2109999999999985,0.47399999999999665,0.01699999999999946,11.54,0.9450000000000003,0.04100000000000037
356501.01,361501.01,366501.01,6.856,5.071,0.3020000000000005,0.056999999999999496,3.1329084441867483,1.1630000000000003,0.34899999999999665,1.0059999999999967,0.0030000000000001137,135.771,0.2870000000000008,0.08200000000000074
366501.01,371501.01,376501.01,7.933,5.016,0.7749999999999995,0.0019999999999997797,4.007773558464361,3.4899999999999984,2.0919999999999987,0.6479999999999961,0.014000000000002899,93.184,0.2870000000000008,0.08200000000000074
