Start,Border,End,Valence,Arousal,Valence Diff,Arousal Diff,Score,GSR_Diff,BVP_Diff,RSP_Diff,SKT_Diff,EMG_ZYGO_Diff,EMG_CORU_Diff,EMG_TRAP_Diff
1037126.01,1042126.01,1047126.01,5.0,5.0,0.0,0.0,7.48887602341112,0.22900000000000098,1.7049999999999983,1.8589999999999947,0.027999999999998693,8.501,1.5199999999999996,2.628
1047126.01,1052126.01,1057126.01,5.0,5.0,0.5609999999999999,0.1070000000000002,7.206778379585319,0.051000000000000156,1.4720000000000013,0.6389999999999958,0.04200000000000159,8.254999999999999,1.7669999999999995,2.5870000000000006
1142126.01,1147126.01,1152126.01,6.131,5.016,0.0009999999999994458,0.0,7.260640291065391,0.33899999999999864,0.5519999999999996,1.1809999999999974,0.045999999999999375,3.0389999999999997,0.3700000000000001,0.3280000000000003
