Start,Border,End,Valence,Arousal,Valence Diff,Arousal Diff,Score,GSR_Diff,BVP_Diff,RSP_Diff,SKT_Diff,EMG_ZYGO_Diff,EMG_CORU_Diff,EMG_TRAP_Diff
2009751.01,2014751.01,2019751.01,5.0,5.0,0.0,0.0,10.380775093183756,4.2379999999999995,1.3469999999999942,0.20300000000000296,0.030999999999998806,1.1920000000000002,0.32899999999999974,0.0
2014751.01,2019751.01,2024751.01,5.0,5.0,0.0,0.0,13.615381393644364,2.646000000000001,2.013999999999996,0.3680000000000021,0.038000000000000256,0.657,0.3279999999999994,1.4779999999999998
2029751.01,2034751.01,2039751.01,6.032,5.103,0.8730000000000002,0.33399999999999963,6.194501338012922,7.648999999999997,0.11599999999999966,0.3580000000000041,0.0070000000000014495,85.46300000000001,0.657,6.120000000000001
