Start,Border,End,Valence,Arousal,Valence Diff,Arousal Diff,Score,GSR_Diff,BVP_Diff,RSP_Diff,SKT_Diff,EMG_ZYGO_Diff,EMG_CORU_Diff,EMG_TRAP_Diff
621626,626626,631626,7.065,6.485,0.036000000000000476,0.16100000000000048,4.207975784518811,0.0389999999999997,2.121000000000002,0.47399999999999665,0.03200000000000003,1.1909999999999998,1.5600000000000005,0.2870000000000008
641626,646626,651626,8.822,7.117,1.6070000000000002,0.20599999999999952,1.7490630731011547,1.7190000000000012,1.3269999999999982,0.2220000000000013,0.027999999999998693,2.2590000000000003,0.2469999999999999,0.041999999999999815
646626,651626,656626,9.077,7.278,0.6780000000000008,0.15800000000000036,1.5279909236028226,1.8810000000000002,0.7270000000000039,0.30000000000000426,0.03500000000000014,1.931000000000001,0.04100000000000037,0.1639999999999997
