Start,Border,End,Valence,Arousal,Valence Diff,Arousal Diff,Score,GSR_Diff,BVP_Diff,RSP_Diff,SKT_Diff,EMG_ZYGO_Diff,EMG_CORU_Diff,EMG_TRAP_Diff
346501.01,351501.01,356501.01,6.144,4.276,0.3259999999999996,0.01499999999999968,1.8792286631294075,0.038999999999997925,2.0730000000000004,0.48400000000000176,0.02500000000000213,4.681,2.423,3.942
351501.01,356501.01,361501.01,6.108,4.442,0.6479999999999997,0.006999999999999673,1.9534010663197023,0.15399999999999991,0.09700000000000131,1.8870000000000005,0.013999999999999346,3.902,4.763999999999999,0.28699999999999903
356501.01,361501.01,366501.01,6.792,4.269,2.4490000000000007,0.27500000000000036,2.8113390283573123,0.03200000000000003,1.1920000000000002,1.3260000000000005,0.01699999999999946,2.875000000000001,1.395999999999999,0.28800000000000026
371501.01,376501.01,381501.01,8.888,5.472,0.7159999999999993,0.28800000000000026,4.727125966302201,0.004000000000001336,0.6490000000000009,1.4429999999999978,0.00999999999999801,0.12299999999999933,3.1209999999999996,0.2469999999999999
381501.01,386501.01,391501.01,8.784,5.537,0.09299999999999997,0.0029999999999992255,4.976348935779835,0.007999999999999119,0.9400000000000048,0.6589999999999989,0.0030000000000001137,1.8479999999999999,1.1500000000000004,0.4109999999999996
