Start,Border,End,Valence,Arousal,Valence Diff,Arousal Diff,Score,GSR_Diff,BVP_Diff,RSP_Diff,SKT_Diff,EMG_ZYGO_Diff,EMG_CORU_Diff,EMG_TRAP_Diff
1633001.01,1638001.01,1643001.01,5.0,5.0,0.0,0.0,5.519331527925283,0.48900000000000077,0.7359999999999971,0.48400000000000176,0.19900000000000162,325.387,0.4110000000000005,1.684000000000001
1648001.01,1653001.01,1658001.01,5.0,5.0,0.15200000000000014,0.0,5.634034125318637,0.3789999999999978,0.8519999999999968,0.06800000000000495,0.19599999999999795,88.33800000000001,0.08199999999999985,0.4109999999999996
1658001.01,1663001.01,1668001.01,5.315,4.869,0.1070000000000002,0.0,5.49083216661111,0.42900000000000205,1.2399999999999949,0.14500000000000313,0.13700000000000045,30.635999999999996,0.9859999999999998,0.2060000000000004
1668001.01,1673001.01,1678001.01,5.0,5.0,0.25900000000000034,0.0,5.647037671244621,0.4770000000000003,2.6729999999999947,0.05799999999999983,0.10500000000000043,14.867,0.49299999999999944,2.0950000000000006
