Start,Border,End,Valence,Arousal,Valence Diff,Arousal Diff,Score,GSR_Diff,BVP_Diff,RSP_Diff,SKT_Diff,EMG_ZYGO_Diff,EMG_CORU_Diff,EMG_TRAP_Diff
1673001.01,1678001.01,1683001.01,9.102,5.864,0.4580000000000002,0.48099999999999987,5.199749158221108,0.03200000000000003,1.3369999999999962,0.05799999999999983,0.010000000000001563,0.9040000000000008,24.476,0.4509999999999996
1678001.01,1683001.01,1688001.01,9.5,6.312,0.254999999999999,0.2919999999999998,5.598508277768483,0.012000000000000455,0.15500000000000114,0.5909999999999975,0.010999999999999233,0.08199999999999985,25.38,0.08200000000000074
1688001.01,1693001.01,1698001.01,9.362,6.351,0.005999999999998451,0.14500000000000046,4.3080004331767086,0.09499999999999975,0.19299999999999784,0.6679999999999993,0.021000000000000796,0.5750000000000002,1.6430000000000007,0.08199999999999985
1703001.01,1708001.01,1713001.01,9.347,6.295,0.6129999999999995,0.09899999999999931,6.15431215738616,0.10299999999999976,0.21300000000000097,0.5229999999999997,0.006999999999997897,2.218,54.086999999999996,0.12399999999999967
1718001.01,1723001.01,1728001.01,8.958,6.349,0.2159999999999993,0.022999999999999687,5.484528788370712,0.08300000000000018,1.6469999999999985,0.09699999999999775,0.018000000000000682,0.9039999999999999,6.324000000000001,0.08199999999999985
1723001.01,1728001.01,1733001.01,8.958,6.362,0.4499999999999993,0.617,4.4496581130868975,0.05900000000000016,1.4819999999999993,0.07699999999999818,0.0,1.6019999999999994,20.862000000000002,0.16500000000000004
1763001.01,1768001.01,1773001.01,9.358,7.627,0.13000000000000078,0.24300000000000033,4.158318323258784,0.05099999999999927,0.2809999999999988,0.14499999999999957,0.021000000000000796,5.502999999999999,98.89200000000001,0.04099999999999948
