Start,Border,End,Valence,Arousal,Valence Diff,Arousal Diff,Score,GSR_Diff,BVP_Diff,RSP_Diff,SKT_Diff,EMG_ZYGO_Diff,EMG_CORU_Diff,EMG_TRAP_Diff
1347876.01,1352876.01,1357876.01,5.0,5.0,1.5199999999999996,0.0389999999999997,5.749306363582708,2.870000000000001,0.37699999999999534,1.181000000000001,0.006999999999997897,0.4109999999999996,0.2869999999999999,4.189
1437876.01,1442876.01,1447876.01,5.967,6.234,0.034999999999999254,0.05600000000000005,5.742428674036223,0.11400000000000077,0.2220000000000013,0.14499999999999957,0.004000000000001336,8.583,0.5739999999999998,0.24700000000000077
