Start,Border,End,Valence,Arousal,Valence Diff,Arousal Diff,Score,GSR_Diff,BVP_Diff,RSP_Diff,SKT_Diff,EMG_ZYGO_Diff,EMG_CORU_Diff,EMG_TRAP_Diff
2253501,2258501,2263501,6.145,5.236,0.8339999999999996,0.734,2.039599329381522,0.02400000000000091,1.161999999999999,0.17400000000000304,0.0070000000000014495,2.218,0.1639999999999997,0.3700000000000001
2263501,2268501,2273501,6.654,5.603,0.10899999999999999,0.0,0.9355394382937792,0.0039999999999995595,1.2980000000000018,0.17499999999999716,0.0,1.1910000000000007,0.08199999999999985,0.4109999999999996
