Start,Border,End,Score
1829001.01,1834001.01,1839001.01,4.392517811192327
1944001.01,1949001.01,1954001.01,5.636327419965884
1979001.01,1984001.01,1989001.01,3.185778117693853
1984001.01,1989001.01,1994001.01,2.829529198778203
