Start,Border,End,Score
1588876.01,1593876.01,1598876.01,6.877612142738933
1668876.01,1673876.01,1678876.01,3.453411159489153
1713876.01,1718876.01,1723876.01,4.878300972630085
1718876.01,1723876.01,1728876.01,3.1819848572736054
1738876.01,1743876.01,1748876.01,3.019078972868719
