Start,Border,End,Score
1345209.01,1350209.01,1355209.01,2.540130632093105
1485209.01,1490209.01,1495209.01,2.890592145226828
1490209.01,1495209.01,1500209.01,6.3483714605899735
