Start,Border,End,Score
1157293.01,1162293.01,1167293.01,3.4843493103538115
1162293.01,1167293.01,1172293.01,2.3856859367118712
1217293.01,1222293.01,1227293.01,3.7747781202024537
