Start,Border,End,Score
755293,760293,765293,4.211472159920856
765293,770293,775293,5.402881445744865
825293,830293,835293,3.580342710187114
875293,880293,885293,6.739432161320799
