Start,Border,End,Score
2146001.01,2151001.01,2156001.01,5.887562506901335
2161001.01,2166001.01,2171001.01,11.597832944062306
2166001.01,2171001.01,2176001.01,5.332253284423034
