Start,Border,End,Score
1325209.01,1330209.01,1335209.01,7.209975930040407
1500209.01,1505209.01,1510209.01,3.30894125104742
