Start,Border,End,Score
231501.01,236501.01,241501.01,0.5431525491983363
261501.01,266501.01,271501.01,0.5287455041441442
266501.01,271501.01,276501.01,0.5474520748288094
281501.01,286501.01,291501.01,0.8339127690317207
356501.01,361501.01,366501.01,0.4330222207319987
376501.01,381501.01,386501.01,0.410548720144466
