Start,Border,End,Score
1752209.01,1757209.01,1762209.01,9.368285750979403
1807209.01,1812209.01,1817209.01,26.80465233423473
1812209.01,1817209.01,1822209.01,7.918652331837466
