Start,Border,End,Score
351501.01,356501.01,361501.01,0.6777823449212265
361501.01,366501.01,371501.01,0.7279315455252435
366501.01,371501.01,376501.01,1.0442181708102651
381501.01,386501.01,391501.01,2.501041124999842
396501.01,401501.01,406501.01,3.0041078267700385
