Start,Border,End,Score
221501.01,226501.01,231501.01,6.8941730570801045
296501.01,301501.01,306501.01,6.865467178927666
301501.01,306501.01,311501.01,7.326101599950114
306501.01,311501.01,316501.01,5.536047358909732
361501.01,366501.01,371501.01,6.141965486157262
