Start,Border,End,Score
1087293.01,1092293.01,1097293.01,5.4848510452571215
1092293.01,1097293.01,1102293.01,5.22028103422122
1097293.01,1102293.01,1107293.01,5.142283095418218
1132293.01,1137293.01,1142293.01,5.104247851043912
1157293.01,1162293.01,1167293.01,5.74442376207738
