Start,Border,End,Score
1919001.01,1924001.01,1929001.01,2.155629396206145
1954001.01,1959001.01,1964001.01,1.0869048240863013
1969001.01,1974001.01,1979001.01,1.592599736256817
1984001.01,1989001.01,1994001.01,1.0352499129795856
1989001.01,1994001.01,1999001.01,1.5580103753615338
