Start,Border,End,Score
538501.01,543501.01,548501.01,0.6042682847644439
553501.01,558501.01,563501.01,0.8331608078041544
558501.01,563501.01,568501.01,0.8362638280784624
563501.01,568501.01,573501.01,1.82746464211125
678501.01,683501.01,688501.01,0.552713987927077
