Start,Border,End,Score
1042293,1047293,1052293,0.6705194191695445
1117293,1122293,1127293,0.9752303161455108
1142293,1147293,1152293,0.7997181013916338
1152293,1157293,1162293,0.736077780396766
1202293,1207293,1212293,0.8276472562351262
