Start,Border,End,Score
590168.01,595168.01,600168.01,3.683108717514248
605168.01,610168.01,615168.01,3.3485851245279545
615168.01,620168.01,625168.01,2.8842620248595
