Start,Border,End,Score
575168.01,580168.01,585168.01,1.9156552540044944
590168.01,595168.01,600168.01,1.792519875738294
615168.01,620168.01,625168.01,4.046511410135832
620168.01,625168.01,630168.01,2.063364192853112
630168.01,635168.01,640168.01,5.254283139137099
635168.01,640168.01,645168.01,4.937873101214921
