Start,Border,End,Score
2281001.01,2286001.01,2291001.01,3.5338791199528394
2301001.01,2306001.01,2311001.01,3.32689892672473
2321001.01,2326001.01,2331001.01,4.41671886185836
