Start,Border,End,Score
2146001.01,2151001.01,2156001.01,7.384180789725365
2156001.01,2161001.01,2166001.01,1.6155586759405107
2171001.01,2176001.01,2181001.01,2.1933196922325475
2186001.01,2191001.01,2196001.01,2.798254543741406
2196001.01,2201001.01,2206001.01,9.485624695584114
