Start,Border,End,Score
832168.01,837168.01,842168.01,1.8835672704846809
907168.01,912168.01,917168.01,3.3402051250414435
917168.01,922168.01,927168.01,2.078420455942592
922168.01,927168.01,932168.01,2.2083173271840773
947168.01,952168.01,957168.01,1.6172133323585485
