Start,Border,End,Score
221501,226501,231501,2.078839617377671
371501,376501,381501,6.769679150858886
376501,381501,386501,5.576333662961938
381501,386501,391501,2.932628714457357
