Start,Border,End,Score
815293.01,820293.01,825293.01,5.87498573674459
875293.01,880293.01,885293.01,4.645540222049643
885293.01,890293.01,895293.01,5.802772668493165
