Start,Border,End,Score
2146001.01,2151001.01,2156001.01,3.099401739569243
2196001.01,2201001.01,2206001.01,2.021335661547827
2246001.01,2251001.01,2256001.01,3.503061376485444
2301001.01,2306001.01,2311001.01,1.9387148117125284
