Start,Border,End,Score
1042293.01,1047293.01,1052293.01,7.326146893996342
1152293.01,1157293.01,1162293.01,6.924127493246863
1187293.01,1192293.01,1197293.01,5.738076409058463
