Start,Border,End,Score
1563876.01,1568876.01,1573876.01,5.998534683254999
1568876.01,1573876.01,1578876.01,4.462738052655423
1573876.01,1578876.01,1583876.01,4.029256014846352
1693876.01,1698876.01,1703876.01,4.283183031618316
1703876.01,1708876.01,1713876.01,5.972117416626849
