Start,Border,End,Score
803626.01,808626.01,813626.01,5.0309169973123655
808626.01,813626.01,818626.01,4.220047968858683
828626.01,833626.01,838626.01,12.27046102005735
853626.01,858626.01,863626.01,4.062863154836487
878626.01,883626.01,888626.01,4.58463602879273
883626.01,888626.01,893626.01,4.9744253726830125
963626.01,968626.01,973626.01,4.157970350029327
