Start,Border,End,Score
1879001.01,1884001.01,1889001.01,7.314440988896361
1909001.01,1914001.01,1919001.01,8.409371951443203
1959001.01,1964001.01,1969001.01,4.753195940810089
2004001.01,2009001.01,2014001.01,6.263614694004765
