Start,Border,End,Score
2146001.01,2151001.01,2156001.01,6.568530749711899
2156001.01,2161001.01,2166001.01,3.68246684973694
2191001.01,2196001.01,2201001.01,3.9481142860704064
2236001.01,2241001.01,2246001.01,3.105925543129034
2246001.01,2251001.01,2256001.01,3.642560973982718
2276001.01,2281001.01,2286001.01,3.229010759126237
2281001.01,2286001.01,2291001.01,4.081273487724141
