Start,Border,End,Score
2281001,2286001,2291001,1.7723632857416516
2321001,2326001,2331001,7.481694433204456
