Start,Border,End,Valence,Arousal,Valence Diff,Arousal Diff,Score,GSR_Diff,BVP_Diff,RSP_Diff,SKT_Diff,EMG_ZYGO_Diff,EMG_CORU_Diff,EMG_TRAP_Diff
221501.01,226501.01,231501.01,5.0,5.0,0.375,0.32099999999999973,6.8941730570801045,10.89,1.472999999999999,0.7259999999999991,0.02499999999999858,0.1639999999999997,0.3280000000000003,0.9450000000000003
296501.01,301501.01,306501.01,5.332,5.004,0.2400000000000002,0.0,6.865467178927666,0.9620000000000033,1.0459999999999994,0.14500000000000313,0.055999999999997385,2.4220000000000006,0.1640000000000006,0.4110000000000005
301501.01,306501.01,311501.01,5.24,5.0,0.48099999999999987,0.03900000000000059,7.326101599950114,2.475999999999999,0.367999999999995,0.03900000000000148,0.028000000000002245,23.204,0.24600000000000044,0.28800000000000026
306501.01,311501.01,316501.01,5.813,5.043,0.5759999999999996,0.09799999999999986,5.536047358909732,3.3980000000000032,0.42600000000000193,0.7650000000000006,0.05900000000000105,5.667,0.3290000000000006,0.20500000000000007
361501.01,366501.01,371501.01,6.345,5.097,0.08400000000000052,0.13100000000000023,6.141965486157262,3.403000000000006,0.020000000000003126,0.9579999999999984,0.05900000000000105,91.87,1.1920000000000002,0.4930000000000003
