Start,Border,End,Valence,Arousal,Valence Diff,Arousal Diff,Score,GSR_Diff,BVP_Diff,RSP_Diff,SKT_Diff,EMG_ZYGO_Diff,EMG_CORU_Diff,EMG_TRAP_Diff
803626.01,808626.01,813626.01,7.609,4.969,2.4779999999999998,0.019000000000000128,5.0309169973123655,1.9669999999999987,0.07800000000000296,0.028999999999999915,0.011000000000002785,7.391999999999998,4.106,8.870999999999999
808626.01,813626.01,818626.01,7.478,4.981,0.08300000000000018,0.28799999999999937,4.220047968858683,0.21300000000000097,0.6199999999999974,2.498000000000001,0.01699999999999946,4.394,4.271,6.037000000000001
828626.01,833626.01,838626.01,7.769,6.395,0.5119999999999996,0.43900000000000006,12.27046102005735,0.45700000000000074,2.0630000000000024,0.24200000000000088,0.023999999999997357,3.9429999999999996,2.5459999999999994,0.20499999999999918
853626.01,858626.01,863626.01,8.3,6.519,0.16500000000000092,0.09700000000000042,4.062863154836487,0.37099999999999866,0.2430000000000021,0.06800000000000139,0.013999999999999346,0.16500000000000092,1.7249999999999996,0.08300000000000018
878626.01,883626.01,888626.01,7.815,6.391,0.0,0.0,4.58463602879273,0.0990000000000002,0.16400000000000148,0.9200000000000017,0.0070000000000014495,14.62,1.3549999999999995,0.2469999999999999
883626.01,888626.01,893626.01,7.815,6.391,0.0,0.0,4.9744253726830125,0.05900000000000105,0.03900000000000148,0.8910000000000018,0.018000000000000682,6.5710000000000015,2.4640000000000004,0.4930000000000003
963626.01,968626.01,973626.01,8.445,6.612,0.013999999999999346,0.14999999999999947,4.157970350029327,0.35800000000000054,0.30100000000000193,1.9549999999999983,0.0030000000000001137,10.678,1.766,0.04100000000000037
