Start,Border,End,Valence,Arousal,Valence Diff,Arousal Diff,Score,GSR_Diff,BVP_Diff,RSP_Diff,SKT_Diff,EMG_ZYGO_Diff,EMG_CORU_Diff,EMG_TRAP_Diff
1879001.01,1884001.01,1889001.01,6.871,5.579,0.6320000000000006,0.2400000000000002,7.314440988896361,0.10699999999999976,1.1140000000000043,0.36699999999999733,0.02400000000000091,3.613999999999999,0.20500000000000007,0.738999999999999
1909001.01,1914001.01,1919001.01,7.197,7.353,0.15200000000000014,0.06600000000000072,8.409371951443203,0.008000000000000007,1.036999999999999,2.1970000000000027,0.004000000000001336,25.339,0.8619999999999983,0.04100000000000037
1959001.01,1964001.01,1969001.01,6.578,6.32,0.09600000000000009,0.7000000000000002,4.753195940810089,0.052000000000000046,1.607999999999997,0.24199999999999733,0.014000000000002899,48.748,0.9859999999999998,0.9029999999999996
2004001.01,2009001.01,2014001.01,6.658,7.684,1.1869999999999994,0.8550000000000004,6.263614694004765,0.23199999999999932,0.4160000000000039,0.7259999999999991,0.004000000000001336,1.5199999999999996,1.8899999999999997,0.41000000000000014
