Start,Border,End,Valence,Arousal,Valence Diff,Arousal Diff,Score,GSR_Diff,BVP_Diff,RSP_Diff,SKT_Diff,EMG_ZYGO_Diff,EMG_CORU_Diff,EMG_TRAP_Diff
1829001.01,1834001.01,1839001.01,5.0,5.0,0.4740000000000002,0.16699999999999982,4.392517811192327,2.993000000000002,0.21399999999999864,0.48400000000000176,0.022000000000002018,1.2730000000000006,0.7390000000000008,3.6960000000000015
1944001.01,1949001.01,1954001.01,5.495,3.893,0.04400000000000048,0.05799999999999983,5.636327419965884,1.0090000000000003,0.43599999999999994,0.009000000000000341,0.00999999999999801,3.737000000000001,4.106999999999999,1.971
1979001.01,1984001.01,1989001.01,6.544,3.717,1.2390000000000008,0.7960000000000003,3.185778117693853,0.7370000000000019,0.5519999999999996,1.4810000000000016,0.0070000000000014495,20.699,0.3689999999999998,6.242000000000001
1984001.01,1989001.01,1994001.01,7.424,4.503,0.9980000000000002,0.6380000000000003,2.829529198778203,0.8829999999999991,1.5499999999999972,1.365000000000002,0.0070000000000014495,0.5750000000000002,0.04099999999999948,12.607999999999997
