Start,Border,End,Valence,Arousal,Valence Diff,Arousal Diff,Score,GSR_Diff,BVP_Diff,RSP_Diff,SKT_Diff,EMG_ZYGO_Diff,EMG_CORU_Diff,EMG_TRAP_Diff
815293.01,820293.01,825293.01,8.633,6.178,0.016000000000000014,0.08099999999999952,5.87498573674459,0.07500000000000107,1.1329999999999956,1.578000000000003,0.07700000000000173,1.766,0.9040000000000008,6.4879999999999995
875293.01,880293.01,885293.01,5.649,7.858,0.7360000000000007,0.5940000000000003,4.645540222049643,0.15000000000000036,5.792999999999999,0.4170000000000016,0.0730000000000004,6.94,0.6580000000000004,0.4519999999999982
885293.01,890293.01,895293.01,7.439,7.95,1.0539999999999994,0.4980000000000002,5.802772668493165,0.07899999999999885,4.146000000000001,2.885000000000005,0.0710000000000015,3.450000000000001,1.149,2.176000000000002
