Start,Border,End,Valence,Arousal,Valence Diff,Arousal Diff,Score,GSR_Diff,BVP_Diff,RSP_Diff,SKT_Diff,EMG_ZYGO_Diff,EMG_CORU_Diff,EMG_TRAP_Diff
2281001,2286001,2291001,7.08,7.113,0.28800000000000026,0.7789999999999999,1.7723632857416516,0.09799999999999898,0.5039999999999978,0.30000000000000426,0.014000000000002899,0.3699999999999992,2.4640000000000004,0.45199999999999996
2321001,2326001,2331001,7.231,7.428,0.019000000000000128,0.13999999999999968,7.481694433204456,0.3429999999999964,1.0260000000000034,0.04800000000000182,0.010999999999999233,0.5339999999999998,3.9429999999999996,0.3279999999999994
