Start,Border,End,Valence,Arousal,Valence Diff,Arousal Diff,Score,GSR_Diff,BVP_Diff,RSP_Diff,SKT_Diff,EMG_ZYGO_Diff,EMG_CORU_Diff,EMG_TRAP_Diff
1325209.01,1330209.01,1335209.01,5.0,5.0,0.0,0.0,7.209975930040407,5.8580000000000005,1.4239999999999995,0.028999999999999915,0.013999999999999346,3.409,0.12299999999999933,5.75
1500209.01,1505209.01,1510209.01,6.777,5.696,0.052999999999999936,0.11199999999999921,3.30894125104742,0.0990000000000002,2.4409999999999954,0.0779999999999994,0.0589999999999975,2.4639999999999986,0.6569999999999991,0.2879999999999967
