Start,Border,End,Valence,Arousal,Valence Diff,Arousal Diff,Score,GSR_Diff,BVP_Diff,RSP_Diff,SKT_Diff,EMG_ZYGO_Diff,EMG_CORU_Diff,EMG_TRAP_Diff
1042293.01,1047293.01,1052293.01,5.781,4.99,0.6420000000000003,0.030999999999999694,7.326146893996342,0.3670000000000009,1.0260000000000034,0.19299999999999784,0.03200000000000003,4.0660000000000025,0.08199999999999985,0.1639999999999997
1152293.01,1157293.01,1162293.01,6.137,5.214,0.14499999999999957,0.1559999999999997,6.924127493246863,0.6149999999999984,0.4649999999999963,0.33899999999999864,0.04499999999999815,10.472000000000001,2.875,0.04100000000000037
1187293.01,1192293.01,1197293.01,7.368,5.227,0.6499999999999995,0.3520000000000003,5.738076409058463,0.5790000000000006,0.20300000000000296,0.07699999999999818,0.05600000000000094,4.311999999999998,3.0799999999999983,1.4369999999999994
