Start,Border,End,Valence,Arousal,Valence Diff,Arousal Diff,Score,GSR_Diff,BVP_Diff,RSP_Diff,SKT_Diff,EMG_ZYGO_Diff,EMG_CORU_Diff,EMG_TRAP_Diff
755293,760293,765293,6.625,4.902,0.39500000000000046,0.8010000000000002,4.211472159920856,0.30400000000000027,1.0459999999999994,0.06800000000000139,0.010999999999999233,4.599,0.5750000000000002,0.2469999999999999
765293,770293,775293,6.263,5.196,0.4800000000000004,0.5540000000000003,5.402881445744865,0.2840000000000007,1.5689999999999955,1.5100000000000016,0.022000000000002018,13.469999999999999,0.5750000000000002,0.4109999999999996
825293,830293,835293,5.0,5.0,0.5090000000000003,0.8780000000000001,3.580342710187114,0.17800000000000082,0.2330000000000041,0.42600000000000193,0.02400000000000091,4.106000000000001,1.396,1.4369999999999994
875293,880293,885293,5.688,5.087,0.9060000000000006,0.09799999999999986,6.739432161320799,0.22500000000000142,0.5130000000000052,1.152000000000001,0.006999999999997897,10.103,0.4510000000000005,0.2869999999999999
