Start,Border,End,Valence,Arousal,Valence Diff,Arousal Diff,Score,GSR_Diff,BVP_Diff,RSP_Diff,SKT_Diff,EMG_ZYGO_Diff,EMG_CORU_Diff,EMG_TRAP_Diff
575168.01,580168.01,585168.01,3.082,5.662,0.16199999999999992,0.508,1.9156552540044944,0.02800000000000047,0.05799999999999983,0.3000000000000007,0.010999999999999233,0.6989999999999998,5.257,0.4509999999999996
590168.01,595168.01,600168.01,2.984,5.342,0.08999999999999986,1.4400000000000004,1.792519875738294,0.058999999999999275,1.8789999999999978,1.0159999999999982,0.0070000000000014495,0.04100000000000037,0.32899999999999974,0.2869999999999999
615168.01,620168.01,625168.01,2.709,6.868,3.616,1.3780000000000001,4.046511410135832,1.5810000000000013,1.5110000000000028,0.4549999999999983,0.003999999999997783,4.025,1.6429999999999998,0.36900000000000066
620168.01,625168.01,630168.01,6.17,5.696,4.0489999999999995,1.2469999999999999,2.063364192853112,2.1529999999999987,2.8089999999999975,0.16399999999999793,0.006999999999997897,6.406000000000001,1.2729999999999997,3.6549999999999994
630168.01,635168.01,640168.01,7.775,5.845,1.12,0.2579999999999991,5.254283139137099,2.586000000000002,1.9179999999999993,0.06700000000000017,0.010000000000001563,1.3969999999999985,0.04100000000000037,0.16400000000000148
635168.01,640168.01,645168.01,7.878,5.879,0.26099999999999923,0.001000000000000334,4.937873101214921,2.8470000000000013,1.899000000000001,0.16499999999999915,0.0070000000000014495,0.6159999999999997,0.12299999999999933,5.955
