Start,Border,End,Valence,Arousal,Valence Diff,Arousal Diff,Score,GSR_Diff,BVP_Diff,RSP_Diff,SKT_Diff,EMG_ZYGO_Diff,EMG_CORU_Diff,EMG_TRAP_Diff
590168.01,595168.01,600168.01,7.224,6.312,1.363999999999999,0.0129999999999999,3.683108717514248,0.04699999999999971,1.617999999999995,0.05799999999999983,0.014000000000002899,2.2589999999999995,26.325000000000003,0.2469999999999999
605168.01,610168.01,615168.01,8.621,6.021,0.27699999999999925,0.49100000000000055,3.3485851245279545,0.04699999999999971,0.04800000000000182,0.1739999999999995,0.021000000000000796,0.657,13.552000000000001,0.08199999999999985
615168.01,620168.01,625168.01,9.06,6.196,0.09200000000000053,0.7370000000000001,2.8842620248595,0.020000000000000462,0.9979999999999976,0.19399999999999906,0.0030000000000001137,1.2729999999999997,0.041999999999999815,0.041999999999999815
