Start,Border,End,Valence,Arousal,Valence Diff,Arousal Diff,Score,GSR_Diff,BVP_Diff,RSP_Diff,SKT_Diff,EMG_ZYGO_Diff,EMG_CORU_Diff,EMG_TRAP_Diff
1087293.01,1092293.01,1097293.01,7.503,4.906,0.6699999999999999,0.23399999999999999,5.4848510452571215,0.48900000000000077,0.1739999999999995,0.19399999999999906,0.021000000000000796,16.346,0.6980000000000004,0.12299999999999756
1092293.01,1097293.01,1102293.01,8.173,5.14,0.6959999999999997,0.27800000000000047,5.22028103422122,0.5359999999999978,0.9399999999999977,0.26099999999999923,0.0030000000000001137,25.380000000000003,0.5339999999999998,1.314
1097293.01,1102293.01,1107293.01,8.199,5.184,0.013999999999999346,0.07800000000000029,5.142283095418218,0.8710000000000022,0.7169999999999987,0.23199999999999932,0.013999999999999346,19.425,0.9450000000000003,4.639999999999999
1132293.01,1137293.01,1142293.01,8.695,4.528,0.053000000000000824,0.01100000000000012,5.104247851043912,0.602999999999998,0.7070000000000007,2.0420000000000016,0.01699999999999946,6.653999999999998,1.4370000000000003,8.871
1157293.01,1162293.01,1167293.01,8.805,4.576,0.25399999999999956,0.05400000000000027,5.74442376207738,0.5990000000000002,1.841000000000001,1.548999999999996,0.02500000000000213,3.4909999999999997,0.12300000000000022,2.9160000000000004
