Start,Border,End,Valence,Arousal,Valence Diff,Arousal Diff,Score,GSR_Diff,BVP_Diff,RSP_Diff,SKT_Diff,EMG_ZYGO_Diff,EMG_CORU_Diff,EMG_TRAP_Diff
1919001.01,1924001.01,1929001.01,5.0,5.0,0.6710000000000003,0.5629999999999997,2.155629396206145,0.008000000000000007,0.7259999999999991,0.0,0.006999999999997897,1.479,1.314,0.0
1954001.01,1959001.01,1964001.01,7.004,5.09,0.001000000000000334,0.020999999999999908,1.0869048240863013,0.1349999999999998,0.0379999999999967,0.3290000000000006,0.004000000000001336,0.0,0.20500000000000007,0.657
1969001.01,1974001.01,1979001.01,7.063,5.108,0.04999999999999982,0.09100000000000019,1.592599736256817,0.040000000000000036,0.7269999999999968,0.8999999999999986,0.004000000000001336,2.505,0.8209999999999997,4.023999999999999
1984001.01,1989001.01,1994001.01,7.126,5.259,0.09000000000000075,0.05900000000000016,1.0352499129795856,0.016000000000000014,0.9289999999999949,0.3290000000000006,0.013999999999999346,3.285,2.2589999999999995,1.2730000000000006
1989001.01,1994001.01,1999001.01,7.036,5.207,0.13900000000000023,0.2110000000000003,1.5580103753615338,0.004000000000000448,0.5910000000000011,0.4549999999999983,0.006999999999997897,6.079000000000001,0.2869999999999999,1.4789999999999992
