Window,Mean Valence,Max Valence,Min Valence,Median Valence,Mean Arousal,Max Arousal,Min Arousal,Median Arousal
1,7.301746268656716,7.345,7.204,7.305,5.615855721393035,5.69,5.56,5.596
2,7.352512437810943,7.41,7.288,7.404,5.058880597014925,5.246,5.001,5.065
3,7.252353233830845,7.362,7.2,7.22,5.0840000000000005,5.084,5.084,5.084
