Window,Mean Valence,Max Valence,Min Valence,Median Valence,Mean Arousal,Max Arousal,Min Arousal,Median Arousal
1,5.409497512437812,5.706,5.325,5.325,4.982184079601989,4.983,4.981,4.983
2,6.375940298507463,6.376,6.366,6.376,5.0029701492537315,5.043,5.001,5.001
3,6.366572139303483,6.495,6.306,6.307,5.002880597014927,5.017,4.96,5.017
4,7.082756218905471,7.139,6.933,7.106,4.969741293532338,5.018,4.931,4.979
