Window,Mean Valence,Max Valence,Min Valence,Median Valence,Mean Arousal,Max Arousal,Min Arousal,Median Arousal
1,5.0,5.0,5.0,5.0,5.0,5.0,5.0,5.0
2,6.6848656716417905,7.702,6.484,6.484,4.9571293532338325,4.977,4.855,4.977
3,7.511049751243781,8.464,6.484,7.702,4.918636815920398,4.977,4.855,4.932
4,8.526059701492537,8.636,8.464,8.464,4.9664726368159196,5.059,4.946,4.964
