Window,Mean Valence,Max Valence,Min Valence,Median Valence,Mean Arousal,Max Arousal,Min Arousal,Median Arousal
1,5.41479104477612,6.246,5.0,5.336,4.673164179104478,5.0,4.219,4.666
2,6.239114427860697,6.366,6.168,6.205,3.394089552238806,3.453,3.31,3.418
3,6.745467661691542,6.955,6.366,6.862,3.145019900497513,3.32,2.936,3.149
4,6.916781094527361,6.966,6.862,6.955,3.1471044776119403,3.197,3.109,3.149
5,7.429467661691543,7.613,7.316,7.37,3.5784129353233833,3.78,3.343,3.58
6,7.625233830845771,7.892,7.254,7.797,4.132019900497513,4.551,3.474,4.147
7,7.467646766169153,7.808,7.254,7.468,3.673159203980099,4.551,3.032,3.474
