Window,Mean Valence,Max Valence,Min Valence,Median Valence,Mean Arousal,Max Arousal,Min Arousal,Median Arousal
1,6.116492537313433,7.134,5.0,6.514,5.02450248756219,5.596,4.631,5.0
2,6.736477611940297,6.815,6.722,6.722,6.752980099502488,7.056,6.686,6.736
3,6.288114427860696,6.412,6.286,6.286,6.495676616915423,6.548,6.48,6.491
4,6.237129353233831,7.2,5.297,6.258,6.032731343283583,6.358,5.842,6.003
