Window,Mean Valence,Max Valence,Min Valence,Median Valence,Mean Arousal,Max Arousal,Min Arousal,Median Arousal
1,5.60821393034826,6.641,5.0,5.0,4.968039800995025,5.076,4.681,5.0
2,6.956870646766169,6.988,6.858,6.972,5.894328358208956,6.022,5.865,5.865
3,4.436049751243781,6.41,3.514,3.514,7.231467661691543,7.42,6.628,7.362
