Window,Mean Valence,Max Valence,Min Valence,Median Valence,Mean Arousal,Max Arousal,Min Arousal,Median Arousal
1,5.158621890547265,6.053,5.054,5.054,5.028014925373134,5.231,5.0,5.0
2,7.969407960199005,8.189,7.668,8.079,7.2290845771144285,7.393,7.06,7.257
3,7.355950248756218,7.668,7.084,7.404,6.590661691542291,7.06,6.272,6.653
