Window,Mean Valence,Max Valence,Min Valence,Median Valence,Mean Arousal,Max Arousal,Min Arousal,Median Arousal
1,5.164572139303483,5.7,5.0,5.102,4.961383084577115,5.0,4.916,4.957
2,6.04455,6.828,5.874,5.919,4.71193,4.926,4.503,4.711
3,6.062845771144278,6.236,5.919,6.03,4.92558208955224,4.926,4.923,4.926
4,6.426890547263681,6.526,6.331,6.433,4.937,4.937,4.937,4.937
