Window,Mean Valence,Max Valence,Min Valence,Median Valence,Mean Arousal,Max Arousal,Min Arousal,Median Arousal
1,6.8690348258706475,6.971,6.608,6.929,5.5124776119403,5.584,5.404,5.52
2,7.143691542288558,7.369,6.971,7.004,5.592298507462687,5.625,5.584,5.584
