Window,Mean Valence,Max Valence,Min Valence,Median Valence,Mean Arousal,Max Arousal,Min Arousal,Median Arousal
1,7.336398009950249,7.491,7.118,7.32,4.868557213930348,4.934,4.776,4.909
2,7.549402985074626,7.64,7.491,7.491,4.880751243781094,4.988,4.655,4.887
3,7.4874378109452735,7.546,7.446,7.491,4.93289552238806,5.034,4.73,4.896
4,7.440646766169153,7.454,7.399,7.447,5.136557213930349,5.22,4.925,5.152
5,7.3221243781094545,7.419,7.282,7.322,5.182144278606964,5.26,5.084,5.196
