Window,Mean Valence,Max Valence,Min Valence,Median Valence,Mean Arousal,Max Arousal,Min Arousal,Median Arousal
1,5.3519651741293535,5.912,5.0,5.0,5.064109452736319,5.227,5.0,5.0
2,5.976791044776119,6.002,5.946,5.986,5.165850746268656,5.185,5.156,5.172
3,6.43210945273632,7.255,5.944,6.565,5.106,5.189,5.009,5.147
4,6.897134328358209,6.95,6.878,6.878,6.684179104477612,6.721,6.612,6.697
5,7.138855721393034,8.0,6.878,7.075,5.939855721393035,6.682,5.052,5.827
