Window,Mean Valence,Max Valence,Min Valence,Median Valence,Mean Arousal,Max Arousal,Min Arousal,Median Arousal
1,6.375823232323232,6.656,6.021,6.455,5.120212121212122,5.292,4.758,5.215
2,6.378572139303482,6.664,6.171,6.258,5.1400746268656725,5.188,4.991,5.167
3,6.568985074626865,6.664,6.258,6.56,5.131865671641791,5.167,4.991,5.167
4,7.243870646766171,8.278,6.816,6.885,6.571432835820897,6.898,6.297,6.5
5,8.376960199004975,9.127,6.871,8.273,5.768099502487562,6.604,5.093,5.868
