Window,Mean Valence,Max Valence,Min Valence,Median Valence,Mean Arousal,Max Arousal,Min Arousal,Median Arousal
1,6.7283333333333335,7.296,6.592,6.592,4.962990049751244,4.998,4.841,4.998
2,7.376407960199006,7.397,7.296,7.384,4.955930348258706,5.076,4.81,4.957
3,7.527562189054726,7.934,7.384,7.397,5.030935323383085,5.096,4.957,5.038
4,7.8292587064676615,8.037,7.397,7.934,4.989388059701493,5.096,4.92,4.974
