Window,Mean Valence,Max Valence,Min Valence,Median Valence,Mean Arousal,Max Arousal,Min Arousal,Median Arousal
1,6.054039800995025,6.144,5.782,6.108,4.384537313432835,4.483,4.273,4.432
2,6.235119402985075,6.792,6.108,6.109,4.390542288557214,4.483,4.269,4.416
3,7.208850746268657,8.557,6.108,6.792,4.303164179104479,4.442,4.167,4.269
4,8.888179104477613,9.5,8.784,8.887,5.439472636815922,5.565,5.277,5.472
5,8.836626865671644,8.946,8.784,8.784,5.60163184079602,5.768,5.537,5.565
