Window,Mean Valence,Max Valence,Min Valence,Median Valence,Mean Arousal,Max Arousal,Min Arousal,Median Arousal
1,6.374746268656716,6.972,6.196,6.196,4.9747562189054735,5.043,4.796,4.99
2,6.764432835820896,7.184,6.376,6.67,5.679537313432836,5.94,5.302,5.696
3,7.485318407960199,7.628,7.205,7.508,5.13963184079602,5.518,5.086,5.088
