Window,Mean Valence,Max Valence,Min Valence,Median Valence,Mean Arousal,Max Arousal,Min Arousal,Median Arousal
1,5.0,5.0,5.0,5.0,5.04834328358209,5.188,5.0,5.032
2,5.0,5.0,5.0,5.0,5.099776119402986,5.107,5.092,5.104
3,7.140980099502488,7.489,6.878,7.081,5.337681592039802,5.45,5.213,5.335
