Window,Mean Valence,Max Valence,Min Valence,Median Valence,Mean Arousal,Max Arousal,Min Arousal,Median Arousal
1,5.8015323383084585,5.831,5.729,5.83,4.891756218905472,4.892,4.891,4.892
2,5.958482587064678,6.444,5.445,5.853,4.951034825870647,4.989,4.82,4.968
3,5.067,5.067,5.067,5.067,5.0,5.0,5.0,5.0
4,4.246199004975124,4.882,3.884,4.109,5.665651741293532,5.752,5.491,5.688
