Window,Mean Valence,Max Valence,Min Valence,Median Valence,Mean Arousal,Max Arousal,Min Arousal,Median Arousal
1,5.606189054726368,6.873,5.0,5.0,5.205462686567164,5.875,4.969,5.0
2,6.703860696517413,7.086,6.201,6.689,7.6670099502487545,8.055,7.224,7.643
3,6.937875621890547,7.086,6.663,7.023,7.9112985074626865,8.07,7.624,7.91
4,7.022999999999998,7.023,7.023,7.023,8.271482587064675,8.396,8.163,8.271
5,7.011646766169154,7.202,6.63,6.993,7.882736318407961,8.187,7.242,7.979
