Window,Mean Valence,Max Valence,Min Valence,Median Valence,Mean Arousal,Max Arousal,Min Arousal,Median Arousal
1,5.602208955223881,7.189,5.0,5.177,5.885512437810944,6.459,5.0,6.133
2,5.82115422885572,6.084,5.425,5.796,4.088034825870648,4.983,3.488,4.206
3,9.175781094527366,9.394,9.114,9.114,5.018611940298508,5.099,4.775,5.099
