Window,Mean Valence,Max Valence,Min Valence,Median Valence,Mean Arousal,Max Arousal,Min Arousal,Median Arousal
1,7.061567164179104,7.065,7.029,7.065,6.4880199004975125,6.591,6.43,6.485
2,8.710567164179105,9.077,7.47,8.822,7.141880597014926,7.278,7.042,7.117
3,9.162000000000003,9.5,8.822,9.077,7.229283582089551,7.29,7.117,7.258
