Window,Mean Valence,Max Valence,Min Valence,Median Valence,Mean Arousal,Max Arousal,Min Arousal,Median Arousal
1,5.0,5.0,5.0,5.0,5.0,5.0,5.0,5.0
2,5.0436700000000005,5.152,5.0,5.0,5.0,5.0,5.0,5.0
3,5.286203980099502,5.315,5.152,5.308,4.908567164179105,5.0,4.846,4.915
4,5.081547263681593,5.259,5.0,5.0,5.0,5.0,5.0,5.0
