Window,Mean Valence,Max Valence,Min Valence,Median Valence,Mean Arousal,Max Arousal,Min Arousal,Median Arousal
1,5.673786069651742,6.892,5.0,5.0,4.992855721393035,5.093,4.822,5.0
2,5.950681592039801,5.967,5.932,5.967,6.280273631840796,6.327,6.223,6.261
