Window,Mean Valence,Max Valence,Min Valence,Median Valence,Mean Arousal,Max Arousal,Min Arousal,Median Arousal
1,4.940004975124379,4.954,4.931,4.942,5.4166567164179105,5.553,5.346,5.404
2,4.921999999999998,4.922,4.922,4.922,5.61134328358209,5.644,5.574,5.614
3,4.952970149253731,4.975,4.922,4.97,5.905830845771145,5.994,5.644,5.99
