Window,Mean Valence,Max Valence,Min Valence,Median Valence,Mean Arousal,Max Arousal,Min Arousal,Median Arousal
1,6.525298507462686,6.876,6.092,6.53,4.9649203980099506,4.979,4.943,4.971
2,6.820233830845772,6.892,6.53,6.876,4.977472636815921,4.979,4.971,4.979
3,6.981059701492537,7.158,6.856,6.856,5.050323383084577,5.071,5.014,5.071
4,7.658422885572137,7.933,7.158,7.933,5.015228855721392,5.016,5.014,5.016
