Window,Mean Valence,Max Valence,Min Valence,Median Valence,Mean Arousal,Max Arousal,Min Arousal,Median Arousal
1,5.0,5.0,5.0,5.0,5.0,5.0,5.0,5.0
2,5.102283582089553,5.561,5.0,5.0,4.990452736318408,5.0,4.889,5.0
3,6.131119402985075,6.132,6.131,6.131,5.015999999999998,5.016,5.016,5.016
