Window,Mean Valence,Max Valence,Min Valence,Median Valence,Mean Arousal,Max Arousal,Min Arousal,Median Arousal
1,6.064344999999999,6.56,5.726,6.138,5.207925,5.603,4.869,5.225
2,6.655371859296481,6.669,6.56,6.654,5.602999999999999,5.603,5.603,5.603
