Window,Mean Valence,Max Valence,Min Valence,Median Valence,Mean Arousal,Max Arousal,Min Arousal,Median Arousal
1,9.223134328358208,9.5,9.042,9.102,5.933253731343284,6.312,5.831,5.864
2,9.3291592039801,9.5,8.85,9.357,6.100303482587063,6.312,5.864,6.148
3,9.35726368159204,9.368,9.351,9.357,6.278154228855722,6.45,6.156,6.301
4,9.084213930348259,9.396,8.66,9.347,6.33528855721393,6.439,6.22,6.299
5,8.790223880597015,8.958,8.33,8.958,6.362800995024876,6.386,6.347,6.349
6,9.096303482587064,9.408,8.958,8.958,6.531144278606965,6.966,6.347,6.362
7,9.341636815920399,9.487,8.98,9.358,7.567890547263683,7.629,7.3,7.621
