Window,Mean Valence,Max Valence,Min Valence,Median Valence,Mean Arousal,Max Arousal,Min Arousal,Median Arousal
1,7.501019900497512,7.675,7.418,7.418,5.219810945273632,5.364,5.174,5.174
2,7.68933830845771,7.953,7.418,7.675,5.413975124378109,5.743,5.174,5.364
3,8.236751243781093,8.584,8.171,8.171,6.5878208955223885,6.824,6.526,6.548
4,8.442691542288559,8.885,8.323,8.393,5.336686567164179,6.376,5.111,5.111
