Video,Mean Arousal All,Max Arousal All,Min Arousal All,Median Arousal All,Mean Arousal Probed,Max Arousal Probed,Min Arousal Probed,Median Arousal Probed
1,5.5353580570301855,9.013,3.164,5.248,5.596037578423919,9.013,3.552,5.6240000000000006
2,5.270664392988168,8.414,1.71,5.0085,5.415748527740088,8.396,2.936,5.1015
3,3.9377680731452434,7.005,0.509,3.7720000000000002,4.085943982988464,6.375,0.509,4.844
4,4.091807307884113,6.477,0.5,3.8365,4.1233348221382995,6.477,1.402,4.0649999999999995
5,4.124834471849155,6.291,0.5,4.11525,4.199946001520425,5.937,0.5,4.337
6,4.900606543560505,6.83,2.905,5.0,4.8948270048866025,6.609,2.912,5.0
7,7.132122831673511,9.5,1.023,7.200749999999999,7.601397837103648,9.5,1.023,7.711
8,6.61345194947981,9.5,3.018,6.45,7.244067658524198,9.5,4.287,7.417
