Video,Mean Valence All,Max Valence All,Min Valence All,Median Valence All,Mean Valence Probed,Max Valence Probed,Min Valence Probed,Median Valence Probed
1,6.4209666078957275,9.5,1.763,6.266500000000001,6.497275832214089,9.5,1.883,6.284750000000001
2,6.373207891260262,9.5,3.058,6.1695,6.554366438121081,9.5,3.514,6.5625
3,4.903910792759664,7.39,2.42,5.0,4.919465108183259,7.39,2.967,5.0
4,5.263112686935015,7.943,2.686,5.009,5.308248258802528,7.572,3.145,5.05
5,5.863898633257992,9.5,1.163,6.0525,5.895201944625997,9.5,1.8,5.84525
6,5.652811794700713,9.206,2.717,5.397500000000001,5.607825214650947,7.705,2.981,5.702500000000001
7,3.3202315261105064,7.813,0.5,2.88775,3.0526532837823597,7.513,0.5,3.2005
8,3.962477657029137,8.919,0.5,4.6135,3.2982339139663948,6.871,0.5,3.1985
