Start,Border,End,Valence,Arousal,Valence Diff,Arousal Diff,Score,GSR_Diff,BVP_Diff,RSP_Diff,SKT_Diff,EMG_ZYGO_Diff,EMG_CORU_Diff,EMG_TRAP_Diff
1883376,1888376,1893376,5.048,3.431,0.05600000000000005,0.02300000000000013,5.6093046364162245,0.2759999999999998,0.9390000000000001,0.3680000000000021,0.0070000000000014495,11.581,4.2299999999999995,1.971
1928376,1933376,1938376,4.555,3.506,0.03000000000000025,0.0,5.84743023882192,0.11400000000000077,1.9279999999999973,0.16399999999999793,0.0030000000000001137,18.604,6.284000000000001,2.6690000000000005
2008376,2013376,2018376,5.103,2.901,0.0030000000000001137,0.008000000000000007,19.683703421695245,0.10999999999999943,1.607999999999997,0.06800000000000139,0.006999999999997897,13.100999999999999,4.024,0.8209999999999997
