Start,Border,End,Valence,Arousal,Valence Diff,Arousal Diff,Score,GSR_Diff,BVP_Diff,RSP_Diff,SKT_Diff,EMG_ZYGO_Diff,EMG_CORU_Diff,EMG_TRAP_Diff
757001.01,762001.01,767001.01,5.004,3.861,0.029000000000000803,0.04999999999999982,0.4668401261694247,0.6039999999999992,0.9399999999999977,0.2710000000000008,0.010000000000001563,0.3689999999999998,0.45199999999999996,1.971
762001.01,767001.01,772001.01,5.004,3.984,0.010999999999999233,0.15899999999999936,0.6880809718784922,0.5760000000000005,1.5690000000000026,1.1030000000000015,0.013999999999999346,0.12399999999999967,0.5339999999999998,29.732999999999997
772001.01,777001.01,782001.01,4.91,4.038,0.1670000000000007,0.0420000000000007,0.4525538938122563,0.6859999999999999,0.0,0.2809999999999988,0.021000000000000796,0.08200000000000074,0.7799999999999994,16.878999999999998
792001.01,797001.01,802001.01,5.089,3.858,0.22100000000000009,0.49600000000000044,0.4569336537747123,0.8079999999999998,0.01899999999999835,0.03900000000000148,0.03200000000000003,0.28799999999999937,1.1489999999999991,17.537000000000003
817001.01,822001.01,827001.01,4.951,3.751,0.009999999999999787,0.040999999999999925,0.4736404911131008,0.8559999999999981,1.006999999999998,0.08699999999999619,0.021000000000000796,0.0,0.5339999999999989,12.197000000000001
857001.01,862001.01,867001.01,4.943,3.828,0.0730000000000004,0.544,1.626975618802071,0.5719999999999992,2.6729999999999947,0.30000000000000426,0.003999999999997783,0.9030000000000005,0.8210000000000015,13.758
877001.01,882001.01,887001.01,4.994,3.304,0.004000000000000448,0.009000000000000341,0.6234182620356914,0.5670000000000002,0.3290000000000006,0.7939999999999969,0.021000000000000796,0.04099999999999948,1.8480000000000008,11.992
