Start,Border,End,Valence,Arousal,Valence Diff,Arousal Diff,Score,GSR_Diff,BVP_Diff,RSP_Diff,SKT_Diff,EMG_ZYGO_Diff,EMG_CORU_Diff,EMG_TRAP_Diff
1947709.01,1952709.01,1957709.01,5.0,5.057,0.9160000000000004,0.1979999999999995,0.9023101910647046,0.4889999999999972,2.673000000000002,0.5799999999999983,0.09500000000000242,0.3279999999999994,0.2060000000000004,1.314
1952709.01,1957709.01,1962709.01,5.916,5.255,0.7469999999999999,0.35599999999999987,0.7241132178839008,0.15000000000000213,0.06799999999999784,0.7070000000000007,0.10200000000000031,0.8209999999999997,0.0,0.24599999999999955
2027709.01,2032709.01,2037709.01,5.0,5.0,0.0,0.0,0.6508913872141299,0.31899999999999906,0.23199999999999932,0.8029999999999973,0.22100000000000009,0.4109999999999996,0.1640000000000006,3.0389999999999997
2032709.01,2037709.01,2042709.01,5.0,5.0,0.0,0.0,0.6338060023441554,0.17799999999999727,2.2860000000000014,0.7939999999999969,0.21000000000000085,0.0,0.04100000000000037,0.32899999999999885
2037709.01,2042709.01,2047709.01,5.0,5.0,0.07200000000000006,1.064,0.7177389165780814,0.6859999999999999,0.1739999999999995,0.4070000000000036,0.1789999999999985,0.1639999999999997,0.2869999999999999,0.6980000000000004
