Start,Border,End,Valence,Arousal,Valence Diff,Arousal Diff,Score,GSR_Diff,BVP_Diff,RSP_Diff,SKT_Diff,EMG_ZYGO_Diff,EMG_CORU_Diff,EMG_TRAP_Diff
1650959,1655959,1660959,5.593,4.467,0.6980000000000004,0.07800000000000029,0.4423996752241258,0.7929999999999993,1.5109999999999957,0.18400000000000105,0.0030000000000001137,0.20500000000000007,0.7800000000000002,0.12300000000000022
1690959,1695959,1700959,4.296,5.322,0.05200000000000049,0.4219999999999997,0.4954331042475055,0.6470000000000056,0.5910000000000011,0.14500000000000313,0.006999999999997897,0.12300000000000022,0.6159999999999988,3.3680000000000003
1755959,1760959,1765959,5.889,5.014,0.14400000000000013,0.006000000000000227,0.4737252531928587,0.7809999999999953,0.7839999999999989,0.6390000000000029,0.010000000000001563,0.2869999999999999,0.12300000000000022,6.53
1760959,1765959,1770959,5.822,5.014,0.16100000000000048,0.0,0.4401452326179123,0.6069999999999993,0.5429999999999993,0.2129999999999974,0.0030000000000001137,0.12399999999999967,0.28800000000000026,0.6980000000000004
1780959,1785959,1790959,4.734,5.021,0.2109999999999994,0.055000000000000604,0.5539761180416841,0.7959999999999994,0.7169999999999987,0.21300000000000097,0.0070000000000014495,0.2060000000000004,0.7799999999999994,0.08199999999999985
1790959,1795959,1800959,5.0,4.744,1.6189999999999998,0.3639999999999999,3.500295180949901,0.5719999999999992,0.09700000000000131,0.6189999999999998,0.0070000000000014495,1.2719999999999994,0.9449999999999994,0.04100000000000037
