Start,Border,End,Valence,Arousal,Valence Diff,Arousal Diff,Score,GSR_Diff,BVP_Diff,RSP_Diff,SKT_Diff,EMG_ZYGO_Diff,EMG_CORU_Diff,EMG_TRAP_Diff
276501.01,281501.01,286501.01,5.86,5.705,0.0030000000000001137,0.07299999999999951,3.35213760812646,1.001999999999999,0.9589999999999961,0.38700000000000045,0.0070000000000014495,1.1899999999999995,0.04099999999999948,0.08200000000000074
306501.01,311501.01,316501.01,6.191,5.81,0.04900000000000038,0.06799999999999962,10.93473765208132,0.9499999999999993,0.9099999999999966,0.3680000000000021,0.0030000000000001137,10.842,0.2870000000000008,4.311999999999999
