Start,Border,End,Valence,Arousal,Valence Diff,Arousal Diff,Score,GSR_Diff,BVP_Diff,RSP_Diff,SKT_Diff,EMG_ZYGO_Diff,EMG_CORU_Diff,EMG_TRAP_Diff
286501.01,291501.01,296501.01,6.05,3.625,0.45999999999999996,0.0030000000000001137,6.013858548184468,0.007999999999999119,2.556999999999995,2.1189999999999998,0.03900000000000148,1.561,0.5339999999999998,0.617
291501.01,296501.01,301501.01,6.147,4.113,0.6180000000000003,1.912,2.6961435692799585,0.09800000000000253,1.4339999999999975,2.439,0.028000000000002245,0.32899999999999974,1.0270000000000001,0.0
301501.01,306501.01,311501.01,6.657,5.628,0.43900000000000006,0.2560000000000002,2.1872634225046044,0.3390000000000022,0.9789999999999992,0.929000000000002,0.010999999999999233,0.8210000000000006,0.0,0.1639999999999997
