Start,Border,End,Valence,Arousal,Valence Diff,Arousal Diff,Score,GSR_Diff,BVP_Diff,RSP_Diff,SKT_Diff,EMG_ZYGO_Diff,EMG_CORU_Diff,EMG_TRAP_Diff
1893376.01,1898376.01,1903376.01,5.019,4.006,0.006999999999999673,1.544,4.3600014671639045,0.06799999999999962,1.2010000000000005,0.05799999999999983,0.003999999999997783,2.0119999999999996,0.04099999999999948,0.08200000000000074
1898376.01,1903376.01,1908376.01,5.007,3.456,0.03500000000000014,0.4800000000000004,1.751522288887926,0.010999999999999233,0.8140000000000001,0.2029999999999994,0.0070000000000014495,6.283,1.2320000000000002,0.1639999999999997
1918376.01,1923376.01,1928376.01,4.721,3.486,0.0,0.05600000000000005,1.2017985879093844,0.04800000000000004,0.33899999999999864,0.6389999999999993,0.0070000000000014495,1.314,0.2869999999999999,0.16500000000000092
1928376.01,1933376.01,1938376.01,4.721,3.394,0.0,0.03600000000000003,1.2917086389121353,0.1609999999999996,1.0749999999999957,1.2879999999999967,0.00999999999999801,0.08199999999999985,0.12299999999999933,0.16500000000000092
1933376.01,1938376.01,1943376.01,4.721,3.394,0.0,0.0050000000000003375,1.4992373872578872,0.5560000000000009,2.1409999999999982,0.028999999999999915,0.006999999999997897,0.0,0.08199999999999985,0.12400000000000055
