Start,Border,End,Valence,Arousal,Valence Diff,Arousal Diff,Score,GSR_Diff,BVP_Diff,RSP_Diff,SKT_Diff,EMG_ZYGO_Diff,EMG_CORU_Diff,EMG_TRAP_Diff
1382876.01,1387876.01,1392876.01,5.0,4.688,0.057000000000000384,0.41999999999999993,4.589291501239163,0.3150000000000013,1.0749999999999957,0.01899999999999835,0.04200000000000159,4.23,1.6430000000000007,0.4109999999999996
1417876.01,1422876.01,1427876.01,5.053,3.014,0.038000000000000256,0.27600000000000025,3.0577696563837096,0.5289999999999999,0.25099999999999767,0.04800000000000182,0.05999999999999872,2.5869999999999997,0.3689999999999998,0.08199999999999896
1457876.01,1462876.01,1467876.01,5.118,3.489,0.027000000000000135,0.3340000000000001,2.0868840931385373,0.3829999999999991,1.7530000000000001,0.5130000000000052,0.09100000000000108,30.924000000000007,7.2280000000000015,0.24600000000000044
1462876.01,1467876.01,1472876.01,5.118,3.702,0.0,0.27200000000000024,2.481607169030868,0.679000000000002,0.6109999999999971,0.9099999999999966,0.07699999999999818,7.105000000000004,2.0120000000000005,0.1640000000000006
1472876.01,1477876.01,1482876.01,5.063,3.861,0.055000000000000604,0.10499999999999998,2.350573589039514,0.20899999999999963,0.3879999999999981,0.029000000000003467,0.03500000000000014,90.47300000000001,0.08300000000000196,0.6160000000000005
