Start,Border,End,Valence,Arousal,Valence Diff,Arousal Diff,Score,GSR_Diff,BVP_Diff,RSP_Diff,SKT_Diff,EMG_ZYGO_Diff,EMG_CORU_Diff,EMG_TRAP_Diff
1075084.01,1080084.01,1085084.01,6.335,4.871,0.08300000000000018,0.0,5.1230290783809975,0.04800000000000004,0.19400000000000261,0.39699999999999847,0.013999999999999346,5.954,1.5190000000000001,2.053000000000001
1085084.01,1090084.01,1095084.01,6.36,4.871,0.0,0.0,5.237923249141807,0.2400000000000002,0.3100000000000023,0.5710000000000051,0.013999999999999346,4.148,1.7249999999999996,0.49299999999999944
1110084.01,1115084.01,1120084.01,6.341,4.871,0.3129999999999997,0.08099999999999952,2.5983287988335624,0.23599999999999888,0.22299999999999898,0.07699999999999818,0.004000000000001336,2.4640000000000004,1.2729999999999997,3.2029999999999994
1125084.01,1130084.01,1135084.01,5.91,5.014,0.01100000000000012,0.0039999999999995595,2.5928572883547822,0.30799999999999983,0.5420000000000016,0.3290000000000006,0.0070000000000014495,2.1350000000000007,0.4109999999999996,2.052999999999999
