Start,Border,End,Valence,Arousal,Valence Diff,Arousal Diff,Score,GSR_Diff,BVP_Diff,RSP_Diff,SKT_Diff,EMG_ZYGO_Diff,EMG_CORU_Diff,EMG_TRAP_Diff
778334.01,783334.01,788334.01,5.0,5.0,0.07399999999999984,0.33999999999999986,1.851908886305156,1.096,1.3469999999999942,0.232999999999997,0.011000000000002785,0.04100000000000037,0.0,0.0
833334.01,838334.01,843334.01,4.946,5.0,1.044,0.5750000000000002,1.2819572092207898,0.2879999999999985,0.33899999999999864,0.06700000000000017,0.0070000000000014495,0.04099999999999948,0.2869999999999999,0.20500000000000007
873334.01,878334.01,883334.01,5.0,4.867,0.9569999999999999,0.20099999999999962,1.2720664260202703,0.26900000000000013,1.2199999999999989,0.33800000000000097,0.010000000000001563,0.3290000000000006,0.1639999999999997,0.5340000000000007
883334.01,888334.01,893334.01,5.973,4.806,0.0259999999999998,0.054999999999999716,3.5008857803807705,0.11800000000000033,0.08800000000000097,0.8130000000000024,0.0070000000000014495,1.1499999999999995,0.12300000000000022,0.2469999999999999
888334.01,893334.01,898334.01,5.983,4.854,0.1379999999999999,0.1349999999999998,2.267941647252193,0.11899999999999977,0.07800000000000296,3.213000000000001,0.0,4.436,0.08199999999999985,0.5339999999999989
