Start,Border,End,Valence,Arousal,Valence Diff,Arousal Diff,Score,GSR_Diff,BVP_Diff,RSP_Diff,SKT_Diff,EMG_ZYGO_Diff,EMG_CORU_Diff,EMG_TRAP_Diff
2221459.01,2226459.01,2231459.01,4.949,2.791,0.09600000000000009,0.4750000000000001,0.8380738087430408,0.17299999999999827,0.0379999999999967,0.6000000000000014,0.01699999999999946,0.0,0.20599999999999952,0.2469999999999999
2261459.01,2266459.01,2271459.01,5.003,3.171,0.0,0.0,1.0460960511033344,0.37900000000000134,1.1229999999999976,0.00999999999999801,0.0,0.04100000000000037,0.2869999999999999,0.5750000000000002
2266459.01,2271459.01,2276459.01,5.003,3.171,0.0,0.0030000000000001137,0.8718192085583994,0.3549999999999969,0.6589999999999989,0.01899999999999835,0.00999999999999801,0.1640000000000006,0.12300000000000022,0.6159999999999997
2271459.01,2276459.01,2281459.01,5.003,3.174,0.0,0.0030000000000001137,0.8175144712131942,0.39399999999999835,0.4450000000000003,0.357999999999997,0.010999999999999233,0.2869999999999999,0.3280000000000003,0.4930000000000003
2276459.01,2281459.01,2286459.01,5.003,3.174,0.0,0.0,1.1045109457954283,0.38700000000000045,0.6299999999999955,0.48400000000000176,0.0,0.12299999999999933,0.08199999999999985,3.4499999999999993
