Start,Border,End,Valence,Arousal,Valence Diff,Arousal Diff,Score,GSR_Diff,BVP_Diff,RSP_Diff,SKT_Diff,EMG_ZYGO_Diff,EMG_CORU_Diff,EMG_TRAP_Diff
1611626.01,1616626.01,1621626.01,5.0,5.0,0.274,0.17100000000000026,1.503699713968914,0.08300000000000196,2.6060000000000016,0.0969999999999942,0.09800000000000253,0.08199999999999985,3.4909999999999997,2.751999999999999
1641626.01,1646626.01,1651626.01,5.237,4.095,0.30100000000000016,0.12700000000000067,4.133579939079368,0.09100000000000108,1.840999999999994,0.1739999999999995,0.038999999999997925,2.4639999999999995,1.4379999999999997,0.1639999999999997
1691626.01,1696626.01,1701626.01,5.385,3.521,0.14400000000000013,0.19899999999999984,2.8900272416658006,0.6230000000000011,2.411999999999999,0.4069999999999965,0.020999999999997243,5.996,1.314,6.612
