Start,Border,End,Valence,Arousal,Valence Diff,Arousal Diff,Score,GSR_Diff,BVP_Diff,RSP_Diff,SKT_Diff,EMG_ZYGO_Diff,EMG_CORU_Diff,EMG_TRAP_Diff
783334.01,788334.01,793334.01,5.0,5.0,0.0,0.0,0.3961876455185334,1.1469999999999985,1.5200000000000031,0.07799999999999585,0.013999999999995794,0.657,0.32899999999999974,0.040000000000000036
788334.01,793334.01,798334.01,5.0,5.0,0.030999999999999694,0.5099999999999998,0.4119824393960053,1.0569999999999986,1.7139999999999986,0.33800000000000097,0.017000000000003013,0.08199999999999985,0.32899999999999974,0.0829999999999993
828334.01,833334.01,838334.01,5.911,4.329,0.15000000000000036,0.2939999999999996,0.389804076048143,0.629999999999999,3.817,0.3100000000000023,0.17900000000000205,0.20500000000000007,0.041999999999999815,0.3279999999999994
903334.01,908334.01,913334.01,5.514,4.589,0.19399999999999995,0.008999999999999453,0.4024676698655526,0.16600000000000037,0.6300000000000026,0.6869999999999976,0.09499999999999886,0.20500000000000007,0.16500000000000004,2.5870000000000006
