Start,Border,End,Valence,Arousal,Valence Diff,Arousal Diff,Score,GSR_Diff,BVP_Diff,RSP_Diff,SKT_Diff,EMG_ZYGO_Diff,EMG_CORU_Diff,EMG_TRAP_Diff
757001.01,762001.01,767001.01,5.136,5.0,1.4329999999999998,0.04300000000000015,3.5769643697998217,4.430999999999997,2.721999999999994,0.570999999999998,0.013999999999999346,1.6420000000000003,0.08199999999999985,0.12300000000000022
892001.01,897001.01,902001.01,5.178,4.05,0.1070000000000002,0.019000000000000128,3.460499149251868,0.9190000000000005,2.334000000000003,0.4350000000000023,0.04899999999999949,0.492,0.4109999999999996,2.013
902001.01,907001.01,912001.01,5.304,4.007,0.04999999999999982,0.04300000000000015,3.31844623352986,0.30799999999999983,0.7269999999999968,0.8320000000000007,0.06400000000000006,0.12300000000000022,0.24599999999999955,1.274
