Start,Border,End,Valence,Arousal,Valence Diff,Arousal Diff,Score,GSR_Diff,BVP_Diff,RSP_Diff,SKT_Diff,EMG_ZYGO_Diff,EMG_CORU_Diff,EMG_TRAP_Diff
817001.01,822001.01,827001.01,3.533,2.977,0.07299999999999995,0.08399999999999963,3.586568807171888,0.13400000000000034,0.00999999999999801,0.5320000000000036,0.013999999999999346,67.51599999999999,26.078999999999997,0.3700000000000001
822001.01,827001.01,832001.01,3.596,2.942,0.07000000000000028,0.04400000000000004,4.187494348466935,0.1739999999999995,3.129000000000005,1.016999999999996,0.023999999999997357,1.4379999999999997,1.4779999999999998,0.6980000000000004
867001.01,872001.01,877001.01,3.2,3.434,0.3959999999999999,0.4700000000000002,4.854255848747433,0.24099999999999966,3.942,1.161999999999999,0.02400000000000091,38.809999999999995,12.731,0.1639999999999997
