Start,Border,End,Valence,Arousal,Valence Diff,Arousal Diff,Score,GSR_Diff,BVP_Diff,RSP_Diff,SKT_Diff,EMG_ZYGO_Diff,EMG_CORU_Diff,EMG_TRAP_Diff
1045084.01,1050084.01,1055084.01,5.0,5.0,0.0,0.009999999999999787,0.6589739999155328,1.404,0.5419999999999945,0.9490000000000052,0.03200000000000003,0.0,0.5330000000000004,1.1499999999999995
1065084.01,1070084.01,1075084.01,5.0,5.0,0.07000000000000028,0.2839999999999998,0.4852025431549115,0.5090000000000003,1.8980000000000032,0.03899999999999437,0.021000000000000796,0.041999999999999815,0.8620000000000001,0.08200000000000074
1070084.01,1075084.01,1080084.01,5.0,5.0,0.0,0.0,0.9776941887791304,0.2519999999999989,1.1429999999999936,0.08699999999999619,0.0030000000000001137,0.16500000000000004,1.1079999999999997,2.3409999999999993
