Window,Mean Valence,Max Valence,Min Valence,Median Valence,Mean Arousal,Max Arousal,Min Arousal,Median Arousal
1,5.052,5.052,5.052,5.052,6.191368159203979,6.199,6.15,6.199
2,3.646134328358209,3.674,3.633,3.633,7.449432835820897,7.778,6.917,7.71
3,3.5963482587064677,3.633,3.379,3.633,7.77102985074627,7.778,7.71,7.778
