Window,Mean Valence,Max Valence,Min Valence,Median Valence,Mean Arousal,Max Arousal,Min Arousal,Median Arousal
1,5.0,5.0,5.0,5.0,5.06,5.06,5.06,5.06
2,5.0,5.0,5.0,5.0,5.068064676616915,5.078,5.06,5.067
3,5.0,5.0,5.0,5.0,5.081243781094528,5.085,5.078,5.081
4,4.918999999999999,4.919,4.919,4.919,5.34844776119403,5.352,5.332,5.352
5,4.787,4.787,4.787,4.787,6.794457711442784,6.833,6.749,6.795
