Window,Mean Valence,Max Valence,Min Valence,Median Valence,Mean Arousal,Max Arousal,Min Arousal,Median Arousal
1,5.0,5.0,5.0,5.0,5.0,5.0,5.0,5.0
2,4.85727135678392,5.0,4.204,5.0,5.035105527638191,5.235,5.0,5.0
3,2.963661691542288,4.204,2.482,2.583,5.8815870646766175,6.14,5.235,6.058
4,2.5053333333333327,2.583,2.473,2.482,6.121855721393034,6.167,6.019,6.14
