Window,Mean Valence,Max Valence,Min Valence,Median Valence,Mean Arousal,Max Arousal,Min Arousal,Median Arousal
1,5.107999999999999,5.108,5.108,5.108,5.7780000000000005,5.778,5.778,5.778
2,4.095,4.095,4.095,4.095,6.034999999999999,6.035,6.035,6.035
3,4.277626865671642,5.785,3.57,4.095,6.242009950248757,6.515,6.073,6.195
4,4.595641791044776,5.785,3.123,4.889,6.5034726368159195,6.914,6.195,6.515
5,3.01201,3.517,2.712,3.123,7.045070000000001,7.398,6.914,7.0615000000000006
6,3.3600199999999996,3.889,2.712,3.5345,7.505850000000001,7.943,7.072,7.420999999999999
