Window,Mean Valence,Max Valence,Min Valence,Median Valence,Mean Arousal,Max Arousal,Min Arousal,Median Arousal
1,6.74139800995025,6.871,6.4,6.781,5.338696517412936,5.483,5.007,5.304
2,6.783328358208957,6.822,6.4,6.816,5.451865671641792,5.483,5.304,5.467
