Window,Mean Valence,Max Valence,Min Valence,Median Valence,Mean Arousal,Max Arousal,Min Arousal,Median Arousal
1,3.380025,3.559,3.14,3.447,8.120920000000002,9.072,7.114,8.3295
2,2.8237448979591835,3.335,2.663,2.738,8.595025510204081,9.5,7.767,8.903500000000001
