Window,Mean Valence,Max Valence,Min Valence,Median Valence,Mean Arousal,Max Arousal,Min Arousal,Median Arousal
1,4.809293532338309,5.065,4.259,5.065,9.307512437810946,9.5,8.343,9.5
2,4.486348258706467,5.256,4.266,4.304,9.06676616915423,9.5,7.611,9.5
