Window,Mean Valence,Max Valence,Min Valence,Median Valence,Mean Arousal,Max Arousal,Min Arousal,Median Arousal
1,2.8665671641791044,4.374,0.5,3.664,7.270547263681593,8.122,6.822,7.351
2,0.8559800995024875,3.515,0.5,0.5,8.776179104477613,9.5,6.323,9.5
3,0.5,0.5,0.5,0.5,9.5,9.5,9.5,9.5
