Window,Mean Valence,Max Valence,Min Valence,Median Valence,Mean Arousal,Max Arousal,Min Arousal,Median Arousal
1,1.357144278606965,2.523,0.5,1.489,7.5947313432835815,9.5,5.737,6.953
2,0.8364029850746268,2.126,0.5,0.5,8.423308457711443,9.5,6.953,8.412
