Window,Mean Valence,Max Valence,Min Valence,Median Valence,Mean Arousal,Max Arousal,Min Arousal,Median Arousal
1,5.11105472636816,5.371,5.0,5.071,5.235636815920398,5.533,5.0,5.294
2,5.0,5.0,5.0,5.0,5.0959701492537315,5.218,5.0,5.067
3,5.62449751243781,5.675,5.526,5.645,6.131825870646768,6.754,5.804,5.88
4,4.8626616915422884,5.156,4.442,4.887,7.695990049751242,8.207,6.877,7.614
5,4.450741293532339,4.491,4.415,4.439,7.85579104477612,8.023,7.768,7.802
