Window,Mean Valence,Max Valence,Min Valence,Median Valence,Mean Arousal,Max Arousal,Min Arousal,Median Arousal
1,4.662202898550725,4.911,3.892,4.896,6.998362318840581,7.101,6.984,6.984
2,3.1293357664233574,3.595,2.991,3.017,7.243737226277372,7.34,7.151,7.255
