Window,Mean Valence,Max Valence,Min Valence,Median Valence,Mean Arousal,Max Arousal,Min Arousal,Median Arousal
1,4.108039800995026,4.386,3.902,3.902,5.7798159203980095,5.909,5.631,5.859
2,1.8186965174129353,2.117,1.199,2.09,7.718263681592039,8.115,7.529,7.542
3,1.3614626865671644,2.09,0.909,1.199,8.005815920398009,8.203,7.542,8.115
