Window,Mean Valence,Max Valence,Min Valence,Median Valence,Mean Arousal,Max Arousal,Min Arousal,Median Arousal
1,3.1352985074626867,3.375,2.841,3.156,6.699557213930348,7.183,6.52,6.634
2,2.9474676616915425,3.156,2.841,2.869,7.0835124378109455,7.571,6.52,7.183
3,2.8780547263681595,2.931,2.846,2.869,7.402880597014925,7.715,6.989,7.432
