Window,Mean Valence,Max Valence,Min Valence,Median Valence,Mean Arousal,Max Arousal,Min Arousal,Median Arousal
1,5.0,5.0,5.0,5.0,5.035970149253732,5.083,5.0,5.001
2,4.732492537313433,5.094,4.246,4.838,8.210303482587063,9.171,6.338,8.472
3,4.321412935323384,4.524,4.117,4.325,8.194029850746269,8.571,7.729,8.199
