Window,Mean Valence,Max Valence,Min Valence,Median Valence,Mean Arousal,Max Arousal,Min Arousal,Median Arousal
1,1.8892128712871286,2.231,1.78,1.802,8.951316831683167,9.003,8.82,9.002
2,1.7789950248756217,1.78,1.766,1.78,9.003004975124378,9.004,9.003,9.003
3,1.7587749999999998,1.766,1.753,1.76,8.958895,9.004,8.88,9.004
