Window,Mean Valence,Max Valence,Min Valence,Median Valence,Mean Arousal,Max Arousal,Min Arousal,Median Arousal
1,4.663288557213929,4.736,4.648,4.648,6.02618407960199,6.348,5.798,6.012
2,5.123094527363185,5.498,4.71,5.061,5.867049751243782,6.34,5.557,5.866
