Window,Mean Valence,Max Valence,Min Valence,Median Valence,Mean Arousal,Max Arousal,Min Arousal,Median Arousal
1,2.976238805970149,3.898,1.746,3.22,6.676860696517413,7.974,5.844,6.456
2,0.6941990049751243,1.397,0.5,0.5,9.09418905472637,9.206,8.605,9.197
