Window,Mean Valence,Max Valence,Min Valence,Median Valence,Mean Arousal,Max Arousal,Min Arousal,Median Arousal
1,1.3897611940298509,1.964,0.5,1.953,8.706522388059701,9.5,8.08,8.278
2,0.9521959798994973,1.953,0.5,1.004,9.360346733668342,9.5,8.278,9.5
3,1.083743718592965,1.193,0.575,1.103,9.5,9.5,9.5,9.5
