Window,Mean Valence,Max Valence,Min Valence,Median Valence,Mean Arousal,Max Arousal,Min Arousal,Median Arousal
1,3.8699552238805968,5.0,2.845,3.563,4.777149253731342,5.728,4.287,4.612
2,3.1811094527363184,3.649,3.036,3.102,8.36562686567164,8.439,8.155,8.434
3,2.070865671641791,2.119,2.005,2.073,8.481985074626868,8.604,8.352,8.573
