Window,Mean Valence,Max Valence,Min Valence,Median Valence,Mean Arousal,Max Arousal,Min Arousal,Median Arousal
1,5.035218905472637,5.104,5.0,5.053,5.448606965174129,6.395,5.0,5.553
2,5.19,5.19,5.19,5.19,5.845,5.845,5.845,5.845
3,5.19,5.19,5.19,5.19,5.845,5.845,5.845,5.845
