Window,Mean Valence,Max Valence,Min Valence,Median Valence,Mean Arousal,Max Arousal,Min Arousal,Median Arousal
1,5.0,5.0,5.0,5.0,5.0,5.0,5.0,5.0
2,2.2259353233830854,3.463,0.5,2.603,7.992691542288557,9.5,7.355,7.655
3,1.1109402985074626,2.603,0.5,0.857,8.578363184079603,9.5,7.355,8.813
4,1.1101442786069649,1.694,0.5,0.934,8.690572139303482,9.5,8.433,8.615
