Window,Mean Valence,Max Valence,Min Valence,Median Valence,Mean Arousal,Max Arousal,Min Arousal,Median Arousal
1,4.271085,5.159,3.67,4.154,7.012759999999999,7.171,6.862,7.013
2,3.235336683417086,3.394,2.914,3.295,7.294798994974874,7.357,7.272,7.284
3,2.397487562189055,2.902,2.083,2.425,7.672497512437811,7.87,7.378,7.684
