Window,Mean Valence,Max Valence,Min Valence,Median Valence,Mean Arousal,Max Arousal,Min Arousal,Median Arousal
1,5.533393939393941,5.875,5.291,5.543,5.532217171717171,6.246,5.241,5.468500000000001
2,5.934184079601989,6.593,5.078,5.89,5.026174129353234,5.241,4.921,5.005
3,3.2104179104477613,3.898,2.906,3.129,8.857880597014924,9.5,7.204,9.141
