Window,Mean Valence,Max Valence,Min Valence,Median Valence,Mean Arousal,Max Arousal,Min Arousal,Median Arousal
1,4.973522388059702,5.075,4.816,5.0,5.890636815920399,6.356,5.042,6.03
2,3.4223880597014924,3.644,3.322,3.455,7.710407960199005,7.792,7.545,7.706
3,1.3960746268656716,1.9,1.244,1.265,8.751492537313434,9.055,8.343,8.723
