Window,Mean Valence,Max Valence,Min Valence,Median Valence,Mean Arousal,Max Arousal,Min Arousal,Median Arousal
1,2.3519253731343284,3.588,1.101,2.342,6.356343283582089,6.881,5.913,6.576
2,0.7738855721393035,1.101,0.5,0.883,8.01895024875622,9.5,6.881,7.292
3,0.5,0.5,0.5,0.5,9.322462686567164,9.5,8.868,9.5
