Window,Mean Valence,Max Valence,Min Valence,Median Valence,Mean Arousal,Max Arousal,Min Arousal,Median Arousal
1,2.695253731343284,2.857,2.297,2.745,7.456671641791045,7.811,6.957,7.441
2,2.4030447761194034,2.545,2.362,2.372,7.787034825870647,8.017,7.203,7.932
3,2.360482587064677,2.372,2.349,2.362,7.920258706467663,7.936,7.681,7.932
