Window,Mean Valence,Max Valence,Min Valence,Median Valence,Mean Arousal,Max Arousal,Min Arousal,Median Arousal
1,4.784218905472638,4.907,4.563,4.855,6.5962686567164175,7.15,6.254,6.328
2,4.178792929292929,4.647,3.33,4.296,6.871202020202021,7.226,6.549,6.9185
