Window,Mean Valence,Max Valence,Min Valence,Median Valence,Mean Arousal,Max Arousal,Min Arousal,Median Arousal
1,4.985472636815921,5.0,4.619,5.0,5.024706467661692,5.435,5.0,5.0
2,1.0479253731343283,1.632,0.5,0.895,7.784766169154229,8.139,7.355,7.896
