Window,Mean Valence,Max Valence,Min Valence,Median Valence,Mean Arousal,Max Arousal,Min Arousal,Median Arousal
1,3.469407960199005,3.563,3.347,3.548,5.597248756218906,5.681,5.4,5.649
2,1.4584975124378108,1.812,1.375,1.405,7.598348258706469,8.03,6.679,7.71
