Start,Border,End,Score
1130876.01,1135876.01,1140876.01,5.367505054705385
1140876.01,1145876.01,1150876.01,4.833516679271074
1155876.01,1160876.01,1165876.01,4.355073291710582
1200876.01,1205876.01,1210876.01,5.16565810328602
