Start,Border,End,Score
1040876.01,1045876.01,1050876.01,1.067034361557888
1045876.01,1050876.01,1055876.01,1.7418110471342327
1050876.01,1055876.01,1060876.01,2.6319837667247485
1090876.01,1095876.01,1100876.01,0.97949637612754
