Start,Border,End,Score
785293.01,790293.01,795293.01,6.374507577026624
790293.01,795293.01,800293.01,6.287327990313079
830293.01,835293.01,840293.01,5.409809305862236
