Start,Border,End,Score
1924459.01,1929459.01,1934459.01,3.8349767322868367
1929459.01,1934459.01,1939459.01,3.450994967159997
1984459.01,1989459.01,1994459.01,3.560867208401704
