Start,Border,End,Score
2189584.01,2194584.01,2199584.01,1.1602636290113195
2194584.01,2199584.01,2204584.01,2.5271712919987483
2284584.01,2289584.01,2294584.01,1.5884590636665772
