Start,Border,End,Score
2174584.01,2179584.01,2184584.01,7.714233567531796
2179584.01,2184584.01,2189584.01,6.88708885975012
2184584.01,2189584.01,2194584.01,6.23904536392331
