Start,Border,End,Score
1869001.01,1874001.01,1879001.01,5.474819656426536
1884001.01,1889001.01,1894001.01,5.9852242642878615
1939001.01,1944001.01,1949001.01,6.583429662197471
