Start,Border,End,Score
582084,587084,592084,7.147398032596187
587084,592084,597084,6.315957903076362
602084,607084,612084,6.061156417726199
617084,622084,627084,6.346076616522099
627084,632084,637084,5.919750022680997
637084,642084,647084,5.461403824312031
657084,662084,667084,6.711475045268492
