Start,Border,End,Score
2169584.01,2174584.01,2179584.01,5.241498535779782
2189584.01,2194584.01,2199584.01,5.301837724013817
2234584.01,2239584.01,2244584.01,5.770675602090664
2244584.01,2249584.01,2254584.01,4.843143845631278
2259584.01,2264584.01,2269584.01,5.102547712769198
