Start,Border,End,Score
1090876,1095876,1100876,4.516441348933476
1095876,1100876,1105876,5.001030468445402
1140876,1145876,1150876,30.36331233965378
1155876,1160876,1165876,5.993717586174084
1160876,1165876,1170876,3.882401136397556
