Start,Border,End,Score
1380209.01,1385209.01,1390209.01,5.384142479175703
1440209.01,1445209.01,1450209.01,7.283321116252145
1450209.01,1455209.01,1460209.01,12.938076984661656
