Start,Border,End,Score
755293.01,760293.01,765293.01,5.205311943355815
765293.01,770293.01,775293.01,6.671576091567369
770293.01,775293.01,780293.01,7.688587729112706
780293.01,785293.01,790293.01,4.901526328888298
840293.01,845293.01,850293.01,5.038669685660897
