Start,Border,End,Score
521626.01,526626.01,531626.01,9.848254011722194
541626.01,546626.01,551626.01,6.924312852218206
616626.01,621626.01,626626.01,8.97322943955329
636626.01,641626.01,646626.01,7.110945629855909
