Start,Border,End,Score
515168.01,520168.01,525168.01,2.948972988301017
535168.01,540168.01,545168.01,3.5899281480086205
570168.01,575168.01,580168.01,3.796023690747253
635168.01,640168.01,645168.01,5.087327163802555
640168.01,645168.01,650168.01,3.241991030587947
