Start,Border,End,Score
1924459.01,1929459.01,1934459.01,6.528171753293951
1929459.01,1934459.01,1939459.01,6.494050459160865
2019459.01,2024459.01,2029459.01,5.551276241005162
2024459.01,2029459.01,2034459.01,6.097097489754106
