Start,Border,End,Score
276501.01,281501.01,286501.01,7.987564198386003
286501.01,291501.01,296501.01,7.293846754790253
306501.01,311501.01,316501.01,11.561424978931823
