Start,Border,End,Score
1415209.01,1420209.01,1425209.01,24.927760941191785
1440209.01,1445209.01,1450209.01,4.948407511049992
1450209.01,1455209.01,1460209.01,5.2861054785354895
