Start,Border,End,Score
820751.01,825751.01,830751.01,5.457508838841822
825751.01,830751.01,835751.01,4.486567050193145
905751.01,910751.01,915751.01,3.888612784554801
940751.01,945751.01,950751.01,6.125618366976736
