Start,Border,End,Score
2189584.01,2194584.01,2199584.01,5.621057432487601
2244584.01,2249584.01,2254584.01,5.420515438587964
2249584.01,2254584.01,2259584.01,6.184170680662813
2254584.01,2259584.01,2264584.01,5.011103009737219
2264584.01,2269584.01,2274584.01,11.591034879854952
