Start,Border,End,Score
1834001,1839001,1844001,6.929874132044841
1884001,1889001,1894001,4.691702080713454
1939001,1944001,1949001,6.129299738754101
