Start,Border,End,Score
780293.01,785293.01,790293.01,4.777225221779871
785293.01,790293.01,795293.01,7.161730394011924
890293.01,895293.01,900293.01,6.632738245644141
910293.01,915293.01,920293.01,4.968989732325359
