Start,Border,End,Score
276501,281501,286501,3.755464631902133
281501,286501,291501,5.018458593744079
336501,341501,346501,4.192369403731695
