Start,Border,End,Score
1889001.01,1894001.01,1899001.01,16.7582140591844
1939001.01,1944001.01,1949001.01,6.00315101152687
