Start,Border,End,Score
2244584.01,2249584.01,2254584.01,25.675850730131877
2249584.01,2254584.01,2259584.01,5.6684811860060975
