Start,Border,End,Score
1085876.01,1090876.01,1095876.01,5.316464671665797
1090876.01,1095876.01,1100876.01,4.39144975905583
1145876.01,1150876.01,1155876.01,5.911791440189955
