Start,Border,End,Score
582084.01,587084.01,592084.01,6.952640726625142
587084.01,592084.01,597084.01,7.089433491359129
