Start,Border,End,Score
1365209.01,1370209.01,1375209.01,3.356795355930478
1380209.01,1385209.01,1390209.01,3.916918354116348
1395209.01,1400209.01,1405209.01,2.054569457046932
1435209.01,1440209.01,1445209.01,2.654517976060232
