Start,Border,End,Score
820751.01,825751.01,830751.01,7.367706276410741
825751.01,830751.01,835751.01,6.542113457226226
875751.01,880751.01,885751.01,7.007771489565137
