Start,Border,End,Score
2189584.01,2194584.01,2199584.01,7.076650164708567
2194584.01,2199584.01,2204584.01,5.1932811342938
2224584.01,2229584.01,2234584.01,6.005821745466019
2244584.01,2249584.01,2254584.01,5.89362013639101
2249584.01,2254584.01,2259584.01,6.275865715997449
