Window,Mean Valence,Max Valence,Min Valence,Median Valence,Mean Arousal,Max Arousal,Min Arousal,Median Arousal
1,9.5,9.5,9.5,9.5,4.954,4.954,4.954,4.954
2,9.5,9.5,9.5,9.5,4.954,4.954,4.954,4.954
3,8.567469999999998,8.603,8.496,8.603,5.2596300000000005,5.271,5.235,5.271
4,8.513969999999999,8.603,8.496,8.496,5.24163,5.271,5.235,5.235
5,8.520592039800993,8.715,8.505,8.505,5.005338308457713,5.041,5.005,5.005
6,8.38021393034826,8.505,8.333,8.352,5.001338308457711,5.005,5.0,5.0
7,8.311970149253733,8.352,8.272,8.333,4.9992786069651745,5.0,4.993,5.0
