Window,Mean Valence,Max Valence,Min Valence,Median Valence,Mean Arousal,Max Arousal,Min Arousal,Median Arousal
1,6.029223880597016,6.033,6.027,6.029,4.9750000000000005,4.975,4.975,4.975
2,6.456651741293531,7.719,6.027,6.073,4.929587064676618,5.102,4.698,4.987
3,6.897000000000001,6.897,6.897,6.897,3.921,3.921,3.921,3.921
