Window,Mean Valence,Max Valence,Min Valence,Median Valence,Mean Arousal,Max Arousal,Min Arousal,Median Arousal
1,6.225616915422886,6.571,6.003,6.011,4.924179104477613,5.038,4.917,4.917
2,5.909253731343283,6.003,5.84,5.865,4.918417910447761,4.924,4.917,4.917
3,5.835611940298506,5.84,5.829,5.835,4.936412935323384,4.956,4.924,4.935
