Window,Mean Valence,Max Valence,Min Valence,Median Valence,Mean Arousal,Max Arousal,Min Arousal,Median Arousal
1,5.527169154228856,6.157,5.0,5.394,5.113293532338308,5.251,5.0,5.193
2,7.101,7.101,7.101,7.101,5.255000000000001,5.255,5.255,5.255
3,7.101,7.101,7.101,7.101,5.257253731343284,5.264,5.255,5.255
4,6.923990049751245,6.934,6.921,6.921,5.270044776119401,5.271,5.27,5.27
5,6.921000000000003,6.921,6.921,6.921,5.276696517412935,5.29,5.27,5.271
6,5.701174129353234,6.921,5.0,5.0,5.1451592039801,5.334,5.0,5.0
