Window,Mean Valence,Max Valence,Min Valence,Median Valence,Mean Arousal,Max Arousal,Min Arousal,Median Arousal
1,4.499348258706468,4.508,4.492,4.496,3.875641791044776,3.9,3.858,3.873
2,5.070597014925373,5.145,5.019,5.024,2.6460049751243786,3.237,1.679,2.865
