Window,Mean Valence,Max Valence,Min Valence,Median Valence,Mean Arousal,Max Arousal,Min Arousal,Median Arousal
1,5.789706467661692,5.805,5.781,5.793,4.452169154228856,4.798,4.392,4.402
2,5.806343283582089,5.831,5.793,5.805,4.381388059701493,4.402,4.356,4.392
3,5.942427860696519,6.237,5.831,5.846,4.173437810945274,4.356,3.699,4.356
4,6.161621890547263,6.162,6.16,6.162,3.736139303482586,3.779,3.699,3.729
5,6.088786069651741,6.162,5.924,6.16,3.5671343283582084,3.779,2.951,3.769
6,5.000074626865672,5.071,4.861,4.996,0.690502487562189,0.745,0.609,0.696
