Window,Mean Valence,Max Valence,Min Valence,Median Valence,Mean Arousal,Max Arousal,Min Arousal,Median Arousal
1,6.580303482587065,7.23,5.0,6.853,4.801,5.0,4.585,4.801
2,7.872980099502488,7.882,7.848,7.882,4.363109452736319,4.451,4.331,4.337
3,7.271,7.271,7.271,7.271,3.2623781094527367,3.286,3.258,3.258
