Window,Mean Valence,Max Valence,Min Valence,Median Valence,Mean Arousal,Max Arousal,Min Arousal,Median Arousal
1,6.665208955223882,6.668,6.665,6.665,3.04620895522388,3.054,3.041,3.042
2,6.665000000000002,6.665,6.665,6.665,3.041009950248756,3.042,3.041,3.041
