Window,Mean Valence,Max Valence,Min Valence,Median Valence,Mean Arousal,Max Arousal,Min Arousal,Median Arousal
1,7.2407711442786065,7.25,7.184,7.239,4.303945273631842,4.304,4.301,4.304
2,7.231459999999999,7.235,7.204,7.235,4.278,4.278,4.278,4.278
