Window,Mean Valence,Max Valence,Min Valence,Median Valence,Mean Arousal,Max Arousal,Min Arousal,Median Arousal
1,5.716741293532339,5.944,5.0,5.944,5.016482587064676,5.143,4.916,4.996
2,5.353134328358209,5.466,5.286,5.286,3.720865671641791,4.11,3.461,3.678
