Window,Mean Valence,Max Valence,Min Valence,Median Valence,Mean Arousal,Max Arousal,Min Arousal,Median Arousal
1,5.237203980099502,5.496,5.0,5.24,5.081248756218907,5.176,4.9,5.102
2,5.979636815920399,6.13,5.196,6.13,4.769915422885572,5.034,4.695,4.705
3,5.291482587064676,5.395,5.196,5.309,4.556069651741294,4.907,4.253,4.551
