Window,Mean Valence,Max Valence,Min Valence,Median Valence,Mean Arousal,Max Arousal,Min Arousal,Median Arousal
1,5.688159203980099,5.861,5.562,5.569,5.189547263681593,5.406,4.94,5.116
2,5.157333333333332,5.603,5.0,5.0,4.9894975124378105,5.06,4.909,5.0
3,5.571771144278607,5.59,5.533,5.568,5.173805970149253,5.196,5.143,5.174
