Window,Mean Valence,Max Valence,Min Valence,Median Valence,Mean Arousal,Max Arousal,Min Arousal,Median Arousal
1,4.976278606965175,5.0,4.968,4.968,5.634487562189055,5.922,5.0,5.892
2,4.9796417910447754,4.983,4.978,4.979,5.9369999999999985,5.937,5.937,5.937
3,4.647723618090452,4.982,4.005,4.809,3.823738693467338,4.029,3.65,3.802
4,4.912999999999999,4.913,4.913,4.913,5.541425,5.542,5.54,5.542
