Window,Mean Valence,Max Valence,Min Valence,Median Valence,Mean Arousal,Max Arousal,Min Arousal,Median Arousal
1,6.711671641791046,7.932,5.0,7.419,4.9884278606965164,5.083,4.751,5.0
2,7.489000000000001,7.489,7.489,7.489,5.074562189054727,5.104,4.95,5.104
3,6.584014925373135,7.013,6.074,6.772,3.960935323383085,3.983,3.938,3.956
