Window,Mean Valence,Max Valence,Min Valence,Median Valence,Mean Arousal,Max Arousal,Min Arousal,Median Arousal
1,5.0,5.0,5.0,5.0,5.0,5.0,5.0,5.0
2,6.419039800995024,6.785,5.508,6.481,4.327109452736319,4.847,3.944,4.227
3,6.617631840796021,6.785,6.265,6.579,4.399169154228856,5.03,3.944,4.243
4,6.519427860696517,6.785,6.384,6.504,4.696935323383085,5.03,4.243,4.655
