Window,Mean Valence,Max Valence,Min Valence,Median Valence,Mean Arousal,Max Arousal,Min Arousal,Median Arousal
1,5.089626865671642,5.599,5.0,5.0,4.95792039800995,5.011,4.734,5.0
2,5.4713184079602,5.802,5.0,5.599,4.746940298507463,5.0,4.54,4.734
3,6.0493233830845785,7.04,4.787,6.018,5.609502487562189,5.932,5.403,5.607
