Window,Mean Valence,Max Valence,Min Valence,Median Valence,Mean Arousal,Max Arousal,Min Arousal,Median Arousal
1,7.538507462686568,7.539,7.536,7.539,4.060805970149254,4.062,4.058,4.062
2,7.415616915422887,7.536,7.373,7.377,4.061542288557215,4.064,4.051,4.064
3,7.327194029850746,7.377,7.198,7.373,3.9827164179104475,4.064,3.542,4.064
4,7.221298507462687,7.373,7.112,7.198,3.5643781094527367,4.064,3.126,3.542
5,7.102353233830846,7.112,7.085,7.106,3.317482587064677,3.341,3.315,3.315
6,5.835731343283583,5.84,5.796,5.84,3.4390049751243783,3.494,3.066,3.488
