Window,Mean Valence,Max Valence,Min Valence,Median Valence,Mean Arousal,Max Arousal,Min Arousal,Median Arousal
1,4.592960199004976,5.113,3.846,4.905,4.9273930348258705,5.315,4.814,5.0
2,5.009830845771145,5.144,4.905,5.0,4.989134328358209,5.321,4.696,5.0
3,2.1126169154228855,2.66,1.8,2.022,3.934427860696517,4.073,3.843,3.95
