Window,Mean Valence,Max Valence,Min Valence,Median Valence,Mean Arousal,Max Arousal,Min Arousal,Median Arousal
1,3.2467810945273636,3.378,3.029,3.269,2.6775124378109454,2.72,2.66,2.66
2,2.792676616915423,2.888,2.714,2.788,2.9977164179104476,3.01,2.96,3.01
3,2.716333333333333,2.788,2.621,2.714,3.009999999999999,3.01,3.01,3.01
