Window,Mean Valence,Max Valence,Min Valence,Median Valence,Mean Arousal,Max Arousal,Min Arousal,Median Arousal
1,5.0,5.0,5.0,5.0,4.995611940298507,5.0,4.828,5.0
2,4.915761194029851,5.013,4.633,4.92,3.0933283582089555,3.629,2.659,3.027
3,5.3081243781094525,5.573,5.258,5.298,3.278099502487562,3.952,2.993,3.284
