Window,Mean Valence,Max Valence,Min Valence,Median Valence,Mean Arousal,Max Arousal,Min Arousal,Median Arousal
1,6.563298507462687,6.763,6.396,6.531,3.0790796019900495,3.401,2.951,3.024
2,6.623228855721394,6.763,6.396,6.641,3.120303482587065,3.401,2.951,3.116
