Window,Mean Valence,Max Valence,Min Valence,Median Valence,Mean Arousal,Max Arousal,Min Arousal,Median Arousal
1,5.291542288557214,6.009,5.0,5.0,5.036517412935324,5.161,5.0,5.0
2,6.04939303482587,6.165,5.986,6.089,4.138701492537313,4.558,3.65,4.165
3,6.426000000000001,6.426,6.426,6.426,2.4836650000000002,2.507,2.462,2.471
