Window,Mean Valence,Max Valence,Min Valence,Median Valence,Mean Arousal,Max Arousal,Min Arousal,Median Arousal
1,7.153999999999997,7.154,7.154,7.154,3.6053034825870656,3.615,3.588,3.61
2,7.153999999999997,7.154,7.154,7.154,3.636845771144279,3.678,3.615,3.615
3,7.153999999999997,7.154,7.154,7.154,3.6681890547263674,3.678,3.615,3.678
