Window,Mean Valence,Max Valence,Min Valence,Median Valence,Mean Arousal,Max Arousal,Min Arousal,Median Arousal
1,5.973965174129354,6.801,5.0,6.334,5.3521592039801,5.857,4.661,5.57
2,7.022074626865671,7.736,6.61,6.934,2.651537313432836,3.809,0.5,3.729
